[0.000000] (-) TimerEvent: {}
[0.000101] (mj_sim) JobQueued: {'identifier': 'mj_sim', 'dependencies': OrderedDict()}
[0.000161] (real_robot) JobQueued: {'identifier': 'real_robot', 'dependencies': OrderedDict()}
[0.000197] (robot_msgs) JobQueued: {'identifier': 'robot_msgs', 'dependencies': OrderedDict()}
[0.000283] (screw_robot_control) JobQueued: {'identifier': 'screw_robot_control', 'dependencies': OrderedDict([('robot_msgs', '/home/yanji/robot_screwing/install/robot_msgs')])}
[0.000331] (robot_msgs) JobStarted: {'identifier': 'robot_msgs'}
[0.003772] (mj_sim) JobStarted: {'identifier': 'mj_sim'}
[0.007236] (real_robot) JobStarted: {'identifier': 'real_robot'}
[0.011654] (robot_msgs) JobProgress: {'identifier': 'robot_msgs', 'progress': 'cmake'}
[0.011976] (robot_msgs) JobProgress: {'identifier': 'robot_msgs', 'progress': 'build'}
[0.012273] (robot_msgs) Command: {'cmd': ['/usr/bin/cmake', '--build', '/home/yanji/robot_screwing/build/robot_msgs', '--', '-j24', '-l24'], 'cwd': '/home/yanji/robot_screwing/build/robot_msgs', 'env': OrderedDict([('LESSOPEN', '| /usr/bin/lesspipe %s'), ('LIBRARY_PATH', '/home/yanji/jaka_python:/home/yanji/jaka_python::/usr/local/cuda/lib64:/usr/local/cuda/lib64'), ('CONDA_PROMPT_MODIFIER', '(screwrobot)'), ('HTTPS_PROXY', 'http://127.0.0.1:7890/'), ('no_proxy', 'localhost,127.0.0.0/8,::1'), ('LANGUAGE', 'zh_CN:en'), ('USER', 'yanji'), ('LC_TIME', 'en_US.UTF-8'), ('all_proxy', 'socks://127.0.0.1:7891/'), ('SSH_AGENT_PID', '2030'), ('XDG_SESSION_TYPE', 'x11'), ('GIT_ASKPASS', '/usr/share/code/resources/app/extensions/git/dist/askpass.sh'), ('SHLVL', '2'), ('LD_LIBRARY_PATH', '/lib/x86_64-linux-gnu:/usr/lib/x86_64-linux-gnu:/home/yanji/robot_screwing/install/screw_robot_control/lib:/home/yanji/robot_screwing/install/robot_msgs/lib:/opt/ros/foxy/opt/yaml_cpp_vendor/lib:/opt/ros/foxy/opt/rviz_ogre_vendor/lib:/opt/ros/foxy/lib/x86_64-linux-gnu:/opt/ros/foxy/lib:/lib/x86_64-linux-gnu:/usr/lib/x86_64-linux-gnu::/usr/local/cuda/lib64:/usr/local/cuda/lib64'), ('HOME', '/home/yanji'), ('CHROME_DESKTOP', 'code.desktop'), ('CONDA_SHLVL', '1'), ('OLDPWD', '/home/yanji/robot_screwing/src'), ('TERM_PROGRAM_VERSION', '1.97.2'), ('DESKTOP_SESSION', 'ubuntu'), ('NO_PROXY', 'localhost,127.0.0.0/8,::1'), ('ROS_PYTHON_VERSION', '3'), ('GNOME_SHELL_SESSION_MODE', 'ubuntu'), ('GTK_MODULES', 'gail:atk-bridge'), ('XDG_SEAT_PATH', '/org/freedesktop/DisplayManager/Seat0'), ('VSCODE_GIT_ASKPASS_MAIN', '/usr/share/code/resources/app/extensions/git/dist/askpass-main.js'), ('LC_MONETARY', 'en_US.UTF-8'), ('VSCODE_GIT_ASKPASS_NODE', '/usr/share/code/code'), ('MANAGERPID', '1942'), ('PYDEVD_DISABLE_FILE_VALIDATION', '1'), ('BUNDLED_DEBUGPY_PATH', '/home/yanji/.vscode/extensions/ms-python.debugpy-2025.10.0-linux-x64/bundled/libs/debugpy'), ('DBUS_SESSION_BUS_ADDRESS', 'unix:path=/run/user/1000/bus'), ('COLORTERM', 'truecolor'), ('_CE_M', ''), ('IM_CONFIG_PHASE', '1'), ('https_proxy', 'http://127.0.0.1:7890/'), ('COLCON_PREFIX_PATH', '/home/yanji/robot_screwing/install'), ('ROS_DISTRO', 'foxy'), ('LOGNAME', 'yanji'), ('ALL_PROXY', 'socks://127.0.0.1:7891/'), ('http_proxy', 'http://127.0.0.1:7890/'), ('JOURNAL_STREAM', '8:62573'), ('_', '/usr/bin/colcon'), ('ROS_VERSION', '2'), ('XDG_SESSION_CLASS', 'user'), ('TERM', 'xterm-256color'), ('GNOME_DESKTOP_SESSION_ID', 'this-is-deprecated'), ('_CE_CONDA', ''), ('ROS_LOCALHOST_ONLY', '0'), ('PATH', '/home/yanji/anaconda3/envs/screwrobot/bin:/opt/ros/foxy/bin:/usr/lib/ccache:/home/yanji/anaconda3/envs/screwrobot/bin:/usr/lib/ccache:/home/yanji/anaconda3/condabin:/home/yanji/.local/bin:/usr/local/sbin:/usr/local/bin:/usr/sbin:/usr/bin:/sbin:/bin:/usr/games:/usr/local/games:/snap/bin:/usr/local/cuda/bin:/home/yanji/pycharm/bin:/home/yanji/.vscode/extensions/ms-python.debugpy-2025.10.0-linux-x64/bundled/scripts/noConfigScripts:/usr/local/cuda/bin:/home/yanji/pycharm/bin'), ('SESSION_MANAGER', 'local/yanji-server:@/tmp/.ICE-unix/2066,unix/yanji-server:/tmp/.ICE-unix/2066'), ('GDM_LANG', 'zh_CN'), ('INVOCATION_ID', '7d605fe84c3e49cabbdb23ff5b52dddb'), ('PAPERSIZE', 'letter'), ('XDG_SESSION_PATH', '/org/freedesktop/DisplayManager/Session0'), ('XDG_MENU_PREFIX', 'gnome-'), ('LC_ADDRESS', 'en_US.UTF-8'), ('GNOME_TERMINAL_SCREEN', '/org/gnome/Terminal/screen/74f246c2_f299_40e3_8e19_ce1c8425d4a0'), ('XDG_RUNTIME_DIR', '/run/user/1000'), ('GDK_BACKEND', 'x11'), ('DISPLAY', ':0'), ('VSCODE_DEBUGPY_ADAPTER_ENDPOINTS', '/home/yanji/.vscode/extensions/ms-python.debugpy-2025.10.0-linux-x64/.noConfigDebugAdapterEndpoints/endpoint-35e173d817dea6ca.txt'), ('LANG', 'zh_CN.UTF-8'), ('XDG_CURRENT_DESKTOP', 'Unity'), ('LC_TELEPHONE', 'en_US.UTF-8'), ('XMODIFIERS', '@im=ibus'), ('XDG_SESSION_DESKTOP', 'ubuntu'), ('XAUTHORITY', '/home/yanji/.Xauthority'), ('LS_COLORS', 'rs=0:di=01;34:ln=01;36:mh=00:pi=40;33:so=01;35:do=01;35:bd=40;33;01:cd=40;33;01:or=40;31;01:mi=00:su=37;41:sg=30;43:ca=30;41:tw=30;42:ow=34;42:st=37;44:ex=01;32:*.tar=01;31:*.tgz=01;31:*.arc=01;31:*.arj=01;31:*.taz=01;31:*.lha=01;31:*.lz4=01;31:*.lzh=01;31:*.lzma=01;31:*.tlz=01;31:*.txz=01;31:*.tzo=01;31:*.t7z=01;31:*.zip=01;31:*.z=01;31:*.dz=01;31:*.gz=01;31:*.lrz=01;31:*.lz=01;31:*.lzo=01;31:*.xz=01;31:*.zst=01;31:*.tzst=01;31:*.bz2=01;31:*.bz=01;31:*.tbz=01;31:*.tbz2=01;31:*.tz=01;31:*.deb=01;31:*.rpm=01;31:*.jar=01;31:*.war=01;31:*.ear=01;31:*.sar=01;31:*.rar=01;31:*.alz=01;31:*.ace=01;31:*.zoo=01;31:*.cpio=01;31:*.7z=01;31:*.rz=01;31:*.cab=01;31:*.wim=01;31:*.swm=01;31:*.dwm=01;31:*.esd=01;31:*.jpg=01;35:*.jpeg=01;35:*.mjpg=01;35:*.mjpeg=01;35:*.gif=01;35:*.bmp=01;35:*.pbm=01;35:*.pgm=01;35:*.ppm=01;35:*.tga=01;35:*.xbm=01;35:*.xpm=01;35:*.tif=01;35:*.tiff=01;35:*.png=01;35:*.svg=01;35:*.svgz=01;35:*.mng=01;35:*.pcx=01;35:*.mov=01;35:*.mpg=01;35:*.mpeg=01;35:*.m2v=01;35:*.mkv=01;35:*.webm=01;35:*.ogm=01;35:*.mp4=01;35:*.m4v=01;35:*.mp4v=01;35:*.vob=01;35:*.qt=01;35:*.nuv=01;35:*.wmv=01;35:*.asf=01;35:*.rm=01;35:*.rmvb=01;35:*.flc=01;35:*.avi=01;35:*.fli=01;35:*.flv=01;35:*.gl=01;35:*.dl=01;35:*.xcf=01;35:*.xwd=01;35:*.yuv=01;35:*.cgm=01;35:*.emf=01;35:*.ogv=01;35:*.ogx=01;35:*.aac=00;36:*.au=00;36:*.flac=00;36:*.m4a=00;36:*.mid=00;36:*.midi=00;36:*.mka=00;36:*.mp3=00;36:*.mpc=00;36:*.ogg=00;36:*.ra=00;36:*.wav=00;36:*.oga=00;36:*.opus=00;36:*.spx=00;36:*.xspf=00;36:'), ('VSCODE_GIT_IPC_HANDLE', '/run/user/1000/vscode-git-51992ed709.sock'), ('GNOME_TERMINAL_SERVICE', ':1.82'), ('TERM_PROGRAM', 'vscode'), ('SSH_AUTH_SOCK', '/run/user/1000/keyring/ssh'), ('XDG_GREETER_DATA_DIR', '/var/lib/lightdm-data/yanji'), ('AMENT_PREFIX_PATH', '/home/yanji/robot_screwing/install/screw_robot_control:/home/yanji/robot_screwing/install/robot_msgs:/home/yanji/robot_screwing/install/real_robot:/home/yanji/robot_screwing/install/mj_sim:/opt/ros/foxy'), ('CONDA_PYTHON_EXE', '/home/yanji/anaconda3/bin/python'), ('ORIGINAL_XDG_CURRENT_DESKTOP', 'ubuntu:GNOME'), ('SHELL', '/bin/bash'), ('LC_NAME', 'en_US.UTF-8'), ('QT_ACCESSIBILITY', '1'), ('GDMSESSION', 'ubuntu'), ('LESSCLOSE', '/usr/bin/lesspipe %s %s'), ('CONDA_DEFAULT_ENV', 'screwrobot'), ('LC_MEASUREMENT', 'en_US.UTF-8'), ('GPG_AGENT_INFO', '/run/user/1000/gnupg/S.gpg-agent:0:1'), ('LC_IDENTIFICATION', 'en_US.UTF-8'), ('VSCODE_GIT_ASKPASS_EXTRA_ARGS', ''), ('QT_IM_MODULE', 'ibus'), ('PWD', '/home/yanji/robot_screwing/build/robot_msgs'), ('LC_ALL', 'en_US.UTF-8'), ('XDG_CONFIG_DIRS', '/etc/xdg/xdg-ubuntu:/etc/xdg'), ('CONDA_EXE', '/home/yanji/anaconda3/bin/conda'), ('XDG_DATA_DIRS', '/usr/share/ubuntu:/home/yanji/.local/share/flatpak/exports/share:/var/lib/flatpak/exports/share:/usr/local/share:/usr/share:/var/lib/snapd/desktop'), ('PYTHONPATH', '/home/yanji/robot_screwing/install/robot_msgs/lib/python3.8/site-packages:/home/yanji/robot_screwing/install/real_robot/lib/python3.8/site-packages:/home/yanji/robot_screwing/install/mj_sim/lib/python3.8/site-packages:/opt/ros/foxy/lib/python3.8/site-packages'), ('HTTP_PROXY', 'http://127.0.0.1:7890/'), ('LC_NUMERIC', 'en_US.UTF-8'), ('CONDA_PREFIX', '/home/yanji/anaconda3/envs/screwrobot'), ('LC_PAPER', 'en_US.UTF-8'), ('COLCON', '1'), ('VTE_VERSION', '6003'), ('CMAKE_PREFIX_PATH', '/home/yanji/robot_screwing/install/screw_robot_control:/home/yanji/robot_screwing/install/robot_msgs:/home/yanji/robot_screwing/install/real_robot:/home/yanji/robot_screwing/install/mj_sim:/opt/ros/foxy')]), 'shell': False}
[0.100005] (-) TimerEvent: {}
[0.200397] (-) TimerEvent: {}
[0.246101] (robot_msgs) StdoutLine: {'line': b'[  1%] Built target robot_msgs__cpp\n'}
[0.247505] (robot_msgs) StdoutLine: {'line': b'[ 12%] Built target robot_msgs__rosidl_generator_c\n'}
[0.247630] (robot_msgs) StdoutLine: {'line': b'[ 24%] Built target robot_msgs__rosidl_typesupport_introspection_cpp\n'}
[0.247691] (robot_msgs) StdoutLine: {'line': b'[ 35%] Built target robot_msgs__rosidl_typesupport_cpp\n'}
[0.248432] (robot_msgs) StdoutLine: {'line': b'[ 47%] Built target robot_msgs__rosidl_typesupport_introspection_c\n'}
[0.248493] (robot_msgs) StdoutLine: {'line': b'[ 58%] Built target robot_msgs__rosidl_typesupport_fastrtps_cpp\n'}
[0.248540] (robot_msgs) StdoutLine: {'line': b'[ 70%] Built target robot_msgs__rosidl_typesupport_c\n'}
[0.248582] (robot_msgs) StdoutLine: {'line': b'[ 82%] Built target robot_msgs__rosidl_typesupport_fastrtps_c\n'}
[0.248622] (robot_msgs) StdoutLine: {'line': b'[ 82%] Built target robot_msgs\n'}
[0.248661] (robot_msgs) StdoutLine: {'line': b'[ 83%] Built target robot_msgs__py\n'}
[0.248701] (robot_msgs) StdoutLine: {'line': b'[ 93%] Built target robot_msgs__python\n'}
[0.248742] (robot_msgs) StdoutLine: {'line': b'[ 95%] Built target robot_msgs__rosidl_typesupport_c__pyext\n'}
[0.248776] (robot_msgs) StdoutLine: {'line': b'[ 97%] Built target robot_msgs__rosidl_typesupport_introspection_c__pyext\n'}
[0.248810] (robot_msgs) StdoutLine: {'line': b'[100%] Built target robot_msgs__rosidl_typesupport_fastrtps_c__pyext\n'}
[0.248851] (robot_msgs) CommandEnded: {'returncode': 0}
[0.249221] (robot_msgs) JobProgress: {'identifier': 'robot_msgs', 'progress': 'install'}
[0.251655] (robot_msgs) Command: {'cmd': ['/usr/bin/cmake', '--install', '/home/yanji/robot_screwing/build/robot_msgs'], 'cwd': '/home/yanji/robot_screwing/build/robot_msgs', 'env': OrderedDict([('LESSOPEN', '| /usr/bin/lesspipe %s'), ('LIBRARY_PATH', '/home/yanji/jaka_python:/home/yanji/jaka_python::/usr/local/cuda/lib64:/usr/local/cuda/lib64'), ('CONDA_PROMPT_MODIFIER', '(screwrobot)'), ('HTTPS_PROXY', 'http://127.0.0.1:7890/'), ('no_proxy', 'localhost,127.0.0.0/8,::1'), ('LANGUAGE', 'zh_CN:en'), ('USER', 'yanji'), ('LC_TIME', 'en_US.UTF-8'), ('all_proxy', 'socks://127.0.0.1:7891/'), ('SSH_AGENT_PID', '2030'), ('XDG_SESSION_TYPE', 'x11'), ('GIT_ASKPASS', '/usr/share/code/resources/app/extensions/git/dist/askpass.sh'), ('SHLVL', '2'), ('LD_LIBRARY_PATH', '/lib/x86_64-linux-gnu:/usr/lib/x86_64-linux-gnu:/home/yanji/robot_screwing/install/screw_robot_control/lib:/home/yanji/robot_screwing/install/robot_msgs/lib:/opt/ros/foxy/opt/yaml_cpp_vendor/lib:/opt/ros/foxy/opt/rviz_ogre_vendor/lib:/opt/ros/foxy/lib/x86_64-linux-gnu:/opt/ros/foxy/lib:/lib/x86_64-linux-gnu:/usr/lib/x86_64-linux-gnu::/usr/local/cuda/lib64:/usr/local/cuda/lib64'), ('HOME', '/home/yanji'), ('CHROME_DESKTOP', 'code.desktop'), ('CONDA_SHLVL', '1'), ('OLDPWD', '/home/yanji/robot_screwing/src'), ('TERM_PROGRAM_VERSION', '1.97.2'), ('DESKTOP_SESSION', 'ubuntu'), ('NO_PROXY', 'localhost,127.0.0.0/8,::1'), ('ROS_PYTHON_VERSION', '3'), ('GNOME_SHELL_SESSION_MODE', 'ubuntu'), ('GTK_MODULES', 'gail:atk-bridge'), ('XDG_SEAT_PATH', '/org/freedesktop/DisplayManager/Seat0'), ('VSCODE_GIT_ASKPASS_MAIN', '/usr/share/code/resources/app/extensions/git/dist/askpass-main.js'), ('LC_MONETARY', 'en_US.UTF-8'), ('VSCODE_GIT_ASKPASS_NODE', '/usr/share/code/code'), ('MANAGERPID', '1942'), ('PYDEVD_DISABLE_FILE_VALIDATION', '1'), ('BUNDLED_DEBUGPY_PATH', '/home/yanji/.vscode/extensions/ms-python.debugpy-2025.10.0-linux-x64/bundled/libs/debugpy'), ('DBUS_SESSION_BUS_ADDRESS', 'unix:path=/run/user/1000/bus'), ('COLORTERM', 'truecolor'), ('_CE_M', ''), ('IM_CONFIG_PHASE', '1'), ('https_proxy', 'http://127.0.0.1:7890/'), ('COLCON_PREFIX_PATH', '/home/yanji/robot_screwing/install'), ('ROS_DISTRO', 'foxy'), ('LOGNAME', 'yanji'), ('ALL_PROXY', 'socks://127.0.0.1:7891/'), ('http_proxy', 'http://127.0.0.1:7890/'), ('JOURNAL_STREAM', '8:62573'), ('_', '/usr/bin/colcon'), ('ROS_VERSION', '2'), ('XDG_SESSION_CLASS', 'user'), ('TERM', 'xterm-256color'), ('GNOME_DESKTOP_SESSION_ID', 'this-is-deprecated'), ('_CE_CONDA', ''), ('ROS_LOCALHOST_ONLY', '0'), ('PATH', '/home/yanji/anaconda3/envs/screwrobot/bin:/opt/ros/foxy/bin:/usr/lib/ccache:/home/yanji/anaconda3/envs/screwrobot/bin:/usr/lib/ccache:/home/yanji/anaconda3/condabin:/home/yanji/.local/bin:/usr/local/sbin:/usr/local/bin:/usr/sbin:/usr/bin:/sbin:/bin:/usr/games:/usr/local/games:/snap/bin:/usr/local/cuda/bin:/home/yanji/pycharm/bin:/home/yanji/.vscode/extensions/ms-python.debugpy-2025.10.0-linux-x64/bundled/scripts/noConfigScripts:/usr/local/cuda/bin:/home/yanji/pycharm/bin'), ('SESSION_MANAGER', 'local/yanji-server:@/tmp/.ICE-unix/2066,unix/yanji-server:/tmp/.ICE-unix/2066'), ('GDM_LANG', 'zh_CN'), ('INVOCATION_ID', '7d605fe84c3e49cabbdb23ff5b52dddb'), ('PAPERSIZE', 'letter'), ('XDG_SESSION_PATH', '/org/freedesktop/DisplayManager/Session0'), ('XDG_MENU_PREFIX', 'gnome-'), ('LC_ADDRESS', 'en_US.UTF-8'), ('GNOME_TERMINAL_SCREEN', '/org/gnome/Terminal/screen/74f246c2_f299_40e3_8e19_ce1c8425d4a0'), ('XDG_RUNTIME_DIR', '/run/user/1000'), ('GDK_BACKEND', 'x11'), ('DISPLAY', ':0'), ('VSCODE_DEBUGPY_ADAPTER_ENDPOINTS', '/home/yanji/.vscode/extensions/ms-python.debugpy-2025.10.0-linux-x64/.noConfigDebugAdapterEndpoints/endpoint-35e173d817dea6ca.txt'), ('LANG', 'zh_CN.UTF-8'), ('XDG_CURRENT_DESKTOP', 'Unity'), ('LC_TELEPHONE', 'en_US.UTF-8'), ('XMODIFIERS', '@im=ibus'), ('XDG_SESSION_DESKTOP', 'ubuntu'), ('XAUTHORITY', '/home/yanji/.Xauthority'), ('LS_COLORS', 'rs=0:di=01;34:ln=01;36:mh=00:pi=40;33:so=01;35:do=01;35:bd=40;33;01:cd=40;33;01:or=40;31;01:mi=00:su=37;41:sg=30;43:ca=30;41:tw=30;42:ow=34;42:st=37;44:ex=01;32:*.tar=01;31:*.tgz=01;31:*.arc=01;31:*.arj=01;31:*.taz=01;31:*.lha=01;31:*.lz4=01;31:*.lzh=01;31:*.lzma=01;31:*.tlz=01;31:*.txz=01;31:*.tzo=01;31:*.t7z=01;31:*.zip=01;31:*.z=01;31:*.dz=01;31:*.gz=01;31:*.lrz=01;31:*.lz=01;31:*.lzo=01;31:*.xz=01;31:*.zst=01;31:*.tzst=01;31:*.bz2=01;31:*.bz=01;31:*.tbz=01;31:*.tbz2=01;31:*.tz=01;31:*.deb=01;31:*.rpm=01;31:*.jar=01;31:*.war=01;31:*.ear=01;31:*.sar=01;31:*.rar=01;31:*.alz=01;31:*.ace=01;31:*.zoo=01;31:*.cpio=01;31:*.7z=01;31:*.rz=01;31:*.cab=01;31:*.wim=01;31:*.swm=01;31:*.dwm=01;31:*.esd=01;31:*.jpg=01;35:*.jpeg=01;35:*.mjpg=01;35:*.mjpeg=01;35:*.gif=01;35:*.bmp=01;35:*.pbm=01;35:*.pgm=01;35:*.ppm=01;35:*.tga=01;35:*.xbm=01;35:*.xpm=01;35:*.tif=01;35:*.tiff=01;35:*.png=01;35:*.svg=01;35:*.svgz=01;35:*.mng=01;35:*.pcx=01;35:*.mov=01;35:*.mpg=01;35:*.mpeg=01;35:*.m2v=01;35:*.mkv=01;35:*.webm=01;35:*.ogm=01;35:*.mp4=01;35:*.m4v=01;35:*.mp4v=01;35:*.vob=01;35:*.qt=01;35:*.nuv=01;35:*.wmv=01;35:*.asf=01;35:*.rm=01;35:*.rmvb=01;35:*.flc=01;35:*.avi=01;35:*.fli=01;35:*.flv=01;35:*.gl=01;35:*.dl=01;35:*.xcf=01;35:*.xwd=01;35:*.yuv=01;35:*.cgm=01;35:*.emf=01;35:*.ogv=01;35:*.ogx=01;35:*.aac=00;36:*.au=00;36:*.flac=00;36:*.m4a=00;36:*.mid=00;36:*.midi=00;36:*.mka=00;36:*.mp3=00;36:*.mpc=00;36:*.ogg=00;36:*.ra=00;36:*.wav=00;36:*.oga=00;36:*.opus=00;36:*.spx=00;36:*.xspf=00;36:'), ('VSCODE_GIT_IPC_HANDLE', '/run/user/1000/vscode-git-51992ed709.sock'), ('GNOME_TERMINAL_SERVICE', ':1.82'), ('TERM_PROGRAM', 'vscode'), ('SSH_AUTH_SOCK', '/run/user/1000/keyring/ssh'), ('XDG_GREETER_DATA_DIR', '/var/lib/lightdm-data/yanji'), ('AMENT_PREFIX_PATH', '/home/yanji/robot_screwing/install/screw_robot_control:/home/yanji/robot_screwing/install/robot_msgs:/home/yanji/robot_screwing/install/real_robot:/home/yanji/robot_screwing/install/mj_sim:/opt/ros/foxy'), ('CONDA_PYTHON_EXE', '/home/yanji/anaconda3/bin/python'), ('ORIGINAL_XDG_CURRENT_DESKTOP', 'ubuntu:GNOME'), ('SHELL', '/bin/bash'), ('LC_NAME', 'en_US.UTF-8'), ('QT_ACCESSIBILITY', '1'), ('GDMSESSION', 'ubuntu'), ('LESSCLOSE', '/usr/bin/lesspipe %s %s'), ('CONDA_DEFAULT_ENV', 'screwrobot'), ('LC_MEASUREMENT', 'en_US.UTF-8'), ('GPG_AGENT_INFO', '/run/user/1000/gnupg/S.gpg-agent:0:1'), ('LC_IDENTIFICATION', 'en_US.UTF-8'), ('VSCODE_GIT_ASKPASS_EXTRA_ARGS', ''), ('QT_IM_MODULE', 'ibus'), ('PWD', '/home/yanji/robot_screwing/build/robot_msgs'), ('LC_ALL', 'en_US.UTF-8'), ('XDG_CONFIG_DIRS', '/etc/xdg/xdg-ubuntu:/etc/xdg'), ('CONDA_EXE', '/home/yanji/anaconda3/bin/conda'), ('XDG_DATA_DIRS', '/usr/share/ubuntu:/home/yanji/.local/share/flatpak/exports/share:/var/lib/flatpak/exports/share:/usr/local/share:/usr/share:/var/lib/snapd/desktop'), ('PYTHONPATH', '/home/yanji/robot_screwing/install/robot_msgs/lib/python3.8/site-packages:/home/yanji/robot_screwing/install/real_robot/lib/python3.8/site-packages:/home/yanji/robot_screwing/install/mj_sim/lib/python3.8/site-packages:/opt/ros/foxy/lib/python3.8/site-packages'), ('HTTP_PROXY', 'http://127.0.0.1:7890/'), ('LC_NUMERIC', 'en_US.UTF-8'), ('CONDA_PREFIX', '/home/yanji/anaconda3/envs/screwrobot'), ('LC_PAPER', 'en_US.UTF-8'), ('COLCON', '1'), ('VTE_VERSION', '6003'), ('CMAKE_PREFIX_PATH', '/home/yanji/robot_screwing/install/screw_robot_control:/home/yanji/robot_screwing/install/robot_msgs:/home/yanji/robot_screwing/install/real_robot:/home/yanji/robot_screwing/install/mj_sim:/opt/ros/foxy')]), 'shell': False}
[0.256488] (robot_msgs) StdoutLine: {'line': b'-- Install configuration: ""\n'}
[0.256880] (robot_msgs) StdoutLine: {'line': b'-- Up-to-date: /home/yanji/robot_screwing/install/robot_msgs/share/ament_index/resource_index/rosidl_interfaces/robot_msgs\n'}
[0.257403] (robot_msgs) StdoutLine: {'line': b'-- Up-to-date: /home/yanji/robot_screwing/install/robot_msgs/include/robot_msgs\n'}
[0.257487] (robot_msgs) StdoutLine: {'line': b'-- Up-to-date: /home/yanji/robot_screwing/install/robot_msgs/include/robot_msgs/srv\n'}
[0.257536] (robot_msgs) StdoutLine: {'line': b'-- Up-to-date: /home/yanji/robot_screwing/install/robot_msgs/include/robot_msgs/srv/detail\n'}
[0.257587] (robot_msgs) StdoutLine: {'line': b'-- Up-to-date: /home/yanji/robot_screwing/install/robot_msgs/include/robot_msgs/srv/detail/start_rotation__functions.c\n'}
[0.257633] (robot_msgs) StdoutLine: {'line': b'-- Up-to-date: /home/yanji/robot_screwing/install/robot_msgs/include/robot_msgs/srv/detail/start_pose__type_support.h\n'}
[0.257673] (robot_msgs) StdoutLine: {'line': b'-- Up-to-date: /home/yanji/robot_screwing/install/robot_msgs/include/robot_msgs/srv/detail/start_rotation__struct.h\n'}
[0.257697] (robot_msgs) StdoutLine: {'line': b'-- Up-to-date: /home/yanji/robot_screwing/install/robot_msgs/include/robot_msgs/srv/detail/start_pose__functions.h\n'}
[0.257721] (robot_msgs) StdoutLine: {'line': b'-- Up-to-date: /home/yanji/robot_screwing/install/robot_msgs/include/robot_msgs/srv/detail/start_pose__struct.h\n'}
[0.257745] (robot_msgs) StdoutLine: {'line': b'-- Up-to-date: /home/yanji/robot_screwing/install/robot_msgs/include/robot_msgs/srv/detail/start_pose__functions.c\n'}
[0.257778] (robot_msgs) StdoutLine: {'line': b'-- Up-to-date: /home/yanji/robot_screwing/install/robot_msgs/include/robot_msgs/srv/detail/start_rotation__functions.h\n'}
[0.257800] (robot_msgs) StdoutLine: {'line': b'-- Up-to-date: /home/yanji/robot_screwing/install/robot_msgs/include/robot_msgs/srv/detail/start_rotation__type_support.h\n'}
[0.257823] (robot_msgs) StdoutLine: {'line': b'-- Up-to-date: /home/yanji/robot_screwing/install/robot_msgs/include/robot_msgs/srv/start_pose.h\n'}
[0.257861] (robot_msgs) StdoutLine: {'line': b'-- Up-to-date: /home/yanji/robot_screwing/install/robot_msgs/include/robot_msgs/srv/start_rotation.h\n'}
[0.257899] (robot_msgs) StdoutLine: {'line': b'-- Up-to-date: /home/yanji/robot_screwing/install/robot_msgs/include/robot_msgs/action\n'}
[0.257947] (robot_msgs) StdoutLine: {'line': b'-- Up-to-date: /home/yanji/robot_screwing/install/robot_msgs/include/robot_msgs/action/detail\n'}
[0.257986] (robot_msgs) StdoutLine: {'line': b'-- Up-to-date: /home/yanji/robot_screwing/install/robot_msgs/include/robot_msgs/action/detail/screw__struct.h\n'}
[0.258039] (robot_msgs) StdoutLine: {'line': b'-- Up-to-date: /home/yanji/robot_screwing/install/robot_msgs/include/robot_msgs/action/detail/screw__functions.c\n'}
[0.258078] (robot_msgs) StdoutLine: {'line': b'-- Up-to-date: /home/yanji/robot_screwing/install/robot_msgs/include/robot_msgs/action/detail/screw__functions.h\n'}
[0.258108] (robot_msgs) StdoutLine: {'line': b'-- Up-to-date: /home/yanji/robot_screwing/install/robot_msgs/include/robot_msgs/action/detail/screw__type_support.h\n'}
[0.258133] (robot_msgs) StdoutLine: {'line': b'-- Up-to-date: /home/yanji/robot_screwing/install/robot_msgs/include/robot_msgs/action/screw.h\n'}
[0.258166] (robot_msgs) StdoutLine: {'line': b'-- Up-to-date: /home/yanji/robot_screwing/install/robot_msgs/include/robot_msgs/msg\n'}
[0.258189] (robot_msgs) StdoutLine: {'line': b'-- Up-to-date: /home/yanji/robot_screwing/install/robot_msgs/include/robot_msgs/msg/detail\n'}
[0.258213] (robot_msgs) StdoutLine: {'line': b'-- Up-to-date: /home/yanji/robot_screwing/install/robot_msgs/include/robot_msgs/msg/detail/current_pub__struct.h\n'}
[0.258236] (robot_msgs) StdoutLine: {'line': b'-- Up-to-date: /home/yanji/robot_screwing/install/robot_msgs/include/robot_msgs/msg/detail/current_pub__functions.h\n'}
[0.258259] (robot_msgs) StdoutLine: {'line': b'-- Up-to-date: /home/yanji/robot_screwing/install/robot_msgs/include/robot_msgs/msg/detail/robot_status__functions.h\n'}
[0.258282] (robot_msgs) StdoutLine: {'line': b'-- Up-to-date: /home/yanji/robot_screwing/install/robot_msgs/include/robot_msgs/msg/detail/ft_pub__functions.h\n'}
[0.258331] (robot_msgs) StdoutLine: {'line': b'-- Up-to-date: /home/yanji/robot_screwing/install/robot_msgs/include/robot_msgs/msg/detail/ref_status__functions.h\n'}
[0.258365] (robot_msgs) StdoutLine: {'line': b'-- Up-to-date: /home/yanji/robot_screwing/install/robot_msgs/include/robot_msgs/msg/detail/width_pub__type_support.h\n'}
[0.258393] (robot_msgs) StdoutLine: {'line': b'-- Up-to-date: /home/yanji/robot_screwing/install/robot_msgs/include/robot_msgs/msg/detail/control_command__type_support.h\n'}
[0.258434] (robot_msgs) StdoutLine: {'line': b'-- Up-to-date: /home/yanji/robot_screwing/install/robot_msgs/include/robot_msgs/msg/detail/control_command__functions.h\n'}
[0.258506] (robot_msgs) StdoutLine: {'line': b'-- Up-to-date: /home/yanji/robot_screwing/install/robot_msgs/include/robot_msgs/msg/detail/ft_pub__functions.c\n'}
[0.258533] (robot_msgs) StdoutLine: {'line': b'-- Up-to-date: /home/yanji/robot_screwing/install/robot_msgs/include/robot_msgs/msg/detail/width_pub__struct.h\n'}
[0.258560] (robot_msgs) StdoutLine: {'line': b'-- Up-to-date: /home/yanji/robot_screwing/install/robot_msgs/include/robot_msgs/msg/detail/control_command__functions.c\n'}
[0.258586] (robot_msgs) StdoutLine: {'line': b'-- Up-to-date: /home/yanji/robot_screwing/install/robot_msgs/include/robot_msgs/msg/detail/control_command__struct.h\n'}
[0.258613] (robot_msgs) StdoutLine: {'line': b'-- Up-to-date: /home/yanji/robot_screwing/install/robot_msgs/include/robot_msgs/msg/detail/robot_status__struct.h\n'}
[0.258639] (robot_msgs) StdoutLine: {'line': b'-- Up-to-date: /home/yanji/robot_screwing/install/robot_msgs/include/robot_msgs/msg/detail/width_pub__functions.h\n'}
[0.258664] (robot_msgs) StdoutLine: {'line': b'-- Up-to-date: /home/yanji/robot_screwing/install/robot_msgs/include/robot_msgs/msg/detail/robot_status__type_support.h\n'}
[0.258690] (robot_msgs) StdoutLine: {'line': b'-- Up-to-date: /home/yanji/robot_screwing/install/robot_msgs/include/robot_msgs/msg/detail/ft_pub__type_support.h\n'}
[0.258715] (robot_msgs) StdoutLine: {'line': b'-- Up-to-date: /home/yanji/robot_screwing/install/robot_msgs/include/robot_msgs/msg/detail/ref_status__type_support.h\n'}
[0.258741] (robot_msgs) StdoutLine: {'line': b'-- Up-to-date: /home/yanji/robot_screwing/install/robot_msgs/include/robot_msgs/msg/detail/current_pub__functions.c\n'}
[0.258862] (robot_msgs) StdoutLine: {'line': b'-- Up-to-date: /home/yanji/robot_screwing/install/robot_msgs/include/robot_msgs/msg/detail/current_pub__type_support.h\n'}
[0.258889] (robot_msgs) StdoutLine: {'line': b'-- Up-to-date: /home/yanji/robot_screwing/install/robot_msgs/include/robot_msgs/msg/detail/robot_status__functions.c\n'}
[0.258948] (robot_msgs) StdoutLine: {'line': b'-- Up-to-date: /home/yanji/robot_screwing/install/robot_msgs/include/robot_msgs/msg/detail/width_pub__functions.c\n'}
[0.259016] (robot_msgs) StdoutLine: {'line': b'-- Up-to-date: /home/yanji/robot_screwing/install/robot_msgs/include/robot_msgs/msg/detail/ft_pub__struct.h\n'}
[0.259094] (robot_msgs) StdoutLine: {'line': b'-- Up-to-date: /home/yanji/robot_screwing/install/robot_msgs/include/robot_msgs/msg/detail/ref_status__functions.c\n'}
[0.259118] (robot_msgs) StdoutLine: {'line': b'-- Up-to-date: /home/yanji/robot_screwing/install/robot_msgs/include/robot_msgs/msg/detail/ref_status__struct.h\n'}
[0.259153] (robot_msgs) StdoutLine: {'line': b'-- Up-to-date: /home/yanji/robot_screwing/install/robot_msgs/include/robot_msgs/msg/robot_status.h\n'}
[0.259177] (robot_msgs) StdoutLine: {'line': b'-- Up-to-date: /home/yanji/robot_screwing/install/robot_msgs/include/robot_msgs/msg/control_command.h\n'}
[0.259199] (robot_msgs) StdoutLine: {'line': b'-- Up-to-date: /home/yanji/robot_screwing/install/robot_msgs/include/robot_msgs/msg/rosidl_generator_c__visibility_control.h\n'}
[0.259221] (robot_msgs) StdoutLine: {'line': b'-- Up-to-date: /home/yanji/robot_screwing/install/robot_msgs/include/robot_msgs/msg/current_pub.h\n'}
[0.259243] (robot_msgs) StdoutLine: {'line': b'-- Up-to-date: /home/yanji/robot_screwing/install/robot_msgs/include/robot_msgs/msg/width_pub.h\n'}
[0.259264] (robot_msgs) StdoutLine: {'line': b'-- Up-to-date: /home/yanji/robot_screwing/install/robot_msgs/include/robot_msgs/msg/ref_status.h\n'}
[0.259288] (robot_msgs) StdoutLine: {'line': b'-- Up-to-date: /home/yanji/robot_screwing/install/robot_msgs/include/robot_msgs/msg/ft_pub.h\n'}
[0.259312] (robot_msgs) StdoutLine: {'line': b'-- Up-to-date: /home/yanji/robot_screwing/install/robot_msgs/share/robot_msgs/environment/library_path.sh\n'}
[0.259337] (robot_msgs) StdoutLine: {'line': b'-- Up-to-date: /home/yanji/robot_screwing/install/robot_msgs/share/robot_msgs/environment/library_path.dsv\n'}
[0.259373] (robot_msgs) StdoutLine: {'line': b'-- Up-to-date: /home/yanji/robot_screwing/install/robot_msgs/lib/librobot_msgs__rosidl_generator_c.so\n'}
[0.259399] (robot_msgs) StdoutLine: {'line': b'-- Up-to-date: /home/yanji/robot_screwing/install/robot_msgs/include/robot_msgs\n'}
[0.259426] (robot_msgs) StdoutLine: {'line': b'-- Up-to-date: /home/yanji/robot_screwing/install/robot_msgs/include/robot_msgs/srv\n'}
[0.259453] (robot_msgs) StdoutLine: {'line': b'-- Up-to-date: /home/yanji/robot_screwing/install/robot_msgs/include/robot_msgs/srv/detail\n'}
[0.259479] (robot_msgs) StdoutLine: {'line': b'-- Up-to-date: /home/yanji/robot_screwing/install/robot_msgs/include/robot_msgs/srv/detail/start_rotation__rosidl_typesupport_fastrtps_c.h\n'}
[0.259507] (robot_msgs) StdoutLine: {'line': b'-- Up-to-date: /home/yanji/robot_screwing/install/robot_msgs/include/robot_msgs/srv/detail/start_pose__rosidl_typesupport_fastrtps_c.h\n'}
[0.259534] (robot_msgs) StdoutLine: {'line': b'-- Up-to-date: /home/yanji/robot_screwing/install/robot_msgs/include/robot_msgs/action\n'}
[0.259561] (robot_msgs) StdoutLine: {'line': b'-- Up-to-date: /home/yanji/robot_screwing/install/robot_msgs/include/robot_msgs/action/detail\n'}
[0.259588] (robot_msgs) StdoutLine: {'line': b'-- Up-to-date: /home/yanji/robot_screwing/install/robot_msgs/include/robot_msgs/action/detail/screw__rosidl_typesupport_fastrtps_c.h\n'}
[0.259614] (robot_msgs) StdoutLine: {'line': b'-- Up-to-date: /home/yanji/robot_screwing/install/robot_msgs/include/robot_msgs/msg\n'}
[0.259640] (robot_msgs) StdoutLine: {'line': b'-- Up-to-date: /home/yanji/robot_screwing/install/robot_msgs/include/robot_msgs/msg/detail\n'}
[0.259666] (robot_msgs) StdoutLine: {'line': b'-- Up-to-date: /home/yanji/robot_screwing/install/robot_msgs/include/robot_msgs/msg/detail/current_pub__rosidl_typesupport_fastrtps_c.h\n'}
[0.259692] (robot_msgs) StdoutLine: {'line': b'-- Up-to-date: /home/yanji/robot_screwing/install/robot_msgs/include/robot_msgs/msg/detail/control_command__rosidl_typesupport_fastrtps_c.h\n'}
[0.259746] (robot_msgs) StdoutLine: {'line': b'-- Up-to-date: /home/yanji/robot_screwing/install/robot_msgs/include/robot_msgs/msg/detail/width_pub__rosidl_typesupport_fastrtps_c.h\n'}
[0.259771] (robot_msgs) StdoutLine: {'line': b'-- Up-to-date: /home/yanji/robot_screwing/install/robot_msgs/include/robot_msgs/msg/detail/ref_status__rosidl_typesupport_fastrtps_c.h\n'}
[0.259794] (robot_msgs) StdoutLine: {'line': b'-- Up-to-date: /home/yanji/robot_screwing/install/robot_msgs/include/robot_msgs/msg/detail/ft_pub__rosidl_typesupport_fastrtps_c.h\n'}
[0.259817] (robot_msgs) StdoutLine: {'line': b'-- Up-to-date: /home/yanji/robot_screwing/install/robot_msgs/include/robot_msgs/msg/detail/robot_status__rosidl_typesupport_fastrtps_c.h\n'}
[0.259840] (robot_msgs) StdoutLine: {'line': b'-- Up-to-date: /home/yanji/robot_screwing/install/robot_msgs/include/robot_msgs/msg/rosidl_typesupport_fastrtps_c__visibility_control.h\n'}
[0.259862] (robot_msgs) StdoutLine: {'line': b'-- Up-to-date: /home/yanji/robot_screwing/install/robot_msgs/lib/librobot_msgs__rosidl_typesupport_fastrtps_c.so\n'}
[0.259885] (robot_msgs) StdoutLine: {'line': b'-- Up-to-date: /home/yanji/robot_screwing/install/robot_msgs/include/robot_msgs\n'}
[0.259907] (robot_msgs) StdoutLine: {'line': b'-- Up-to-date: /home/yanji/robot_screwing/install/robot_msgs/include/robot_msgs/srv\n'}
[0.259929] (robot_msgs) StdoutLine: {'line': b'-- Up-to-date: /home/yanji/robot_screwing/install/robot_msgs/include/robot_msgs/srv/detail\n'}
[0.259952] (robot_msgs) StdoutLine: {'line': b'-- Up-to-date: /home/yanji/robot_screwing/install/robot_msgs/include/robot_msgs/srv/detail/dds_fastrtps\n'}
[0.259974] (robot_msgs) StdoutLine: {'line': b'-- Up-to-date: /home/yanji/robot_screwing/install/robot_msgs/include/robot_msgs/srv/detail/start_pose__rosidl_typesupport_fastrtps_cpp.hpp\n'}
[0.259996] (robot_msgs) StdoutLine: {'line': b'-- Up-to-date: /home/yanji/robot_screwing/install/robot_msgs/include/robot_msgs/srv/detail/start_rotation__rosidl_typesupport_fastrtps_cpp.hpp\n'}
[0.260019] (robot_msgs) StdoutLine: {'line': b'-- Up-to-date: /home/yanji/robot_screwing/install/robot_msgs/include/robot_msgs/action\n'}
[0.260041] (robot_msgs) StdoutLine: {'line': b'-- Up-to-date: /home/yanji/robot_screwing/install/robot_msgs/include/robot_msgs/action/detail\n'}
[0.260063] (robot_msgs) StdoutLine: {'line': b'-- Up-to-date: /home/yanji/robot_screwing/install/robot_msgs/include/robot_msgs/action/detail/dds_fastrtps\n'}
[0.260085] (robot_msgs) StdoutLine: {'line': b'-- Up-to-date: /home/yanji/robot_screwing/install/robot_msgs/include/robot_msgs/action/detail/screw__rosidl_typesupport_fastrtps_cpp.hpp\n'}
[0.260108] (robot_msgs) StdoutLine: {'line': b'-- Up-to-date: /home/yanji/robot_screwing/install/robot_msgs/include/robot_msgs/msg\n'}
[0.260131] (robot_msgs) StdoutLine: {'line': b'-- Up-to-date: /home/yanji/robot_screwing/install/robot_msgs/include/robot_msgs/msg/detail\n'}
[0.260154] (robot_msgs) StdoutLine: {'line': b'-- Up-to-date: /home/yanji/robot_screwing/install/robot_msgs/include/robot_msgs/msg/detail/control_command__rosidl_typesupport_fastrtps_cpp.hpp\n'}
[0.260179] (robot_msgs) StdoutLine: {'line': b'-- Up-to-date: /home/yanji/robot_screwing/install/robot_msgs/include/robot_msgs/msg/detail/width_pub__rosidl_typesupport_fastrtps_cpp.hpp\n'}
[0.260202] (robot_msgs) StdoutLine: {'line': b'-- Up-to-date: /home/yanji/robot_screwing/install/robot_msgs/include/robot_msgs/msg/detail/dds_fastrtps\n'}
[0.260225] (robot_msgs) StdoutLine: {'line': b'-- Up-to-date: /home/yanji/robot_screwing/install/robot_msgs/include/robot_msgs/msg/detail/ft_pub__rosidl_typesupport_fastrtps_cpp.hpp\n'}
[0.260247] (robot_msgs) StdoutLine: {'line': b'-- Up-to-date: /home/yanji/robot_screwing/install/robot_msgs/include/robot_msgs/msg/detail/robot_status__rosidl_typesupport_fastrtps_cpp.hpp\n'}
[0.260270] (robot_msgs) StdoutLine: {'line': b'-- Up-to-date: /home/yanji/robot_screwing/install/robot_msgs/include/robot_msgs/msg/detail/current_pub__rosidl_typesupport_fastrtps_cpp.hpp\n'}
[0.260292] (robot_msgs) StdoutLine: {'line': b'-- Up-to-date: /home/yanji/robot_screwing/install/robot_msgs/include/robot_msgs/msg/detail/ref_status__rosidl_typesupport_fastrtps_cpp.hpp\n'}
[0.260317] (robot_msgs) StdoutLine: {'line': b'-- Up-to-date: /home/yanji/robot_screwing/install/robot_msgs/include/robot_msgs/msg/rosidl_typesupport_fastrtps_cpp__visibility_control.h\n'}
[0.260353] (robot_msgs) StdoutLine: {'line': b'-- Up-to-date: /home/yanji/robot_screwing/install/robot_msgs/lib/librobot_msgs__rosidl_typesupport_fastrtps_cpp.so\n'}
[0.260396] (robot_msgs) StdoutLine: {'line': b'-- Up-to-date: /home/yanji/robot_screwing/install/robot_msgs/include/robot_msgs\n'}
[0.260422] (robot_msgs) StdoutLine: {'line': b'-- Up-to-date: /home/yanji/robot_screwing/install/robot_msgs/include/robot_msgs/srv\n'}
[0.260446] (robot_msgs) StdoutLine: {'line': b'-- Up-to-date: /home/yanji/robot_screwing/install/robot_msgs/include/robot_msgs/srv/detail\n'}
[0.260471] (robot_msgs) StdoutLine: {'line': b'-- Up-to-date: /home/yanji/robot_screwing/install/robot_msgs/include/robot_msgs/srv/detail/start_rotation__type_support.c\n'}
[0.260495] (robot_msgs) StdoutLine: {'line': b'-- Up-to-date: /home/yanji/robot_screwing/install/robot_msgs/include/robot_msgs/srv/detail/start_pose__type_support.c\n'}
[0.260517] (robot_msgs) StdoutLine: {'line': b'-- Up-to-date: /home/yanji/robot_screwing/install/robot_msgs/include/robot_msgs/srv/detail/start_rotation__rosidl_typesupport_introspection_c.h\n'}
[0.260540] (robot_msgs) StdoutLine: {'line': b'-- Up-to-date: /home/yanji/robot_screwing/install/robot_msgs/include/robot_msgs/srv/detail/start_pose__rosidl_typesupport_introspection_c.h\n'}
[0.260569] (robot_msgs) StdoutLine: {'line': b'-- Up-to-date: /home/yanji/robot_screwing/install/robot_msgs/include/robot_msgs/action\n'}
[0.260591] (robot_msgs) StdoutLine: {'line': b'-- Up-to-date: /home/yanji/robot_screwing/install/robot_msgs/include/robot_msgs/action/detail\n'}
[0.260615] (robot_msgs) StdoutLine: {'line': b'-- Up-to-date: /home/yanji/robot_screwing/install/robot_msgs/include/robot_msgs/action/detail/screw__type_support.c\n'}
[0.260638] (robot_msgs) StdoutLine: {'line': b'-- Up-to-date: /home/yanji/robot_screwing/install/robot_msgs/include/robot_msgs/action/detail/screw__rosidl_typesupport_introspection_c.h\n'}
[0.260661] (robot_msgs) StdoutLine: {'line': b'-- Up-to-date: /home/yanji/robot_screwing/install/robot_msgs/include/robot_msgs/msg\n'}
[0.260684] (robot_msgs) StdoutLine: {'line': b'-- Up-to-date: /home/yanji/robot_screwing/install/robot_msgs/include/robot_msgs/msg/detail\n'}
[0.260708] (robot_msgs) StdoutLine: {'line': b'-- Up-to-date: /home/yanji/robot_screwing/install/robot_msgs/include/robot_msgs/msg/detail/current_pub__rosidl_typesupport_introspection_c.h\n'}
[0.260730] (robot_msgs) StdoutLine: {'line': b'-- Up-to-date: /home/yanji/robot_screwing/install/robot_msgs/include/robot_msgs/msg/detail/ref_status__type_support.c\n'}
[0.260752] (robot_msgs) StdoutLine: {'line': b'-- Up-to-date: /home/yanji/robot_screwing/install/robot_msgs/include/robot_msgs/msg/detail/ref_status__rosidl_typesupport_introspection_c.h\n'}
[0.260774] (robot_msgs) StdoutLine: {'line': b'-- Up-to-date: /home/yanji/robot_screwing/install/robot_msgs/include/robot_msgs/msg/detail/current_pub__type_support.c\n'}
[0.260796] (robot_msgs) StdoutLine: {'line': b'-- Up-to-date: /home/yanji/robot_screwing/install/robot_msgs/include/robot_msgs/msg/detail/robot_status__type_support.c\n'}
[0.260818] (robot_msgs) StdoutLine: {'line': b'-- Up-to-date: /home/yanji/robot_screwing/install/robot_msgs/include/robot_msgs/msg/detail/control_command__rosidl_typesupport_introspection_c.h\n'}
[0.260840] (robot_msgs) StdoutLine: {'line': b'-- Up-to-date: /home/yanji/robot_screwing/install/robot_msgs/include/robot_msgs/msg/detail/ft_pub__rosidl_typesupport_introspection_c.h\n'}
[0.260862] (robot_msgs) StdoutLine: {'line': b'-- Up-to-date: /home/yanji/robot_screwing/install/robot_msgs/include/robot_msgs/msg/detail/control_command__type_support.c\n'}
[0.260885] (robot_msgs) StdoutLine: {'line': b'-- Up-to-date: /home/yanji/robot_screwing/install/robot_msgs/include/robot_msgs/msg/detail/ft_pub__type_support.c\n'}
[0.260908] (robot_msgs) StdoutLine: {'line': b'-- Up-to-date: /home/yanji/robot_screwing/install/robot_msgs/include/robot_msgs/msg/detail/width_pub__type_support.c\n'}
[0.260934] (robot_msgs) StdoutLine: {'line': b'-- Up-to-date: /home/yanji/robot_screwing/install/robot_msgs/include/robot_msgs/msg/detail/width_pub__rosidl_typesupport_introspection_c.h\n'}
[0.260956] (robot_msgs) StdoutLine: {'line': b'-- Up-to-date: /home/yanji/robot_screwing/install/robot_msgs/include/robot_msgs/msg/detail/robot_status__rosidl_typesupport_introspection_c.h\n'}
[0.260979] (robot_msgs) StdoutLine: {'line': b'-- Up-to-date: /home/yanji/robot_screwing/install/robot_msgs/include/robot_msgs/msg/rosidl_typesupport_introspection_c__visibility_control.h\n'}
[0.261000] (robot_msgs) StdoutLine: {'line': b'-- Up-to-date: /home/yanji/robot_screwing/install/robot_msgs/lib/librobot_msgs__rosidl_typesupport_introspection_c.so\n'}
[0.261024] (robot_msgs) StdoutLine: {'line': b'-- Up-to-date: /home/yanji/robot_screwing/install/robot_msgs/lib/librobot_msgs__rosidl_typesupport_c.so\n'}
[0.261047] (robot_msgs) StdoutLine: {'line': b'-- Up-to-date: /home/yanji/robot_screwing/install/robot_msgs/include/robot_msgs\n'}
[0.261071] (robot_msgs) StdoutLine: {'line': b'-- Up-to-date: /home/yanji/robot_screwing/install/robot_msgs/include/robot_msgs/srv\n'}
[0.261094] (robot_msgs) StdoutLine: {'line': b'-- Up-to-date: /home/yanji/robot_screwing/install/robot_msgs/include/robot_msgs/srv/detail\n'}
[0.261117] (robot_msgs) StdoutLine: {'line': b'-- Up-to-date: /home/yanji/robot_screwing/install/robot_msgs/include/robot_msgs/srv/detail/start_rotation__type_support.hpp\n'}
[0.261140] (robot_msgs) StdoutLine: {'line': b'-- Up-to-date: /home/yanji/robot_screwing/install/robot_msgs/include/robot_msgs/srv/detail/start_rotation__struct.hpp\n'}
[0.261162] (robot_msgs) StdoutLine: {'line': b'-- Up-to-date: /home/yanji/robot_screwing/install/robot_msgs/include/robot_msgs/srv/detail/start_pose__builder.hpp\n'}
[0.261191] (robot_msgs) StdoutLine: {'line': b'-- Up-to-date: /home/yanji/robot_screwing/install/robot_msgs/include/robot_msgs/srv/detail/start_rotation__traits.hpp\n'}
[0.261215] (robot_msgs) StdoutLine: {'line': b'-- Up-to-date: /home/yanji/robot_screwing/install/robot_msgs/include/robot_msgs/srv/detail/start_pose__type_support.hpp\n'}
[0.261239] (robot_msgs) StdoutLine: {'line': b'-- Up-to-date: /home/yanji/robot_screwing/install/robot_msgs/include/robot_msgs/srv/detail/start_rotation__builder.hpp\n'}
[0.261261] (robot_msgs) StdoutLine: {'line': b'-- Up-to-date: /home/yanji/robot_screwing/install/robot_msgs/include/robot_msgs/srv/detail/start_pose__traits.hpp\n'}
[0.261284] (robot_msgs) StdoutLine: {'line': b'-- Up-to-date: /home/yanji/robot_screwing/install/robot_msgs/include/robot_msgs/srv/detail/start_pose__struct.hpp\n'}
[0.261307] (robot_msgs) StdoutLine: {'line': b'-- Up-to-date: /home/yanji/robot_screwing/install/robot_msgs/include/robot_msgs/srv/start_pose.hpp\n'}
[0.261330] (robot_msgs) StdoutLine: {'line': b'-- Up-to-date: /home/yanji/robot_screwing/install/robot_msgs/include/robot_msgs/srv/start_rotation.hpp\n'}
[0.261373] (robot_msgs) StdoutLine: {'line': b'-- Up-to-date: /home/yanji/robot_screwing/install/robot_msgs/include/robot_msgs/action\n'}
[0.261402] (robot_msgs) StdoutLine: {'line': b'-- Up-to-date: /home/yanji/robot_screwing/install/robot_msgs/include/robot_msgs/action/detail\n'}
[0.261430] (robot_msgs) StdoutLine: {'line': b'-- Up-to-date: /home/yanji/robot_screwing/install/robot_msgs/include/robot_msgs/action/detail/screw__type_support.hpp\n'}
[0.261455] (robot_msgs) StdoutLine: {'line': b'-- Up-to-date: /home/yanji/robot_screwing/install/robot_msgs/include/robot_msgs/action/detail/screw__struct.hpp\n'}
[0.261479] (robot_msgs) StdoutLine: {'line': b'-- Up-to-date: /home/yanji/robot_screwing/install/robot_msgs/include/robot_msgs/action/detail/screw__builder.hpp\n'}
[0.261502] (robot_msgs) StdoutLine: {'line': b'-- Up-to-date: /home/yanji/robot_screwing/install/robot_msgs/include/robot_msgs/action/detail/screw__traits.hpp\n'}
[0.261526] (robot_msgs) StdoutLine: {'line': b'-- Up-to-date: /home/yanji/robot_screwing/install/robot_msgs/include/robot_msgs/action/screw.hpp\n'}
[0.261551] (robot_msgs) StdoutLine: {'line': b'-- Up-to-date: /home/yanji/robot_screwing/install/robot_msgs/include/robot_msgs/msg\n'}
[0.261574] (robot_msgs) StdoutLine: {'line': b'-- Up-to-date: /home/yanji/robot_screwing/install/robot_msgs/include/robot_msgs/msg/detail\n'}
[0.261597] (robot_msgs) StdoutLine: {'line': b'-- Up-to-date: /home/yanji/robot_screwing/install/robot_msgs/include/robot_msgs/msg/detail/ref_status__struct.hpp\n'}
[0.261620] (robot_msgs) StdoutLine: {'line': b'-- Up-to-date: /home/yanji/robot_screwing/install/robot_msgs/include/robot_msgs/msg/detail/ref_status__traits.hpp\n'}
[0.261643] (robot_msgs) StdoutLine: {'line': b'-- Up-to-date: /home/yanji/robot_screwing/install/robot_msgs/include/robot_msgs/msg/detail/ft_pub__builder.hpp\n'}
[0.261665] (robot_msgs) StdoutLine: {'line': b'-- Up-to-date: /home/yanji/robot_screwing/install/robot_msgs/include/robot_msgs/msg/detail/width_pub__builder.hpp\n'}
[0.261688] (robot_msgs) StdoutLine: {'line': b'-- Up-to-date: /home/yanji/robot_screwing/install/robot_msgs/include/robot_msgs/msg/detail/control_command__traits.hpp\n'}
[0.261711] (robot_msgs) StdoutLine: {'line': b'-- Up-to-date: /home/yanji/robot_screwing/install/robot_msgs/include/robot_msgs/msg/detail/ref_status__type_support.hpp\n'}
[0.261733] (robot_msgs) StdoutLine: {'line': b'-- Up-to-date: /home/yanji/robot_screwing/install/robot_msgs/include/robot_msgs/msg/detail/robot_status__type_support.hpp\n'}
[0.261756] (robot_msgs) StdoutLine: {'line': b'-- Up-to-date: /home/yanji/robot_screwing/install/robot_msgs/include/robot_msgs/msg/detail/robot_status__struct.hpp\n'}
[0.261780] (robot_msgs) StdoutLine: {'line': b'-- Up-to-date: /home/yanji/robot_screwing/install/robot_msgs/include/robot_msgs/msg/detail/ref_status__builder.hpp\n'}
[0.261803] (robot_msgs) StdoutLine: {'line': b'-- Up-to-date: /home/yanji/robot_screwing/install/robot_msgs/include/robot_msgs/msg/detail/current_pub__traits.hpp\n'}
[0.261826] (robot_msgs) StdoutLine: {'line': b'-- Up-to-date: /home/yanji/robot_screwing/install/robot_msgs/include/robot_msgs/msg/detail/current_pub__builder.hpp\n'}
[0.261848] (robot_msgs) StdoutLine: {'line': b'-- Up-to-date: /home/yanji/robot_screwing/install/robot_msgs/include/robot_msgs/msg/detail/width_pub__struct.hpp\n'}
[0.261871] (robot_msgs) StdoutLine: {'line': b'-- Up-to-date: /home/yanji/robot_screwing/install/robot_msgs/include/robot_msgs/msg/detail/current_pub__type_support.hpp\n'}
[0.261893] (robot_msgs) StdoutLine: {'line': b'-- Up-to-date: /home/yanji/robot_screwing/install/robot_msgs/include/robot_msgs/msg/detail/width_pub__type_support.hpp\n'}
[0.261916] (robot_msgs) StdoutLine: {'line': b'-- Up-to-date: /home/yanji/robot_screwing/install/robot_msgs/include/robot_msgs/msg/detail/control_command__type_support.hpp\n'}
[0.261938] (robot_msgs) StdoutLine: {'line': b'-- Up-to-date: /home/yanji/robot_screwing/install/robot_msgs/include/robot_msgs/msg/detail/width_pub__traits.hpp\n'}
[0.261960] (robot_msgs) StdoutLine: {'line': b'-- Up-to-date: /home/yanji/robot_screwing/install/robot_msgs/include/robot_msgs/msg/detail/ft_pub__struct.hpp\n'}
[0.261983] (robot_msgs) StdoutLine: {'line': b'-- Up-to-date: /home/yanji/robot_screwing/install/robot_msgs/include/robot_msgs/msg/detail/control_command__builder.hpp\n'}
[0.262004] (robot_msgs) StdoutLine: {'line': b'-- Up-to-date: /home/yanji/robot_screwing/install/robot_msgs/include/robot_msgs/msg/detail/current_pub__struct.hpp\n'}
[0.262026] (robot_msgs) StdoutLine: {'line': b'-- Up-to-date: /home/yanji/robot_screwing/install/robot_msgs/include/robot_msgs/msg/detail/ft_pub__traits.hpp\n'}
[0.262047] (robot_msgs) StdoutLine: {'line': b'-- Up-to-date: /home/yanji/robot_screwing/install/robot_msgs/include/robot_msgs/msg/detail/robot_status__traits.hpp\n'}
[0.262069] (robot_msgs) StdoutLine: {'line': b'-- Up-to-date: /home/yanji/robot_screwing/install/robot_msgs/include/robot_msgs/msg/detail/ft_pub__type_support.hpp\n'}
[0.262091] (robot_msgs) StdoutLine: {'line': b'-- Up-to-date: /home/yanji/robot_screwing/install/robot_msgs/include/robot_msgs/msg/detail/control_command__struct.hpp\n'}
[0.262115] (robot_msgs) StdoutLine: {'line': b'-- Up-to-date: /home/yanji/robot_screwing/install/robot_msgs/include/robot_msgs/msg/detail/robot_status__builder.hpp\n'}
[0.262137] (robot_msgs) StdoutLine: {'line': b'-- Up-to-date: /home/yanji/robot_screwing/install/robot_msgs/include/robot_msgs/msg/ref_status.hpp\n'}
[0.262159] (robot_msgs) StdoutLine: {'line': b'-- Up-to-date: /home/yanji/robot_screwing/install/robot_msgs/include/robot_msgs/msg/rosidl_generator_cpp__visibility_control.hpp\n'}
[0.262181] (robot_msgs) StdoutLine: {'line': b'-- Up-to-date: /home/yanji/robot_screwing/install/robot_msgs/include/robot_msgs/msg/control_command.hpp\n'}
[0.262202] (robot_msgs) StdoutLine: {'line': b'-- Up-to-date: /home/yanji/robot_screwing/install/robot_msgs/include/robot_msgs/msg/width_pub.hpp\n'}
[0.262224] (robot_msgs) StdoutLine: {'line': b'-- Up-to-date: /home/yanji/robot_screwing/install/robot_msgs/include/robot_msgs/msg/ft_pub.hpp\n'}
[0.262246] (robot_msgs) StdoutLine: {'line': b'-- Up-to-date: /home/yanji/robot_screwing/install/robot_msgs/include/robot_msgs/msg/robot_status.hpp\n'}
[0.262271] (robot_msgs) StdoutLine: {'line': b'-- Up-to-date: /home/yanji/robot_screwing/install/robot_msgs/include/robot_msgs/msg/current_pub.hpp\n'}
[0.262293] (robot_msgs) StdoutLine: {'line': b'-- Up-to-date: /home/yanji/robot_screwing/install/robot_msgs/include/robot_msgs\n'}
[0.262314] (robot_msgs) StdoutLine: {'line': b'-- Up-to-date: /home/yanji/robot_screwing/install/robot_msgs/include/robot_msgs/srv\n'}
[0.262337] (robot_msgs) StdoutLine: {'line': b'-- Up-to-date: /home/yanji/robot_screwing/install/robot_msgs/include/robot_msgs/srv/detail\n'}
[0.262365] (robot_msgs) StdoutLine: {'line': b'-- Up-to-date: /home/yanji/robot_screwing/install/robot_msgs/include/robot_msgs/srv/detail/start_pose__rosidl_typesupport_introspection_cpp.hpp\n'}
[0.262389] (robot_msgs) StdoutLine: {'line': b'-- Up-to-date: /home/yanji/robot_screwing/install/robot_msgs/include/robot_msgs/srv/detail/start_pose__type_support.cpp\n'}
[0.262412] (robot_msgs) StdoutLine: {'line': b'-- Up-to-date: /home/yanji/robot_screwing/install/robot_msgs/include/robot_msgs/srv/detail/start_rotation__rosidl_typesupport_introspection_cpp.hpp\n'}
[0.262434] (robot_msgs) StdoutLine: {'line': b'-- Up-to-date: /home/yanji/robot_screwing/install/robot_msgs/include/robot_msgs/srv/detail/start_rotation__type_support.cpp\n'}
[0.262457] (robot_msgs) StdoutLine: {'line': b'-- Up-to-date: /home/yanji/robot_screwing/install/robot_msgs/include/robot_msgs/action\n'}
[0.262479] (robot_msgs) StdoutLine: {'line': b'-- Up-to-date: /home/yanji/robot_screwing/install/robot_msgs/include/robot_msgs/action/detail\n'}
[0.262501] (robot_msgs) StdoutLine: {'line': b'-- Up-to-date: /home/yanji/robot_screwing/install/robot_msgs/include/robot_msgs/action/detail/screw__type_support.cpp\n'}
[0.262523] (robot_msgs) StdoutLine: {'line': b'-- Up-to-date: /home/yanji/robot_screwing/install/robot_msgs/include/robot_msgs/action/detail/screw__rosidl_typesupport_introspection_cpp.hpp\n'}
[0.262547] (robot_msgs) StdoutLine: {'line': b'-- Up-to-date: /home/yanji/robot_screwing/install/robot_msgs/include/robot_msgs/msg\n'}
[0.262569] (robot_msgs) StdoutLine: {'line': b'-- Up-to-date: /home/yanji/robot_screwing/install/robot_msgs/include/robot_msgs/msg/detail\n'}
[0.262592] (robot_msgs) StdoutLine: {'line': b'-- Up-to-date: /home/yanji/robot_screwing/install/robot_msgs/include/robot_msgs/msg/detail/width_pub__rosidl_typesupport_introspection_cpp.hpp\n'}
[0.262614] (robot_msgs) StdoutLine: {'line': b'-- Up-to-date: /home/yanji/robot_screwing/install/robot_msgs/include/robot_msgs/msg/detail/ft_pub__rosidl_typesupport_introspection_cpp.hpp\n'}
[0.262637] (robot_msgs) StdoutLine: {'line': b'-- Up-to-date: /home/yanji/robot_screwing/install/robot_msgs/include/robot_msgs/msg/detail/width_pub__type_support.cpp\n'}
[0.262660] (robot_msgs) StdoutLine: {'line': b'-- Up-to-date: /home/yanji/robot_screwing/install/robot_msgs/include/robot_msgs/msg/detail/ft_pub__type_support.cpp\n'}
[0.262684] (robot_msgs) StdoutLine: {'line': b'-- Up-to-date: /home/yanji/robot_screwing/install/robot_msgs/include/robot_msgs/msg/detail/control_command__rosidl_typesupport_introspection_cpp.hpp\n'}
[0.262708] (robot_msgs) StdoutLine: {'line': b'-- Up-to-date: /home/yanji/robot_screwing/install/robot_msgs/include/robot_msgs/msg/detail/robot_status__type_support.cpp\n'}
[0.262730] (robot_msgs) StdoutLine: {'line': b'-- Up-to-date: /home/yanji/robot_screwing/install/robot_msgs/include/robot_msgs/msg/detail/ref_status__rosidl_typesupport_introspection_cpp.hpp\n'}
[0.262753] (robot_msgs) StdoutLine: {'line': b'-- Up-to-date: /home/yanji/robot_screwing/install/robot_msgs/include/robot_msgs/msg/detail/current_pub__type_support.cpp\n'}
[0.262775] (robot_msgs) StdoutLine: {'line': b'-- Up-to-date: /home/yanji/robot_screwing/install/robot_msgs/include/robot_msgs/msg/detail/current_pub__rosidl_typesupport_introspection_cpp.hpp\n'}
[0.262799] (robot_msgs) StdoutLine: {'line': b'-- Up-to-date: /home/yanji/robot_screwing/install/robot_msgs/include/robot_msgs/msg/detail/ref_status__type_support.cpp\n'}
[0.262821] (robot_msgs) StdoutLine: {'line': b'-- Up-to-date: /home/yanji/robot_screwing/install/robot_msgs/include/robot_msgs/msg/detail/control_command__type_support.cpp\n'}
[0.262843] (robot_msgs) StdoutLine: {'line': b'-- Up-to-date: /home/yanji/robot_screwing/install/robot_msgs/include/robot_msgs/msg/detail/robot_status__rosidl_typesupport_introspection_cpp.hpp\n'}
[0.262866] (robot_msgs) StdoutLine: {'line': b'-- Up-to-date: /home/yanji/robot_screwing/install/robot_msgs/lib/librobot_msgs__rosidl_typesupport_introspection_cpp.so\n'}
[0.262889] (robot_msgs) StdoutLine: {'line': b'-- Up-to-date: /home/yanji/robot_screwing/install/robot_msgs/lib/librobot_msgs__rosidl_typesupport_cpp.so\n'}
[0.262911] (robot_msgs) StdoutLine: {'line': b'-- Up-to-date: /home/yanji/robot_screwing/install/robot_msgs/share/robot_msgs/environment/pythonpath.sh\n'}
[0.262933] (robot_msgs) StdoutLine: {'line': b'-- Up-to-date: /home/yanji/robot_screwing/install/robot_msgs/share/robot_msgs/environment/pythonpath.dsv\n'}
[0.262956] (robot_msgs) StdoutLine: {'line': b'-- Up-to-date: /home/yanji/robot_screwing/install/robot_msgs/lib/python3.8/site-packages/robot_msgs/__init__.py\n'}
[0.275783] (robot_msgs) StdoutLine: {'line': b'-- Up-to-date: /home/yanji/robot_screwing/install/robot_msgs/lib/python3.8/site-packages/robot_msgs/msg\n'}
[0.275946] (robot_msgs) StdoutLine: {'line': b'-- Up-to-date: /home/yanji/robot_screwing/install/robot_msgs/lib/python3.8/site-packages/robot_msgs/msg/_robot_status_s.c\n'}
[0.275980] (robot_msgs) StdoutLine: {'line': b'-- Up-to-date: /home/yanji/robot_screwing/install/robot_msgs/lib/python3.8/site-packages/robot_msgs/msg/_width_pub_s.c\n'}
[0.276009] (robot_msgs) StdoutLine: {'line': b'-- Up-to-date: /home/yanji/robot_screwing/install/robot_msgs/lib/python3.8/site-packages/robot_msgs/msg/__init__.py\n'}
[0.276076] (robot_msgs) StdoutLine: {'line': b'-- Up-to-date: /home/yanji/robot_screwing/install/robot_msgs/lib/python3.8/site-packages/robot_msgs/msg/_control_command.py\n'}
[0.276100] (robot_msgs) StdoutLine: {'line': b'-- Up-to-date: /home/yanji/robot_screwing/install/robot_msgs/lib/python3.8/site-packages/robot_msgs/msg/_ref_status.py\n'}
[0.276123] (robot_msgs) StdoutLine: {'line': b'-- Up-to-date: /home/yanji/robot_screwing/install/robot_msgs/lib/python3.8/site-packages/robot_msgs/msg/_robot_status.py\n'}
[0.276146] (robot_msgs) StdoutLine: {'line': b'-- Up-to-date: /home/yanji/robot_screwing/install/robot_msgs/lib/python3.8/site-packages/robot_msgs/msg/_ft_pub_s.c\n'}
[0.276169] (robot_msgs) StdoutLine: {'line': b'-- Up-to-date: /home/yanji/robot_screwing/install/robot_msgs/lib/python3.8/site-packages/robot_msgs/msg/_ref_status_s.c\n'}
[0.276195] (robot_msgs) StdoutLine: {'line': b'-- Up-to-date: /home/yanji/robot_screwing/install/robot_msgs/lib/python3.8/site-packages/robot_msgs/msg/_current_pub.py\n'}
[0.276219] (robot_msgs) StdoutLine: {'line': b'-- Up-to-date: /home/yanji/robot_screwing/install/robot_msgs/lib/python3.8/site-packages/robot_msgs/msg/_control_command_s.c\n'}
[0.276255] (robot_msgs) StdoutLine: {'line': b'-- Up-to-date: /home/yanji/robot_screwing/install/robot_msgs/lib/python3.8/site-packages/robot_msgs/msg/_current_pub_s.c\n'}
[0.276279] (robot_msgs) StdoutLine: {'line': b'-- Up-to-date: /home/yanji/robot_screwing/install/robot_msgs/lib/python3.8/site-packages/robot_msgs/msg/_width_pub.py\n'}
[0.276301] (robot_msgs) StdoutLine: {'line': b'-- Up-to-date: /home/yanji/robot_screwing/install/robot_msgs/lib/python3.8/site-packages/robot_msgs/msg/_ft_pub.py\n'}
[0.276324] (robot_msgs) StdoutLine: {'line': b'-- Up-to-date: /home/yanji/robot_screwing/install/robot_msgs/lib/python3.8/site-packages/robot_msgs/srv\n'}
[0.276355] (robot_msgs) StdoutLine: {'line': b'-- Up-to-date: /home/yanji/robot_screwing/install/robot_msgs/lib/python3.8/site-packages/robot_msgs/srv/__init__.py\n'}
[0.276378] (robot_msgs) StdoutLine: {'line': b'-- Up-to-date: /home/yanji/robot_screwing/install/robot_msgs/lib/python3.8/site-packages/robot_msgs/srv/_start_pose_s.c\n'}
[0.276401] (robot_msgs) StdoutLine: {'line': b'-- Up-to-date: /home/yanji/robot_screwing/install/robot_msgs/lib/python3.8/site-packages/robot_msgs/srv/_start_rotation.py\n'}
[0.276425] (robot_msgs) StdoutLine: {'line': b'-- Up-to-date: /home/yanji/robot_screwing/install/robot_msgs/lib/python3.8/site-packages/robot_msgs/srv/_start_rotation_s.c\n'}
[0.276447] (robot_msgs) StdoutLine: {'line': b'-- Up-to-date: /home/yanji/robot_screwing/install/robot_msgs/lib/python3.8/site-packages/robot_msgs/srv/_start_pose.py\n'}
[0.276470] (robot_msgs) StdoutLine: {'line': b'-- Up-to-date: /home/yanji/robot_screwing/install/robot_msgs/lib/python3.8/site-packages/robot_msgs/action\n'}
[0.276492] (robot_msgs) StdoutLine: {'line': b'-- Up-to-date: /home/yanji/robot_screwing/install/robot_msgs/lib/python3.8/site-packages/robot_msgs/action/__init__.py\n'}
[0.276515] (robot_msgs) StdoutLine: {'line': b'-- Up-to-date: /home/yanji/robot_screwing/install/robot_msgs/lib/python3.8/site-packages/robot_msgs/action/_screw.py\n'}
[0.276539] (robot_msgs) StdoutLine: {'line': b'-- Up-to-date: /home/yanji/robot_screwing/install/robot_msgs/lib/python3.8/site-packages/robot_msgs/action/_screw_s.c\n'}
[0.276565] (robot_msgs) StdoutLine: {'line': b'-- Up-to-date: /home/yanji/robot_screwing/install/robot_msgs/lib/python3.8/site-packages/robot_msgs/robot_msgs_s__rosidl_typesupport_fastrtps_c.cpython-38-x86_64-linux-gnu.so\n'}
[0.276612] (robot_msgs) StdoutLine: {'line': b'-- Up-to-date: /home/yanji/robot_screwing/install/robot_msgs/lib/python3.8/site-packages/robot_msgs/robot_msgs_s__rosidl_typesupport_introspection_c.cpython-38-x86_64-linux-gnu.so\n'}
[0.276841] (robot_msgs) StdoutLine: {'line': b'-- Up-to-date: /home/yanji/robot_screwing/install/robot_msgs/lib/python3.8/site-packages/robot_msgs/robot_msgs_s__rosidl_typesupport_c.cpython-38-x86_64-linux-gnu.so\n'}
[0.277036] (robot_msgs) StdoutLine: {'line': b'-- Up-to-date: /home/yanji/robot_screwing/install/robot_msgs/lib/librobot_msgs__python.so\n'}
[0.277112] (robot_msgs) StdoutLine: {'line': b'-- Up-to-date: /home/yanji/robot_screwing/install/robot_msgs/share/robot_msgs/msg/FtPub.idl\n'}
[0.277169] (robot_msgs) StdoutLine: {'line': b'-- Up-to-date: /home/yanji/robot_screwing/install/robot_msgs/share/robot_msgs/msg/RobotStatus.idl\n'}
[0.277197] (robot_msgs) StdoutLine: {'line': b'-- Up-to-date: /home/yanji/robot_screwing/install/robot_msgs/share/robot_msgs/msg/ControlCommand.idl\n'}
[0.277223] (robot_msgs) StdoutLine: {'line': b'-- Up-to-date: /home/yanji/robot_screwing/install/robot_msgs/share/robot_msgs/msg/RefStatus.idl\n'}
[0.277266] (robot_msgs) StdoutLine: {'line': b'-- Up-to-date: /home/yanji/robot_screwing/install/robot_msgs/share/robot_msgs/srv/StartPose.idl\n'}
[0.277317] (robot_msgs) StdoutLine: {'line': b'-- Up-to-date: /home/yanji/robot_screwing/install/robot_msgs/share/robot_msgs/srv/StartRotation.idl\n'}
[0.277351] (robot_msgs) StdoutLine: {'line': b'-- Up-to-date: /home/yanji/robot_screwing/install/robot_msgs/share/robot_msgs/action/Screw.idl\n'}
[0.277396] (robot_msgs) StdoutLine: {'line': b'-- Up-to-date: /home/yanji/robot_screwing/install/robot_msgs/share/robot_msgs/msg/CurrentPub.idl\n'}
[0.277422] (robot_msgs) StdoutLine: {'line': b'-- Up-to-date: /home/yanji/robot_screwing/install/robot_msgs/share/robot_msgs/msg/WidthPub.idl\n'}
[0.277447] (robot_msgs) StdoutLine: {'line': b'-- Up-to-date: /home/yanji/robot_screwing/install/robot_msgs/share/robot_msgs/msg/FtPub.msg\n'}
[0.277473] (robot_msgs) StdoutLine: {'line': b'-- Up-to-date: /home/yanji/robot_screwing/install/robot_msgs/share/robot_msgs/msg/RobotStatus.msg\n'}
[0.277544] (robot_msgs) StdoutLine: {'line': b'-- Up-to-date: /home/yanji/robot_screwing/install/robot_msgs/share/robot_msgs/msg/ControlCommand.msg\n'}
[0.277570] (robot_msgs) StdoutLine: {'line': b'-- Up-to-date: /home/yanji/robot_screwing/install/robot_msgs/share/robot_msgs/msg/RefStatus.msg\n'}
[0.277595] (robot_msgs) StdoutLine: {'line': b'-- Up-to-date: /home/yanji/robot_screwing/install/robot_msgs/share/robot_msgs/srv/StartPose.srv\n'}
[0.277620] (robot_msgs) StdoutLine: {'line': b'-- Up-to-date: /home/yanji/robot_screwing/install/robot_msgs/share/robot_msgs/srv/StartPose_Request.msg\n'}
[0.277645] (robot_msgs) StdoutLine: {'line': b'-- Up-to-date: /home/yanji/robot_screwing/install/robot_msgs/share/robot_msgs/srv/StartPose_Response.msg\n'}
[0.277670] (robot_msgs) StdoutLine: {'line': b'-- Up-to-date: /home/yanji/robot_screwing/install/robot_msgs/share/robot_msgs/srv/StartRotation.srv\n'}
[0.277696] (robot_msgs) StdoutLine: {'line': b'-- Up-to-date: /home/yanji/robot_screwing/install/robot_msgs/share/robot_msgs/srv/StartRotation_Request.msg\n'}
[0.277734] (robot_msgs) StdoutLine: {'line': b'-- Up-to-date: /home/yanji/robot_screwing/install/robot_msgs/share/robot_msgs/srv/StartRotation_Response.msg\n'}
[0.277760] (robot_msgs) StdoutLine: {'line': b'-- Up-to-date: /home/yanji/robot_screwing/install/robot_msgs/share/robot_msgs/action/Screw.action\n'}
[0.277785] (robot_msgs) StdoutLine: {'line': b'-- Up-to-date: /home/yanji/robot_screwing/install/robot_msgs/share/robot_msgs/msg/CurrentPub.msg\n'}
[0.277810] (robot_msgs) StdoutLine: {'line': b'-- Up-to-date: /home/yanji/robot_screwing/install/robot_msgs/share/robot_msgs/msg/WidthPub.msg\n'}
[0.277835] (robot_msgs) StdoutLine: {'line': b'-- Up-to-date: /home/yanji/robot_screwing/install/robot_msgs/share/ament_index/resource_index/package_run_dependencies/robot_msgs\n'}
[0.277861] (robot_msgs) StdoutLine: {'line': b'-- Up-to-date: /home/yanji/robot_screwing/install/robot_msgs/share/ament_index/resource_index/parent_prefix_path/robot_msgs\n'}
[0.277922] (robot_msgs) StdoutLine: {'line': b'-- Up-to-date: /home/yanji/robot_screwing/install/robot_msgs/share/robot_msgs/environment/ament_prefix_path.sh\n'}
[0.277950] (robot_msgs) StdoutLine: {'line': b'-- Up-to-date: /home/yanji/robot_screwing/install/robot_msgs/share/robot_msgs/environment/ament_prefix_path.dsv\n'}
[0.277976] (robot_msgs) StdoutLine: {'line': b'-- Up-to-date: /home/yanji/robot_screwing/install/robot_msgs/share/robot_msgs/environment/path.sh\n'}
[0.278002] (robot_msgs) StdoutLine: {'line': b'-- Up-to-date: /home/yanji/robot_screwing/install/robot_msgs/share/robot_msgs/environment/path.dsv\n'}
[0.278028] (robot_msgs) StdoutLine: {'line': b'-- Up-to-date: /home/yanji/robot_screwing/install/robot_msgs/share/robot_msgs/local_setup.bash\n'}
[0.278053] (robot_msgs) StdoutLine: {'line': b'-- Up-to-date: /home/yanji/robot_screwing/install/robot_msgs/share/robot_msgs/local_setup.sh\n'}
[0.278078] (robot_msgs) StdoutLine: {'line': b'-- Up-to-date: /home/yanji/robot_screwing/install/robot_msgs/share/robot_msgs/local_setup.zsh\n'}
[0.278103] (robot_msgs) StdoutLine: {'line': b'-- Up-to-date: /home/yanji/robot_screwing/install/robot_msgs/share/robot_msgs/local_setup.dsv\n'}
[0.278127] (robot_msgs) StdoutLine: {'line': b'-- Installing: /home/yanji/robot_screwing/install/robot_msgs/share/robot_msgs/package.dsv\n'}
[0.278174] (robot_msgs) StdoutLine: {'line': b'-- Up-to-date: /home/yanji/robot_screwing/install/robot_msgs/share/ament_index/resource_index/packages/robot_msgs\n'}
[0.278221] (robot_msgs) StdoutLine: {'line': b'-- Up-to-date: /home/yanji/robot_screwing/install/robot_msgs/share/robot_msgs/cmake/robot_msgs__rosidl_generator_cExport.cmake\n'}
[0.278257] (robot_msgs) StdoutLine: {'line': b'-- Up-to-date: /home/yanji/robot_screwing/install/robot_msgs/share/robot_msgs/cmake/robot_msgs__rosidl_generator_cExport-noconfig.cmake\n'}
[0.278283] (robot_msgs) StdoutLine: {'line': b'-- Up-to-date: /home/yanji/robot_screwing/install/robot_msgs/share/robot_msgs/cmake/robot_msgs__rosidl_typesupport_introspection_cExport.cmake\n'}
[0.278309] (robot_msgs) StdoutLine: {'line': b'-- Up-to-date: /home/yanji/robot_screwing/install/robot_msgs/share/robot_msgs/cmake/robot_msgs__rosidl_typesupport_introspection_cExport-noconfig.cmake\n'}
[0.278334] (robot_msgs) StdoutLine: {'line': b'-- Up-to-date: /home/yanji/robot_screwing/install/robot_msgs/share/robot_msgs/cmake/robot_msgs__rosidl_typesupport_cExport.cmake\n'}
[0.278366] (robot_msgs) StdoutLine: {'line': b'-- Up-to-date: /home/yanji/robot_screwing/install/robot_msgs/share/robot_msgs/cmake/robot_msgs__rosidl_typesupport_cExport-noconfig.cmake\n'}
[0.278392] (robot_msgs) StdoutLine: {'line': b'-- Up-to-date: /home/yanji/robot_screwing/install/robot_msgs/share/robot_msgs/cmake/robot_msgs__rosidl_generator_cppExport.cmake\n'}
[0.278416] (robot_msgs) StdoutLine: {'line': b'-- Up-to-date: /home/yanji/robot_screwing/install/robot_msgs/share/robot_msgs/cmake/robot_msgs__rosidl_typesupport_introspection_cppExport.cmake\n'}
[0.278459] (robot_msgs) StdoutLine: {'line': b'-- Up-to-date: /home/yanji/robot_screwing/install/robot_msgs/share/robot_msgs/cmake/robot_msgs__rosidl_typesupport_introspection_cppExport-noconfig.cmake\n'}
[0.278512] (robot_msgs) StdoutLine: {'line': b'-- Up-to-date: /home/yanji/robot_screwing/install/robot_msgs/share/robot_msgs/cmake/robot_msgs__rosidl_typesupport_cppExport.cmake\n'}
[0.278541] (robot_msgs) StdoutLine: {'line': b'-- Up-to-date: /home/yanji/robot_screwing/install/robot_msgs/share/robot_msgs/cmake/robot_msgs__rosidl_typesupport_cppExport-noconfig.cmake\n'}
[0.278568] (robot_msgs) StdoutLine: {'line': b'-- Up-to-date: /home/yanji/robot_screwing/install/robot_msgs/share/robot_msgs/cmake/rosidl_cmake-extras.cmake\n'}
[0.278594] (robot_msgs) StdoutLine: {'line': b'-- Up-to-date: /home/yanji/robot_screwing/install/robot_msgs/share/robot_msgs/cmake/ament_cmake_export_dependencies-extras.cmake\n'}
[0.278651] (robot_msgs) StdoutLine: {'line': b'-- Up-to-date: /home/yanji/robot_screwing/install/robot_msgs/share/robot_msgs/cmake/ament_cmake_export_libraries-extras.cmake\n'}
[0.278674] (robot_msgs) StdoutLine: {'line': b'-- Up-to-date: /home/yanji/robot_screwing/install/robot_msgs/share/robot_msgs/cmake/ament_cmake_export_targets-extras.cmake\n'}
[0.278696] (robot_msgs) StdoutLine: {'line': b'-- Up-to-date: /home/yanji/robot_screwing/install/robot_msgs/share/robot_msgs/cmake/ament_cmake_export_include_directories-extras.cmake\n'}
[0.278719] (robot_msgs) StdoutLine: {'line': b'-- Up-to-date: /home/yanji/robot_screwing/install/robot_msgs/share/robot_msgs/cmake/rosidl_cmake_export_typesupport_libraries-extras.cmake\n'}
[0.278741] (robot_msgs) StdoutLine: {'line': b'-- Up-to-date: /home/yanji/robot_screwing/install/robot_msgs/share/robot_msgs/cmake/rosidl_cmake_export_typesupport_targets-extras.cmake\n'}
[0.278763] (robot_msgs) StdoutLine: {'line': b'-- Up-to-date: /home/yanji/robot_screwing/install/robot_msgs/share/robot_msgs/cmake/robot_msgsConfig.cmake\n'}
[0.278785] (robot_msgs) StdoutLine: {'line': b'-- Up-to-date: /home/yanji/robot_screwing/install/robot_msgs/share/robot_msgs/cmake/robot_msgsConfig-version.cmake\n'}
[0.278807] (robot_msgs) StdoutLine: {'line': b'-- Up-to-date: /home/yanji/robot_screwing/install/robot_msgs/share/robot_msgs/package.xml\n'}
[0.279891] (robot_msgs) CommandEnded: {'returncode': 0}
[0.289936] (robot_msgs) JobEnded: {'identifier': 'robot_msgs', 'rc': 0}
[0.290409] (screw_robot_control) JobStarted: {'identifier': 'screw_robot_control'}
[0.294848] (screw_robot_control) JobProgress: {'identifier': 'screw_robot_control', 'progress': 'cmake'}
[0.295321] (screw_robot_control) JobProgress: {'identifier': 'screw_robot_control', 'progress': 'build'}
[0.295497] (screw_robot_control) Command: {'cmd': ['/usr/bin/cmake', '--build', '/home/yanji/robot_screwing/build/screw_robot_control', '--', '-j24', '-l24'], 'cwd': '/home/yanji/robot_screwing/build/screw_robot_control', 'env': OrderedDict([('LESSOPEN', '| /usr/bin/lesspipe %s'), ('LIBRARY_PATH', '/home/yanji/jaka_python:/home/yanji/jaka_python::/usr/local/cuda/lib64:/usr/local/cuda/lib64'), ('CONDA_PROMPT_MODIFIER', '(screwrobot)'), ('HTTPS_PROXY', 'http://127.0.0.1:7890/'), ('no_proxy', 'localhost,127.0.0.0/8,::1'), ('LANGUAGE', 'zh_CN:en'), ('USER', 'yanji'), ('LC_TIME', 'en_US.UTF-8'), ('all_proxy', 'socks://127.0.0.1:7891/'), ('SSH_AGENT_PID', '2030'), ('XDG_SESSION_TYPE', 'x11'), ('GIT_ASKPASS', '/usr/share/code/resources/app/extensions/git/dist/askpass.sh'), ('SHLVL', '2'), ('LD_LIBRARY_PATH', '/home/yanji/robot_screwing/install/robot_msgs/lib:/lib/x86_64-linux-gnu:/usr/lib/x86_64-linux-gnu:/home/yanji/robot_screwing/install/screw_robot_control/lib:/opt/ros/foxy/opt/yaml_cpp_vendor/lib:/opt/ros/foxy/opt/rviz_ogre_vendor/lib:/opt/ros/foxy/lib/x86_64-linux-gnu:/opt/ros/foxy/lib:/lib/x86_64-linux-gnu:/usr/lib/x86_64-linux-gnu:/usr/local/cuda/lib64:/usr/local/cuda/lib64'), ('HOME', '/home/yanji'), ('CHROME_DESKTOP', 'code.desktop'), ('CONDA_SHLVL', '1'), ('OLDPWD', '/home/yanji/robot_screwing/src'), ('TERM_PROGRAM_VERSION', '1.97.2'), ('DESKTOP_SESSION', 'ubuntu'), ('NO_PROXY', 'localhost,127.0.0.0/8,::1'), ('ROS_PYTHON_VERSION', '3'), ('GNOME_SHELL_SESSION_MODE', 'ubuntu'), ('GTK_MODULES', 'gail:atk-bridge'), ('XDG_SEAT_PATH', '/org/freedesktop/DisplayManager/Seat0'), ('VSCODE_GIT_ASKPASS_MAIN', '/usr/share/code/resources/app/extensions/git/dist/askpass-main.js'), ('LC_MONETARY', 'en_US.UTF-8'), ('VSCODE_GIT_ASKPASS_NODE', '/usr/share/code/code'), ('MANAGERPID', '1942'), ('PYDEVD_DISABLE_FILE_VALIDATION', '1'), ('BUNDLED_DEBUGPY_PATH', '/home/yanji/.vscode/extensions/ms-python.debugpy-2025.10.0-linux-x64/bundled/libs/debugpy'), ('DBUS_SESSION_BUS_ADDRESS', 'unix:path=/run/user/1000/bus'), ('COLORTERM', 'truecolor'), ('_CE_M', ''), ('IM_CONFIG_PHASE', '1'), ('https_proxy', 'http://127.0.0.1:7890/'), ('COLCON_PREFIX_PATH', '/home/yanji/robot_screwing/install'), ('ROS_DISTRO', 'foxy'), ('LOGNAME', 'yanji'), ('ALL_PROXY', 'socks://127.0.0.1:7891/'), ('http_proxy', 'http://127.0.0.1:7890/'), ('JOURNAL_STREAM', '8:62573'), ('_', '/usr/bin/colcon'), ('ROS_VERSION', '2'), ('XDG_SESSION_CLASS', 'user'), ('TERM', 'xterm-256color'), ('GNOME_DESKTOP_SESSION_ID', 'this-is-deprecated'), ('_CE_CONDA', ''), ('ROS_LOCALHOST_ONLY', '0'), ('PATH', '/home/yanji/anaconda3/envs/screwrobot/bin:/opt/ros/foxy/bin:/usr/lib/ccache:/home/yanji/anaconda3/envs/screwrobot/bin:/usr/lib/ccache:/home/yanji/anaconda3/condabin:/home/yanji/.local/bin:/usr/local/sbin:/usr/local/bin:/usr/sbin:/usr/bin:/sbin:/bin:/usr/games:/usr/local/games:/snap/bin:/usr/local/cuda/bin:/home/yanji/pycharm/bin:/home/yanji/.vscode/extensions/ms-python.debugpy-2025.10.0-linux-x64/bundled/scripts/noConfigScripts:/usr/local/cuda/bin:/home/yanji/pycharm/bin'), ('SESSION_MANAGER', 'local/yanji-server:@/tmp/.ICE-unix/2066,unix/yanji-server:/tmp/.ICE-unix/2066'), ('GDM_LANG', 'zh_CN'), ('INVOCATION_ID', '7d605fe84c3e49cabbdb23ff5b52dddb'), ('PAPERSIZE', 'letter'), ('XDG_SESSION_PATH', '/org/freedesktop/DisplayManager/Session0'), ('XDG_MENU_PREFIX', 'gnome-'), ('LC_ADDRESS', 'en_US.UTF-8'), ('GNOME_TERMINAL_SCREEN', '/org/gnome/Terminal/screen/74f246c2_f299_40e3_8e19_ce1c8425d4a0'), ('XDG_RUNTIME_DIR', '/run/user/1000'), ('GDK_BACKEND', 'x11'), ('DISPLAY', ':0'), ('VSCODE_DEBUGPY_ADAPTER_ENDPOINTS', '/home/yanji/.vscode/extensions/ms-python.debugpy-2025.10.0-linux-x64/.noConfigDebugAdapterEndpoints/endpoint-35e173d817dea6ca.txt'), ('LANG', 'zh_CN.UTF-8'), ('XDG_CURRENT_DESKTOP', 'Unity'), ('LC_TELEPHONE', 'en_US.UTF-8'), ('XMODIFIERS', '@im=ibus'), ('XDG_SESSION_DESKTOP', 'ubuntu'), ('XAUTHORITY', '/home/yanji/.Xauthority'), ('LS_COLORS', 'rs=0:di=01;34:ln=01;36:mh=00:pi=40;33:so=01;35:do=01;35:bd=40;33;01:cd=40;33;01:or=40;31;01:mi=00:su=37;41:sg=30;43:ca=30;41:tw=30;42:ow=34;42:st=37;44:ex=01;32:*.tar=01;31:*.tgz=01;31:*.arc=01;31:*.arj=01;31:*.taz=01;31:*.lha=01;31:*.lz4=01;31:*.lzh=01;31:*.lzma=01;31:*.tlz=01;31:*.txz=01;31:*.tzo=01;31:*.t7z=01;31:*.zip=01;31:*.z=01;31:*.dz=01;31:*.gz=01;31:*.lrz=01;31:*.lz=01;31:*.lzo=01;31:*.xz=01;31:*.zst=01;31:*.tzst=01;31:*.bz2=01;31:*.bz=01;31:*.tbz=01;31:*.tbz2=01;31:*.tz=01;31:*.deb=01;31:*.rpm=01;31:*.jar=01;31:*.war=01;31:*.ear=01;31:*.sar=01;31:*.rar=01;31:*.alz=01;31:*.ace=01;31:*.zoo=01;31:*.cpio=01;31:*.7z=01;31:*.rz=01;31:*.cab=01;31:*.wim=01;31:*.swm=01;31:*.dwm=01;31:*.esd=01;31:*.jpg=01;35:*.jpeg=01;35:*.mjpg=01;35:*.mjpeg=01;35:*.gif=01;35:*.bmp=01;35:*.pbm=01;35:*.pgm=01;35:*.ppm=01;35:*.tga=01;35:*.xbm=01;35:*.xpm=01;35:*.tif=01;35:*.tiff=01;35:*.png=01;35:*.svg=01;35:*.svgz=01;35:*.mng=01;35:*.pcx=01;35:*.mov=01;35:*.mpg=01;35:*.mpeg=01;35:*.m2v=01;35:*.mkv=01;35:*.webm=01;35:*.ogm=01;35:*.mp4=01;35:*.m4v=01;35:*.mp4v=01;35:*.vob=01;35:*.qt=01;35:*.nuv=01;35:*.wmv=01;35:*.asf=01;35:*.rm=01;35:*.rmvb=01;35:*.flc=01;35:*.avi=01;35:*.fli=01;35:*.flv=01;35:*.gl=01;35:*.dl=01;35:*.xcf=01;35:*.xwd=01;35:*.yuv=01;35:*.cgm=01;35:*.emf=01;35:*.ogv=01;35:*.ogx=01;35:*.aac=00;36:*.au=00;36:*.flac=00;36:*.m4a=00;36:*.mid=00;36:*.midi=00;36:*.mka=00;36:*.mp3=00;36:*.mpc=00;36:*.ogg=00;36:*.ra=00;36:*.wav=00;36:*.oga=00;36:*.opus=00;36:*.spx=00;36:*.xspf=00;36:'), ('VSCODE_GIT_IPC_HANDLE', '/run/user/1000/vscode-git-51992ed709.sock'), ('GNOME_TERMINAL_SERVICE', ':1.82'), ('TERM_PROGRAM', 'vscode'), ('SSH_AUTH_SOCK', '/run/user/1000/keyring/ssh'), ('XDG_GREETER_DATA_DIR', '/var/lib/lightdm-data/yanji'), ('AMENT_PREFIX_PATH', '/home/yanji/robot_screwing/install/screw_robot_control:/home/yanji/robot_screwing/install/robot_msgs:/home/yanji/robot_screwing/install/real_robot:/home/yanji/robot_screwing/install/mj_sim:/opt/ros/foxy'), ('CONDA_PYTHON_EXE', '/home/yanji/anaconda3/bin/python'), ('ORIGINAL_XDG_CURRENT_DESKTOP', 'ubuntu:GNOME'), ('SHELL', '/bin/bash'), ('LC_NAME', 'en_US.UTF-8'), ('QT_ACCESSIBILITY', '1'), ('GDMSESSION', 'ubuntu'), ('LESSCLOSE', '/usr/bin/lesspipe %s %s'), ('CONDA_DEFAULT_ENV', 'screwrobot'), ('LC_MEASUREMENT', 'en_US.UTF-8'), ('GPG_AGENT_INFO', '/run/user/1000/gnupg/S.gpg-agent:0:1'), ('LC_IDENTIFICATION', 'en_US.UTF-8'), ('VSCODE_GIT_ASKPASS_EXTRA_ARGS', ''), ('QT_IM_MODULE', 'ibus'), ('PWD', '/home/yanji/robot_screwing/build/screw_robot_control'), ('LC_ALL', 'en_US.UTF-8'), ('XDG_CONFIG_DIRS', '/etc/xdg/xdg-ubuntu:/etc/xdg'), ('CONDA_EXE', '/home/yanji/anaconda3/bin/conda'), ('XDG_DATA_DIRS', '/usr/share/ubuntu:/home/yanji/.local/share/flatpak/exports/share:/var/lib/flatpak/exports/share:/usr/local/share:/usr/share:/var/lib/snapd/desktop'), ('PYTHONPATH', '/home/yanji/robot_screwing/install/robot_msgs/lib/python3.8/site-packages:/home/yanji/robot_screwing/install/real_robot/lib/python3.8/site-packages:/home/yanji/robot_screwing/install/mj_sim/lib/python3.8/site-packages:/opt/ros/foxy/lib/python3.8/site-packages'), ('HTTP_PROXY', 'http://127.0.0.1:7890/'), ('LC_NUMERIC', 'en_US.UTF-8'), ('CONDA_PREFIX', '/home/yanji/anaconda3/envs/screwrobot'), ('LC_PAPER', 'en_US.UTF-8'), ('COLCON', '1'), ('VTE_VERSION', '6003'), ('CMAKE_PREFIX_PATH', '/home/yanji/robot_screwing/install/robot_msgs:/home/yanji/robot_screwing/install/screw_robot_control:/home/yanji/robot_screwing/install/real_robot:/home/yanji/robot_screwing/install/mj_sim:/opt/ros/foxy')]), 'shell': False}
[0.300417] (-) TimerEvent: {}
[0.322450] (screw_robot_control) StdoutLine: {'line': b'[ 20%] Built target SERVO_MOTOR\n'}
[0.336620] (screw_robot_control) StdoutLine: {'line': b'[ 40%] Built target SCREWING_TOOL\n'}
[0.352236] (screw_robot_control) StdoutLine: {'line': b'[ 60%] Built target task_control_screw\n'}
[0.354694] (screw_robot_control) StdoutLine: {'line': b'[100%] Built target right_arm_control_tcp\n'}
[0.354764] (screw_robot_control) StdoutLine: {'line': b'[100%] Built target right_arm_control\n'}
[0.359807] (screw_robot_control) CommandEnded: {'returncode': 0}
[0.360410] (screw_robot_control) JobProgress: {'identifier': 'screw_robot_control', 'progress': 'install'}
[0.360593] (screw_robot_control) Command: {'cmd': ['/usr/bin/cmake', '--install', '/home/yanji/robot_screwing/build/screw_robot_control'], 'cwd': '/home/yanji/robot_screwing/build/screw_robot_control', 'env': OrderedDict([('LESSOPEN', '| /usr/bin/lesspipe %s'), ('LIBRARY_PATH', '/home/yanji/jaka_python:/home/yanji/jaka_python::/usr/local/cuda/lib64:/usr/local/cuda/lib64'), ('CONDA_PROMPT_MODIFIER', '(screwrobot)'), ('HTTPS_PROXY', 'http://127.0.0.1:7890/'), ('no_proxy', 'localhost,127.0.0.0/8,::1'), ('LANGUAGE', 'zh_CN:en'), ('USER', 'yanji'), ('LC_TIME', 'en_US.UTF-8'), ('all_proxy', 'socks://127.0.0.1:7891/'), ('SSH_AGENT_PID', '2030'), ('XDG_SESSION_TYPE', 'x11'), ('GIT_ASKPASS', '/usr/share/code/resources/app/extensions/git/dist/askpass.sh'), ('SHLVL', '2'), ('LD_LIBRARY_PATH', '/home/yanji/robot_screwing/install/robot_msgs/lib:/lib/x86_64-linux-gnu:/usr/lib/x86_64-linux-gnu:/home/yanji/robot_screwing/install/screw_robot_control/lib:/opt/ros/foxy/opt/yaml_cpp_vendor/lib:/opt/ros/foxy/opt/rviz_ogre_vendor/lib:/opt/ros/foxy/lib/x86_64-linux-gnu:/opt/ros/foxy/lib:/lib/x86_64-linux-gnu:/usr/lib/x86_64-linux-gnu:/usr/local/cuda/lib64:/usr/local/cuda/lib64'), ('HOME', '/home/yanji'), ('CHROME_DESKTOP', 'code.desktop'), ('CONDA_SHLVL', '1'), ('OLDPWD', '/home/yanji/robot_screwing/src'), ('TERM_PROGRAM_VERSION', '1.97.2'), ('DESKTOP_SESSION', 'ubuntu'), ('NO_PROXY', 'localhost,127.0.0.0/8,::1'), ('ROS_PYTHON_VERSION', '3'), ('GNOME_SHELL_SESSION_MODE', 'ubuntu'), ('GTK_MODULES', 'gail:atk-bridge'), ('XDG_SEAT_PATH', '/org/freedesktop/DisplayManager/Seat0'), ('VSCODE_GIT_ASKPASS_MAIN', '/usr/share/code/resources/app/extensions/git/dist/askpass-main.js'), ('LC_MONETARY', 'en_US.UTF-8'), ('VSCODE_GIT_ASKPASS_NODE', '/usr/share/code/code'), ('MANAGERPID', '1942'), ('PYDEVD_DISABLE_FILE_VALIDATION', '1'), ('BUNDLED_DEBUGPY_PATH', '/home/yanji/.vscode/extensions/ms-python.debugpy-2025.10.0-linux-x64/bundled/libs/debugpy'), ('DBUS_SESSION_BUS_ADDRESS', 'unix:path=/run/user/1000/bus'), ('COLORTERM', 'truecolor'), ('_CE_M', ''), ('IM_CONFIG_PHASE', '1'), ('https_proxy', 'http://127.0.0.1:7890/'), ('COLCON_PREFIX_PATH', '/home/yanji/robot_screwing/install'), ('ROS_DISTRO', 'foxy'), ('LOGNAME', 'yanji'), ('ALL_PROXY', 'socks://127.0.0.1:7891/'), ('http_proxy', 'http://127.0.0.1:7890/'), ('JOURNAL_STREAM', '8:62573'), ('_', '/usr/bin/colcon'), ('ROS_VERSION', '2'), ('XDG_SESSION_CLASS', 'user'), ('TERM', 'xterm-256color'), ('GNOME_DESKTOP_SESSION_ID', 'this-is-deprecated'), ('_CE_CONDA', ''), ('ROS_LOCALHOST_ONLY', '0'), ('PATH', '/home/yanji/anaconda3/envs/screwrobot/bin:/opt/ros/foxy/bin:/usr/lib/ccache:/home/yanji/anaconda3/envs/screwrobot/bin:/usr/lib/ccache:/home/yanji/anaconda3/condabin:/home/yanji/.local/bin:/usr/local/sbin:/usr/local/bin:/usr/sbin:/usr/bin:/sbin:/bin:/usr/games:/usr/local/games:/snap/bin:/usr/local/cuda/bin:/home/yanji/pycharm/bin:/home/yanji/.vscode/extensions/ms-python.debugpy-2025.10.0-linux-x64/bundled/scripts/noConfigScripts:/usr/local/cuda/bin:/home/yanji/pycharm/bin'), ('SESSION_MANAGER', 'local/yanji-server:@/tmp/.ICE-unix/2066,unix/yanji-server:/tmp/.ICE-unix/2066'), ('GDM_LANG', 'zh_CN'), ('INVOCATION_ID', '7d605fe84c3e49cabbdb23ff5b52dddb'), ('PAPERSIZE', 'letter'), ('XDG_SESSION_PATH', '/org/freedesktop/DisplayManager/Session0'), ('XDG_MENU_PREFIX', 'gnome-'), ('LC_ADDRESS', 'en_US.UTF-8'), ('GNOME_TERMINAL_SCREEN', '/org/gnome/Terminal/screen/74f246c2_f299_40e3_8e19_ce1c8425d4a0'), ('XDG_RUNTIME_DIR', '/run/user/1000'), ('GDK_BACKEND', 'x11'), ('DISPLAY', ':0'), ('VSCODE_DEBUGPY_ADAPTER_ENDPOINTS', '/home/yanji/.vscode/extensions/ms-python.debugpy-2025.10.0-linux-x64/.noConfigDebugAdapterEndpoints/endpoint-35e173d817dea6ca.txt'), ('LANG', 'zh_CN.UTF-8'), ('XDG_CURRENT_DESKTOP', 'Unity'), ('LC_TELEPHONE', 'en_US.UTF-8'), ('XMODIFIERS', '@im=ibus'), ('XDG_SESSION_DESKTOP', 'ubuntu'), ('XAUTHORITY', '/home/yanji/.Xauthority'), ('LS_COLORS', 'rs=0:di=01;34:ln=01;36:mh=00:pi=40;33:so=01;35:do=01;35:bd=40;33;01:cd=40;33;01:or=40;31;01:mi=00:su=37;41:sg=30;43:ca=30;41:tw=30;42:ow=34;42:st=37;44:ex=01;32:*.tar=01;31:*.tgz=01;31:*.arc=01;31:*.arj=01;31:*.taz=01;31:*.lha=01;31:*.lz4=01;31:*.lzh=01;31:*.lzma=01;31:*.tlz=01;31:*.txz=01;31:*.tzo=01;31:*.t7z=01;31:*.zip=01;31:*.z=01;31:*.dz=01;31:*.gz=01;31:*.lrz=01;31:*.lz=01;31:*.lzo=01;31:*.xz=01;31:*.zst=01;31:*.tzst=01;31:*.bz2=01;31:*.bz=01;31:*.tbz=01;31:*.tbz2=01;31:*.tz=01;31:*.deb=01;31:*.rpm=01;31:*.jar=01;31:*.war=01;31:*.ear=01;31:*.sar=01;31:*.rar=01;31:*.alz=01;31:*.ace=01;31:*.zoo=01;31:*.cpio=01;31:*.7z=01;31:*.rz=01;31:*.cab=01;31:*.wim=01;31:*.swm=01;31:*.dwm=01;31:*.esd=01;31:*.jpg=01;35:*.jpeg=01;35:*.mjpg=01;35:*.mjpeg=01;35:*.gif=01;35:*.bmp=01;35:*.pbm=01;35:*.pgm=01;35:*.ppm=01;35:*.tga=01;35:*.xbm=01;35:*.xpm=01;35:*.tif=01;35:*.tiff=01;35:*.png=01;35:*.svg=01;35:*.svgz=01;35:*.mng=01;35:*.pcx=01;35:*.mov=01;35:*.mpg=01;35:*.mpeg=01;35:*.m2v=01;35:*.mkv=01;35:*.webm=01;35:*.ogm=01;35:*.mp4=01;35:*.m4v=01;35:*.mp4v=01;35:*.vob=01;35:*.qt=01;35:*.nuv=01;35:*.wmv=01;35:*.asf=01;35:*.rm=01;35:*.rmvb=01;35:*.flc=01;35:*.avi=01;35:*.fli=01;35:*.flv=01;35:*.gl=01;35:*.dl=01;35:*.xcf=01;35:*.xwd=01;35:*.yuv=01;35:*.cgm=01;35:*.emf=01;35:*.ogv=01;35:*.ogx=01;35:*.aac=00;36:*.au=00;36:*.flac=00;36:*.m4a=00;36:*.mid=00;36:*.midi=00;36:*.mka=00;36:*.mp3=00;36:*.mpc=00;36:*.ogg=00;36:*.ra=00;36:*.wav=00;36:*.oga=00;36:*.opus=00;36:*.spx=00;36:*.xspf=00;36:'), ('VSCODE_GIT_IPC_HANDLE', '/run/user/1000/vscode-git-51992ed709.sock'), ('GNOME_TERMINAL_SERVICE', ':1.82'), ('TERM_PROGRAM', 'vscode'), ('SSH_AUTH_SOCK', '/run/user/1000/keyring/ssh'), ('XDG_GREETER_DATA_DIR', '/var/lib/lightdm-data/yanji'), ('AMENT_PREFIX_PATH', '/home/yanji/robot_screwing/install/screw_robot_control:/home/yanji/robot_screwing/install/robot_msgs:/home/yanji/robot_screwing/install/real_robot:/home/yanji/robot_screwing/install/mj_sim:/opt/ros/foxy'), ('CONDA_PYTHON_EXE', '/home/yanji/anaconda3/bin/python'), ('ORIGINAL_XDG_CURRENT_DESKTOP', 'ubuntu:GNOME'), ('SHELL', '/bin/bash'), ('LC_NAME', 'en_US.UTF-8'), ('QT_ACCESSIBILITY', '1'), ('GDMSESSION', 'ubuntu'), ('LESSCLOSE', '/usr/bin/lesspipe %s %s'), ('CONDA_DEFAULT_ENV', 'screwrobot'), ('LC_MEASUREMENT', 'en_US.UTF-8'), ('GPG_AGENT_INFO', '/run/user/1000/gnupg/S.gpg-agent:0:1'), ('LC_IDENTIFICATION', 'en_US.UTF-8'), ('VSCODE_GIT_ASKPASS_EXTRA_ARGS', ''), ('QT_IM_MODULE', 'ibus'), ('PWD', '/home/yanji/robot_screwing/build/screw_robot_control'), ('LC_ALL', 'en_US.UTF-8'), ('XDG_CONFIG_DIRS', '/etc/xdg/xdg-ubuntu:/etc/xdg'), ('CONDA_EXE', '/home/yanji/anaconda3/bin/conda'), ('XDG_DATA_DIRS', '/usr/share/ubuntu:/home/yanji/.local/share/flatpak/exports/share:/var/lib/flatpak/exports/share:/usr/local/share:/usr/share:/var/lib/snapd/desktop'), ('PYTHONPATH', '/home/yanji/robot_screwing/install/robot_msgs/lib/python3.8/site-packages:/home/yanji/robot_screwing/install/real_robot/lib/python3.8/site-packages:/home/yanji/robot_screwing/install/mj_sim/lib/python3.8/site-packages:/opt/ros/foxy/lib/python3.8/site-packages'), ('HTTP_PROXY', 'http://127.0.0.1:7890/'), ('LC_NUMERIC', 'en_US.UTF-8'), ('CONDA_PREFIX', '/home/yanji/anaconda3/envs/screwrobot'), ('LC_PAPER', 'en_US.UTF-8'), ('COLCON', '1'), ('VTE_VERSION', '6003'), ('CMAKE_PREFIX_PATH', '/home/yanji/robot_screwing/install/robot_msgs:/home/yanji/robot_screwing/install/screw_robot_control:/home/yanji/robot_screwing/install/real_robot:/home/yanji/robot_screwing/install/mj_sim:/opt/ros/foxy')]), 'shell': False}
[0.365562] (screw_robot_control) StdoutLine: {'line': b'-- Install configuration: ""\n'}
[0.365697] (screw_robot_control) StdoutLine: {'line': b'-- Up-to-date: /home/yanji/robot_screwing/install/screw_robot_control/lib/libSERVO_MOTOR.so\n'}
[0.365780] (screw_robot_control) StdoutLine: {'line': b'-- Up-to-date: /home/yanji/robot_screwing/install/screw_robot_control/lib/libSCREWING_TOOL.so\n'}
[0.365885] (screw_robot_control) StdoutLine: {'line': b'-- Up-to-date: /home/yanji/robot_screwing/install/screw_robot_control/lib/screw_robot_control/right_arm_control\n'}
[0.366033] (screw_robot_control) StdoutLine: {'line': b'-- Up-to-date: /home/yanji/robot_screwing/install/screw_robot_control/lib/screw_robot_control/task_control_screw\n'}
[0.366186] (screw_robot_control) StdoutLine: {'line': b'-- Up-to-date: /home/yanji/robot_screwing/install/screw_robot_control/lib/screw_robot_control/right_arm_control_tcp\n'}
[0.366273] (screw_robot_control) StdoutLine: {'line': b'-- Up-to-date: /home/yanji/robot_screwing/install/screw_robot_control/lib/libjakaAPI.so\n'}
[0.366320] (screw_robot_control) StdoutLine: {'line': b'-- Up-to-date: /home/yanji/robot_screwing/install/screw_robot_control/lib/libdxl_x64_cpp.so\n'}
[0.366382] (screw_robot_control) StdoutLine: {'line': b'-- Up-to-date: /home/yanji/robot_screwing/install/screw_robot_control/include\n'}
[0.366452] (screw_robot_control) StdoutLine: {'line': b'-- Up-to-date: /home/yanji/robot_screwing/install/screw_robot_control/include/screw_robot_control\n'}
[0.366503] (screw_robot_control) StdoutLine: {'line': b'-- Up-to-date: /home/yanji/robot_screwing/install/screw_robot_control/include/screw_robot_control/dynamixel\n'}
[0.366545] (screw_robot_control) StdoutLine: {'line': b'-- Up-to-date: /home/yanji/robot_screwing/install/screw_robot_control/include/screw_robot_control/dynamixel/dynamixel_sdk.h\n'}
[0.366576] (screw_robot_control) StdoutLine: {'line': b'-- Up-to-date: /home/yanji/robot_screwing/install/screw_robot_control/include/screw_robot_control/dynamixel/port_handler.h\n'}
[0.366613] (screw_robot_control) StdoutLine: {'line': b'-- Up-to-date: /home/yanji/robot_screwing/install/screw_robot_control/include/screw_robot_control/dynamixel/packet_handler.h\n'}
[0.366647] (screw_robot_control) StdoutLine: {'line': b'-- Up-to-date: /home/yanji/robot_screwing/install/screw_robot_control/include/screw_robot_control/dynamixel/group_bulk_read.h\n'}
[0.366684] (screw_robot_control) StdoutLine: {'line': b'-- Up-to-date: /home/yanji/robot_screwing/install/screw_robot_control/include/screw_robot_control/dynamixel/protocol1_packet_handler.h\n'}
[0.366714] (screw_robot_control) StdoutLine: {'line': b'-- Up-to-date: /home/yanji/robot_screwing/install/screw_robot_control/include/screw_robot_control/dynamixel/port_handler_arduino.h\n'}
[0.366751] (screw_robot_control) StdoutLine: {'line': b'-- Up-to-date: /home/yanji/robot_screwing/install/screw_robot_control/include/screw_robot_control/dynamixel/group_sync_write.h\n'}
[0.366786] (screw_robot_control) StdoutLine: {'line': b'-- Up-to-date: /home/yanji/robot_screwing/install/screw_robot_control/include/screw_robot_control/dynamixel/port_handler_linux.h\n'}
[0.366818] (screw_robot_control) StdoutLine: {'line': b'-- Up-to-date: /home/yanji/robot_screwing/install/screw_robot_control/include/screw_robot_control/dynamixel/port_handler_windows.h\n'}
[0.366842] (screw_robot_control) StdoutLine: {'line': b'-- Up-to-date: /home/yanji/robot_screwing/install/screw_robot_control/include/screw_robot_control/dynamixel/protocol2_packet_handler.h\n'}
[0.366866] (screw_robot_control) StdoutLine: {'line': b'-- Up-to-date: /home/yanji/robot_screwing/install/screw_robot_control/include/screw_robot_control/dynamixel/port_handler_mac.h\n'}
[0.366897] (screw_robot_control) StdoutLine: {'line': b'-- Up-to-date: /home/yanji/robot_screwing/install/screw_robot_control/include/screw_robot_control/dynamixel/group_sync_read.h\n'}
[0.366934] (screw_robot_control) StdoutLine: {'line': b'-- Up-to-date: /home/yanji/robot_screwing/install/screw_robot_control/include/screw_robot_control/dynamixel/group_bulk_write.h\n'}
[0.366965] (screw_robot_control) StdoutLine: {'line': b'-- Up-to-date: /home/yanji/robot_screwing/install/screw_robot_control/include/screw_robot_control/jaka\n'}
[0.366988] (screw_robot_control) StdoutLine: {'line': b'-- Up-to-date: /home/yanji/robot_screwing/install/screw_robot_control/include/screw_robot_control/jaka/right_arm_control.hpp\n'}
[0.367010] (screw_robot_control) StdoutLine: {'line': b'-- Up-to-date: /home/yanji/robot_screwing/install/screw_robot_control/include/screw_robot_control/jaka/servo_motor_function.hpp\n'}
[0.367036] (screw_robot_control) StdoutLine: {'line': b'-- Up-to-date: /home/yanji/robot_screwing/install/screw_robot_control/include/screw_robot_control/jaka/JAKAZuRobot.h\n'}
[0.367059] (screw_robot_control) StdoutLine: {'line': b'-- Up-to-date: /home/yanji/robot_screwing/install/screw_robot_control/include/screw_robot_control/jaka/jktypes.h\n'}
[0.367081] (screw_robot_control) StdoutLine: {'line': b'-- Up-to-date: /home/yanji/robot_screwing/install/screw_robot_control/include/screw_robot_control/jaka/task_control_screw.hpp\n'}
[0.367103] (screw_robot_control) StdoutLine: {'line': b'-- Up-to-date: /home/yanji/robot_screwing/install/screw_robot_control/include/screw_robot_control/jaka/jkerr.h\n'}
[0.367125] (screw_robot_control) StdoutLine: {'line': b'-- Up-to-date: /home/yanji/robot_screwing/install/screw_robot_control/include/screw_robot_control/jaka/right_arm_control_tcp.hpp\n'}
[0.367148] (screw_robot_control) StdoutLine: {'line': b'-- Up-to-date: /home/yanji/robot_screwing/install/screw_robot_control/include/screw_robot_control/jaka/screwing_tool.hpp\n'}
[0.367171] (screw_robot_control) StdoutLine: {'line': b'-- Up-to-date: /home/yanji/robot_screwing/install/screw_robot_control/share/screw_robot_control/launch\n'}
[0.367193] (screw_robot_control) StdoutLine: {'line': b'-- Up-to-date: /home/yanji/robot_screwing/install/screw_robot_control/share/screw_robot_control/launch/server_mpc.launch.py\n'}
[0.367219] (screw_robot_control) StdoutLine: {'line': b'-- Up-to-date: /home/yanji/robot_screwing/install/screw_robot_control/share/ament_index/resource_index/package_run_dependencies/screw_robot_control\n'}
[0.367241] (screw_robot_control) StdoutLine: {'line': b'-- Up-to-date: /home/yanji/robot_screwing/install/screw_robot_control/share/ament_index/resource_index/parent_prefix_path/screw_robot_control\n'}
[0.367264] (screw_robot_control) StdoutLine: {'line': b'-- Up-to-date: /home/yanji/robot_screwing/install/screw_robot_control/share/screw_robot_control/environment/ament_prefix_path.sh\n'}
[0.367286] (screw_robot_control) StdoutLine: {'line': b'-- Up-to-date: /home/yanji/robot_screwing/install/screw_robot_control/share/screw_robot_control/environment/ament_prefix_path.dsv\n'}
[0.367309] (screw_robot_control) StdoutLine: {'line': b'-- Up-to-date: /home/yanji/robot_screwing/install/screw_robot_control/share/screw_robot_control/environment/path.sh\n'}
[0.367332] (screw_robot_control) StdoutLine: {'line': b'-- Up-to-date: /home/yanji/robot_screwing/install/screw_robot_control/share/screw_robot_control/environment/path.dsv\n'}
[0.367364] (screw_robot_control) StdoutLine: {'line': b'-- Up-to-date: /home/yanji/robot_screwing/install/screw_robot_control/share/screw_robot_control/local_setup.bash\n'}
[0.367388] (screw_robot_control) StdoutLine: {'line': b'-- Up-to-date: /home/yanji/robot_screwing/install/screw_robot_control/share/screw_robot_control/local_setup.sh\n'}
[0.367411] (screw_robot_control) StdoutLine: {'line': b'-- Up-to-date: /home/yanji/robot_screwing/install/screw_robot_control/share/screw_robot_control/local_setup.zsh\n'}
[0.367459] (screw_robot_control) StdoutLine: {'line': b'-- Up-to-date: /home/yanji/robot_screwing/install/screw_robot_control/share/screw_robot_control/local_setup.dsv\n'}
[0.367555] (screw_robot_control) StdoutLine: {'line': b'-- Installing: /home/yanji/robot_screwing/install/screw_robot_control/share/screw_robot_control/package.dsv\n'}
[0.368193] (screw_robot_control) StdoutLine: {'line': b'-- Up-to-date: /home/yanji/robot_screwing/install/screw_robot_control/share/ament_index/resource_index/packages/screw_robot_control\n'}
[0.368290] (screw_robot_control) StdoutLine: {'line': b'-- Up-to-date: /home/yanji/robot_screwing/install/screw_robot_control/share/screw_robot_control/cmake/screw_robot_controlConfig.cmake\n'}
[0.368393] (screw_robot_control) StdoutLine: {'line': b'-- Up-to-date: /home/yanji/robot_screwing/install/screw_robot_control/share/screw_robot_control/cmake/screw_robot_controlConfig-version.cmake\n'}
[0.368528] (screw_robot_control) StdoutLine: {'line': b'-- Up-to-date: /home/yanji/robot_screwing/install/screw_robot_control/share/screw_robot_control/package.xml\n'}
[0.368650] (screw_robot_control) CommandEnded: {'returncode': 0}
[0.376127] (screw_robot_control) JobEnded: {'identifier': 'screw_robot_control', 'rc': 0}
[0.400496] (-) TimerEvent: {}
[0.457106] (real_robot) Command: {'cmd': ['/usr/bin/python3', '-W', 'ignore:setup.py install is deprecated', '-W', 'ignore:easy_install command is deprecated', 'setup.py', 'egg_info', '--egg-base', '../../build/real_robot', 'build', '--build-base', '/home/yanji/robot_screwing/build/real_robot/build', 'install', '--record', '/home/yanji/robot_screwing/build/real_robot/install.log', '--install-scripts', '$base/lib/real_robot', '--single-version-externally-managed', 'install_data'], 'cwd': '/home/yanji/robot_screwing/src/real_robot', 'env': {'LESSOPEN': '| /usr/bin/lesspipe %s', 'LIBRARY_PATH': '/home/yanji/jaka_python:/home/yanji/jaka_python::/usr/local/cuda/lib64:/usr/local/cuda/lib64', 'CONDA_PROMPT_MODIFIER': '(screwrobot)', 'HTTPS_PROXY': 'http://127.0.0.1:7890/', 'no_proxy': 'localhost,127.0.0.0/8,::1', 'LANGUAGE': 'zh_CN:en', 'USER': 'yanji', 'LC_TIME': 'en_US.UTF-8', 'all_proxy': 'socks://127.0.0.1:7891/', 'SSH_AGENT_PID': '2030', 'XDG_SESSION_TYPE': 'x11', 'GIT_ASKPASS': '/usr/share/code/resources/app/extensions/git/dist/askpass.sh', 'SHLVL': '2', 'LD_LIBRARY_PATH': '/lib/x86_64-linux-gnu:/usr/lib/x86_64-linux-gnu:/home/yanji/robot_screwing/install/screw_robot_control/lib:/home/yanji/robot_screwing/install/robot_msgs/lib:/opt/ros/foxy/opt/yaml_cpp_vendor/lib:/opt/ros/foxy/opt/rviz_ogre_vendor/lib:/opt/ros/foxy/lib/x86_64-linux-gnu:/opt/ros/foxy/lib:/lib/x86_64-linux-gnu:/usr/lib/x86_64-linux-gnu::/usr/local/cuda/lib64:/usr/local/cuda/lib64', 'HOME': '/home/yanji', 'CHROME_DESKTOP': 'code.desktop', 'CONDA_SHLVL': '1', 'OLDPWD': '/home/yanji/robot_screwing/src', 'TERM_PROGRAM_VERSION': '1.97.2', 'DESKTOP_SESSION': 'ubuntu', 'NO_PROXY': 'localhost,127.0.0.0/8,::1', 'ROS_PYTHON_VERSION': '3', 'GNOME_SHELL_SESSION_MODE': 'ubuntu', 'GTK_MODULES': 'gail:atk-bridge', 'XDG_SEAT_PATH': '/org/freedesktop/DisplayManager/Seat0', 'VSCODE_GIT_ASKPASS_MAIN': '/usr/share/code/resources/app/extensions/git/dist/askpass-main.js', 'LC_MONETARY': 'en_US.UTF-8', 'VSCODE_GIT_ASKPASS_NODE': '/usr/share/code/code', 'MANAGERPID': '1942', 'PYDEVD_DISABLE_FILE_VALIDATION': '1', 'BUNDLED_DEBUGPY_PATH': '/home/yanji/.vscode/extensions/ms-python.debugpy-2025.10.0-linux-x64/bundled/libs/debugpy', 'DBUS_SESSION_BUS_ADDRESS': 'unix:path=/run/user/1000/bus', 'COLORTERM': 'truecolor', '_CE_M': '', 'IM_CONFIG_PHASE': '1', 'https_proxy': 'http://127.0.0.1:7890/', 'COLCON_PREFIX_PATH': '/home/yanji/robot_screwing/install', 'ROS_DISTRO': 'foxy', 'LOGNAME': 'yanji', 'ALL_PROXY': 'socks://127.0.0.1:7891/', 'http_proxy': 'http://127.0.0.1:7890/', 'JOURNAL_STREAM': '8:62573', '_': '/usr/bin/colcon', 'ROS_VERSION': '2', 'XDG_SESSION_CLASS': 'user', 'TERM': 'xterm-256color', 'GNOME_DESKTOP_SESSION_ID': 'this-is-deprecated', '_CE_CONDA': '', 'ROS_LOCALHOST_ONLY': '0', 'PATH': '/home/yanji/anaconda3/envs/screwrobot/bin:/opt/ros/foxy/bin:/usr/lib/ccache:/home/yanji/anaconda3/envs/screwrobot/bin:/usr/lib/ccache:/home/yanji/anaconda3/condabin:/home/yanji/.local/bin:/usr/local/sbin:/usr/local/bin:/usr/sbin:/usr/bin:/sbin:/bin:/usr/games:/usr/local/games:/snap/bin:/usr/local/cuda/bin:/home/yanji/pycharm/bin:/home/yanji/.vscode/extensions/ms-python.debugpy-2025.10.0-linux-x64/bundled/scripts/noConfigScripts:/usr/local/cuda/bin:/home/yanji/pycharm/bin', 'SESSION_MANAGER': 'local/yanji-server:@/tmp/.ICE-unix/2066,unix/yanji-server:/tmp/.ICE-unix/2066', 'GDM_LANG': 'zh_CN', 'INVOCATION_ID': '7d605fe84c3e49cabbdb23ff5b52dddb', 'PAPERSIZE': 'letter', 'XDG_SESSION_PATH': '/org/freedesktop/DisplayManager/Session0', 'XDG_MENU_PREFIX': 'gnome-', 'LC_ADDRESS': 'en_US.UTF-8', 'GNOME_TERMINAL_SCREEN': '/org/gnome/Terminal/screen/74f246c2_f299_40e3_8e19_ce1c8425d4a0', 'XDG_RUNTIME_DIR': '/run/user/1000', 'GDK_BACKEND': 'x11', 'DISPLAY': ':0', 'VSCODE_DEBUGPY_ADAPTER_ENDPOINTS': '/home/yanji/.vscode/extensions/ms-python.debugpy-2025.10.0-linux-x64/.noConfigDebugAdapterEndpoints/endpoint-35e173d817dea6ca.txt', 'LANG': 'zh_CN.UTF-8', 'XDG_CURRENT_DESKTOP': 'Unity', 'LC_TELEPHONE': 'en_US.UTF-8', 'XMODIFIERS': '@im=ibus', 'XDG_SESSION_DESKTOP': 'ubuntu', 'XAUTHORITY': '/home/yanji/.Xauthority', 'LS_COLORS': 'rs=0:di=01;34:ln=01;36:mh=00:pi=40;33:so=01;35:do=01;35:bd=40;33;01:cd=40;33;01:or=40;31;01:mi=00:su=37;41:sg=30;43:ca=30;41:tw=30;42:ow=34;42:st=37;44:ex=01;32:*.tar=01;31:*.tgz=01;31:*.arc=01;31:*.arj=01;31:*.taz=01;31:*.lha=01;31:*.lz4=01;31:*.lzh=01;31:*.lzma=01;31:*.tlz=01;31:*.txz=01;31:*.tzo=01;31:*.t7z=01;31:*.zip=01;31:*.z=01;31:*.dz=01;31:*.gz=01;31:*.lrz=01;31:*.lz=01;31:*.lzo=01;31:*.xz=01;31:*.zst=01;31:*.tzst=01;31:*.bz2=01;31:*.bz=01;31:*.tbz=01;31:*.tbz2=01;31:*.tz=01;31:*.deb=01;31:*.rpm=01;31:*.jar=01;31:*.war=01;31:*.ear=01;31:*.sar=01;31:*.rar=01;31:*.alz=01;31:*.ace=01;31:*.zoo=01;31:*.cpio=01;31:*.7z=01;31:*.rz=01;31:*.cab=01;31:*.wim=01;31:*.swm=01;31:*.dwm=01;31:*.esd=01;31:*.jpg=01;35:*.jpeg=01;35:*.mjpg=01;35:*.mjpeg=01;35:*.gif=01;35:*.bmp=01;35:*.pbm=01;35:*.pgm=01;35:*.ppm=01;35:*.tga=01;35:*.xbm=01;35:*.xpm=01;35:*.tif=01;35:*.tiff=01;35:*.png=01;35:*.svg=01;35:*.svgz=01;35:*.mng=01;35:*.pcx=01;35:*.mov=01;35:*.mpg=01;35:*.mpeg=01;35:*.m2v=01;35:*.mkv=01;35:*.webm=01;35:*.ogm=01;35:*.mp4=01;35:*.m4v=01;35:*.mp4v=01;35:*.vob=01;35:*.qt=01;35:*.nuv=01;35:*.wmv=01;35:*.asf=01;35:*.rm=01;35:*.rmvb=01;35:*.flc=01;35:*.avi=01;35:*.fli=01;35:*.flv=01;35:*.gl=01;35:*.dl=01;35:*.xcf=01;35:*.xwd=01;35:*.yuv=01;35:*.cgm=01;35:*.emf=01;35:*.ogv=01;35:*.ogx=01;35:*.aac=00;36:*.au=00;36:*.flac=00;36:*.m4a=00;36:*.mid=00;36:*.midi=00;36:*.mka=00;36:*.mp3=00;36:*.mpc=00;36:*.ogg=00;36:*.ra=00;36:*.wav=00;36:*.oga=00;36:*.opus=00;36:*.spx=00;36:*.xspf=00;36:', 'VSCODE_GIT_IPC_HANDLE': '/run/user/1000/vscode-git-51992ed709.sock', 'GNOME_TERMINAL_SERVICE': ':1.82', 'TERM_PROGRAM': 'vscode', 'SSH_AUTH_SOCK': '/run/user/1000/keyring/ssh', 'XDG_GREETER_DATA_DIR': '/var/lib/lightdm-data/yanji', 'AMENT_PREFIX_PATH': '/home/yanji/robot_screwing/install/screw_robot_control:/home/yanji/robot_screwing/install/robot_msgs:/home/yanji/robot_screwing/install/real_robot:/home/yanji/robot_screwing/install/mj_sim:/opt/ros/foxy', 'CONDA_PYTHON_EXE': '/home/yanji/anaconda3/bin/python', 'ORIGINAL_XDG_CURRENT_DESKTOP': 'ubuntu:GNOME', 'SHELL': '/bin/bash', 'LC_NAME': 'en_US.UTF-8', 'QT_ACCESSIBILITY': '1', 'GDMSESSION': 'ubuntu', 'LESSCLOSE': '/usr/bin/lesspipe %s %s', 'CONDA_DEFAULT_ENV': 'screwrobot', 'LC_MEASUREMENT': 'en_US.UTF-8', 'GPG_AGENT_INFO': '/run/user/1000/gnupg/S.gpg-agent:0:1', 'LC_IDENTIFICATION': 'en_US.UTF-8', 'VSCODE_GIT_ASKPASS_EXTRA_ARGS': '', 'QT_IM_MODULE': 'ibus', 'PWD': '/home/yanji/robot_screwing/build/real_robot', 'LC_ALL': 'en_US.UTF-8', 'XDG_CONFIG_DIRS': '/etc/xdg/xdg-ubuntu:/etc/xdg', 'CONDA_EXE': '/home/yanji/anaconda3/bin/conda', 'XDG_DATA_DIRS': '/usr/share/ubuntu:/home/yanji/.local/share/flatpak/exports/share:/var/lib/flatpak/exports/share:/usr/local/share:/usr/share:/var/lib/snapd/desktop', 'PYTHONPATH': '/home/yanji/robot_screwing/build/real_robot/prefix_override:/usr/lib/python3/dist-packages/colcon_core/task/python/colcon_distutils_commands:/home/yanji/robot_screwing/install/real_robot/lib/python3.8/site-packages:/home/yanji/robot_screwing/install/robot_msgs/lib/python3.8/site-packages:/home/yanji/robot_screwing/install/real_robot/lib/python3.8/site-packages:/home/yanji/robot_screwing/install/mj_sim/lib/python3.8/site-packages:/opt/ros/foxy/lib/python3.8/site-packages', 'HTTP_PROXY': 'http://127.0.0.1:7890/', 'LC_NUMERIC': 'en_US.UTF-8', 'CONDA_PREFIX': '/home/yanji/anaconda3/envs/screwrobot', 'LC_PAPER': 'en_US.UTF-8', 'COLCON': '1', 'VTE_VERSION': '6003', 'CMAKE_PREFIX_PATH': '/home/yanji/robot_screwing/install/screw_robot_control:/home/yanji/robot_screwing/install/robot_msgs'}, 'shell': False}
[0.461147] (mj_sim) Command: {'cmd': ['/usr/bin/python3', '-W', 'ignore:setup.py install is deprecated', '-W', 'ignore:easy_install command is deprecated', 'setup.py', 'egg_info', '--egg-base', '../../build/mj_sim', 'build', '--build-base', '/home/yanji/robot_screwing/build/mj_sim/build', 'install', '--record', '/home/yanji/robot_screwing/build/mj_sim/install.log', '--install-scripts', '$base/lib/mj_sim', '--single-version-externally-managed', 'install_data'], 'cwd': '/home/yanji/robot_screwing/src/mj_sim', 'env': {'LESSOPEN': '| /usr/bin/lesspipe %s', 'LIBRARY_PATH': '/home/yanji/jaka_python:/home/yanji/jaka_python::/usr/local/cuda/lib64:/usr/local/cuda/lib64', 'CONDA_PROMPT_MODIFIER': '(screwrobot)', 'HTTPS_PROXY': 'http://127.0.0.1:7890/', 'no_proxy': 'localhost,127.0.0.0/8,::1', 'LANGUAGE': 'zh_CN:en', 'USER': 'yanji', 'LC_TIME': 'en_US.UTF-8', 'all_proxy': 'socks://127.0.0.1:7891/', 'SSH_AGENT_PID': '2030', 'XDG_SESSION_TYPE': 'x11', 'GIT_ASKPASS': '/usr/share/code/resources/app/extensions/git/dist/askpass.sh', 'SHLVL': '2', 'LD_LIBRARY_PATH': '/lib/x86_64-linux-gnu:/usr/lib/x86_64-linux-gnu:/home/yanji/robot_screwing/install/screw_robot_control/lib:/home/yanji/robot_screwing/install/robot_msgs/lib:/opt/ros/foxy/opt/yaml_cpp_vendor/lib:/opt/ros/foxy/opt/rviz_ogre_vendor/lib:/opt/ros/foxy/lib/x86_64-linux-gnu:/opt/ros/foxy/lib:/lib/x86_64-linux-gnu:/usr/lib/x86_64-linux-gnu::/usr/local/cuda/lib64:/usr/local/cuda/lib64', 'HOME': '/home/yanji', 'CHROME_DESKTOP': 'code.desktop', 'CONDA_SHLVL': '1', 'OLDPWD': '/home/yanji/robot_screwing/src', 'TERM_PROGRAM_VERSION': '1.97.2', 'DESKTOP_SESSION': 'ubuntu', 'NO_PROXY': 'localhost,127.0.0.0/8,::1', 'ROS_PYTHON_VERSION': '3', 'GNOME_SHELL_SESSION_MODE': 'ubuntu', 'GTK_MODULES': 'gail:atk-bridge', 'XDG_SEAT_PATH': '/org/freedesktop/DisplayManager/Seat0', 'VSCODE_GIT_ASKPASS_MAIN': '/usr/share/code/resources/app/extensions/git/dist/askpass-main.js', 'LC_MONETARY': 'en_US.UTF-8', 'VSCODE_GIT_ASKPASS_NODE': '/usr/share/code/code', 'MANAGERPID': '1942', 'PYDEVD_DISABLE_FILE_VALIDATION': '1', 'BUNDLED_DEBUGPY_PATH': '/home/yanji/.vscode/extensions/ms-python.debugpy-2025.10.0-linux-x64/bundled/libs/debugpy', 'DBUS_SESSION_BUS_ADDRESS': 'unix:path=/run/user/1000/bus', 'COLORTERM': 'truecolor', '_CE_M': '', 'IM_CONFIG_PHASE': '1', 'https_proxy': 'http://127.0.0.1:7890/', 'COLCON_PREFIX_PATH': '/home/yanji/robot_screwing/install', 'ROS_DISTRO': 'foxy', 'LOGNAME': 'yanji', 'ALL_PROXY': 'socks://127.0.0.1:7891/', 'http_proxy': 'http://127.0.0.1:7890/', 'JOURNAL_STREAM': '8:62573', '_': '/usr/bin/colcon', 'ROS_VERSION': '2', 'XDG_SESSION_CLASS': 'user', 'TERM': 'xterm-256color', 'GNOME_DESKTOP_SESSION_ID': 'this-is-deprecated', '_CE_CONDA': '', 'ROS_LOCALHOST_ONLY': '0', 'PATH': '/home/yanji/anaconda3/envs/screwrobot/bin:/opt/ros/foxy/bin:/usr/lib/ccache:/home/yanji/anaconda3/envs/screwrobot/bin:/usr/lib/ccache:/home/yanji/anaconda3/condabin:/home/yanji/.local/bin:/usr/local/sbin:/usr/local/bin:/usr/sbin:/usr/bin:/sbin:/bin:/usr/games:/usr/local/games:/snap/bin:/usr/local/cuda/bin:/home/yanji/pycharm/bin:/home/yanji/.vscode/extensions/ms-python.debugpy-2025.10.0-linux-x64/bundled/scripts/noConfigScripts:/usr/local/cuda/bin:/home/yanji/pycharm/bin', 'SESSION_MANAGER': 'local/yanji-server:@/tmp/.ICE-unix/2066,unix/yanji-server:/tmp/.ICE-unix/2066', 'GDM_LANG': 'zh_CN', 'INVOCATION_ID': '7d605fe84c3e49cabbdb23ff5b52dddb', 'PAPERSIZE': 'letter', 'XDG_SESSION_PATH': '/org/freedesktop/DisplayManager/Session0', 'XDG_MENU_PREFIX': 'gnome-', 'LC_ADDRESS': 'en_US.UTF-8', 'GNOME_TERMINAL_SCREEN': '/org/gnome/Terminal/screen/74f246c2_f299_40e3_8e19_ce1c8425d4a0', 'XDG_RUNTIME_DIR': '/run/user/1000', 'GDK_BACKEND': 'x11', 'DISPLAY': ':0', 'VSCODE_DEBUGPY_ADAPTER_ENDPOINTS': '/home/yanji/.vscode/extensions/ms-python.debugpy-2025.10.0-linux-x64/.noConfigDebugAdapterEndpoints/endpoint-35e173d817dea6ca.txt', 'LANG': 'zh_CN.UTF-8', 'XDG_CURRENT_DESKTOP': 'Unity', 'LC_TELEPHONE': 'en_US.UTF-8', 'XMODIFIERS': '@im=ibus', 'XDG_SESSION_DESKTOP': 'ubuntu', 'XAUTHORITY': '/home/yanji/.Xauthority', 'LS_COLORS': 'rs=0:di=01;34:ln=01;36:mh=00:pi=40;33:so=01;35:do=01;35:bd=40;33;01:cd=40;33;01:or=40;31;01:mi=00:su=37;41:sg=30;43:ca=30;41:tw=30;42:ow=34;42:st=37;44:ex=01;32:*.tar=01;31:*.tgz=01;31:*.arc=01;31:*.arj=01;31:*.taz=01;31:*.lha=01;31:*.lz4=01;31:*.lzh=01;31:*.lzma=01;31:*.tlz=01;31:*.txz=01;31:*.tzo=01;31:*.t7z=01;31:*.zip=01;31:*.z=01;31:*.dz=01;31:*.gz=01;31:*.lrz=01;31:*.lz=01;31:*.lzo=01;31:*.xz=01;31:*.zst=01;31:*.tzst=01;31:*.bz2=01;31:*.bz=01;31:*.tbz=01;31:*.tbz2=01;31:*.tz=01;31:*.deb=01;31:*.rpm=01;31:*.jar=01;31:*.war=01;31:*.ear=01;31:*.sar=01;31:*.rar=01;31:*.alz=01;31:*.ace=01;31:*.zoo=01;31:*.cpio=01;31:*.7z=01;31:*.rz=01;31:*.cab=01;31:*.wim=01;31:*.swm=01;31:*.dwm=01;31:*.esd=01;31:*.jpg=01;35:*.jpeg=01;35:*.mjpg=01;35:*.mjpeg=01;35:*.gif=01;35:*.bmp=01;35:*.pbm=01;35:*.pgm=01;35:*.ppm=01;35:*.tga=01;35:*.xbm=01;35:*.xpm=01;35:*.tif=01;35:*.tiff=01;35:*.png=01;35:*.svg=01;35:*.svgz=01;35:*.mng=01;35:*.pcx=01;35:*.mov=01;35:*.mpg=01;35:*.mpeg=01;35:*.m2v=01;35:*.mkv=01;35:*.webm=01;35:*.ogm=01;35:*.mp4=01;35:*.m4v=01;35:*.mp4v=01;35:*.vob=01;35:*.qt=01;35:*.nuv=01;35:*.wmv=01;35:*.asf=01;35:*.rm=01;35:*.rmvb=01;35:*.flc=01;35:*.avi=01;35:*.fli=01;35:*.flv=01;35:*.gl=01;35:*.dl=01;35:*.xcf=01;35:*.xwd=01;35:*.yuv=01;35:*.cgm=01;35:*.emf=01;35:*.ogv=01;35:*.ogx=01;35:*.aac=00;36:*.au=00;36:*.flac=00;36:*.m4a=00;36:*.mid=00;36:*.midi=00;36:*.mka=00;36:*.mp3=00;36:*.mpc=00;36:*.ogg=00;36:*.ra=00;36:*.wav=00;36:*.oga=00;36:*.opus=00;36:*.spx=00;36:*.xspf=00;36:', 'VSCODE_GIT_IPC_HANDLE': '/run/user/1000/vscode-git-51992ed709.sock', 'GNOME_TERMINAL_SERVICE': ':1.82', 'TERM_PROGRAM': 'vscode', 'SSH_AUTH_SOCK': '/run/user/1000/keyring/ssh', 'XDG_GREETER_DATA_DIR': '/var/lib/lightdm-data/yanji', 'AMENT_PREFIX_PATH': '/home/yanji/robot_screwing/install/screw_robot_control:/home/yanji/robot_screwing/install/robot_msgs:/home/yanji/robot_screwing/install/real_robot:/home/yanji/robot_screwing/install/mj_sim:/opt/ros/foxy', 'CONDA_PYTHON_EXE': '/home/yanji/anaconda3/bin/python', 'ORIGINAL_XDG_CURRENT_DESKTOP': 'ubuntu:GNOME', 'SHELL': '/bin/bash', 'LC_NAME': 'en_US.UTF-8', 'QT_ACCESSIBILITY': '1', 'GDMSESSION': 'ubuntu', 'LESSCLOSE': '/usr/bin/lesspipe %s %s', 'CONDA_DEFAULT_ENV': 'screwrobot', 'LC_MEASUREMENT': 'en_US.UTF-8', 'GPG_AGENT_INFO': '/run/user/1000/gnupg/S.gpg-agent:0:1', 'LC_IDENTIFICATION': 'en_US.UTF-8', 'VSCODE_GIT_ASKPASS_EXTRA_ARGS': '', 'QT_IM_MODULE': 'ibus', 'PWD': '/home/yanji/robot_screwing/build/mj_sim', 'LC_ALL': 'en_US.UTF-8', 'XDG_CONFIG_DIRS': '/etc/xdg/xdg-ubuntu:/etc/xdg', 'CONDA_EXE': '/home/yanji/anaconda3/bin/conda', 'XDG_DATA_DIRS': '/usr/share/ubuntu:/home/yanji/.local/share/flatpak/exports/share:/var/lib/flatpak/exports/share:/usr/local/share:/usr/share:/var/lib/snapd/desktop', 'PYTHONPATH': '/home/yanji/robot_screwing/build/mj_sim/prefix_override:/usr/lib/python3/dist-packages/colcon_core/task/python/colcon_distutils_commands:/home/yanji/robot_screwing/install/mj_sim/lib/python3.8/site-packages:/home/yanji/robot_screwing/install/robot_msgs/lib/python3.8/site-packages:/home/yanji/robot_screwing/install/real_robot/lib/python3.8/site-packages:/home/yanji/robot_screwing/install/mj_sim/lib/python3.8/site-packages:/opt/ros/foxy/lib/python3.8/site-packages', 'HTTP_PROXY': 'http://127.0.0.1:7890/', 'LC_NUMERIC': 'en_US.UTF-8', 'CONDA_PREFIX': '/home/yanji/anaconda3/envs/screwrobot', 'LC_PAPER': 'en_US.UTF-8', 'COLCON': '1', 'VTE_VERSION': '6003', 'CMAKE_PREFIX_PATH': '/home/yanji/robot_screwing/install/screw_robot_control:/home/yanji/robot_screwing/install/robot_msgs'}, 'shell': False}
[0.500637] (-) TimerEvent: {}
[0.558391] (real_robot) StdoutLine: {'line': b'running egg_info\n'}
[0.558598] (real_robot) StdoutLine: {'line': b'writing ../../build/real_robot/real_robot.egg-info/PKG-INFO\n'}
[0.558718] (real_robot) StdoutLine: {'line': b'writing dependency_links to ../../build/real_robot/real_robot.egg-info/dependency_links.txt\n'}
[0.558815] (real_robot) StdoutLine: {'line': b'writing entry points to ../../build/real_robot/real_robot.egg-info/entry_points.txt\n'}
[0.558862] (real_robot) StdoutLine: {'line': b'writing requirements to ../../build/real_robot/real_robot.egg-info/requires.txt\n'}
[0.558888] (real_robot) StdoutLine: {'line': b'writing top-level names to ../../build/real_robot/real_robot.egg-info/top_level.txt\n'}
[0.561638] (mj_sim) StdoutLine: {'line': b'running egg_info\n'}
[0.561907] (mj_sim) StdoutLine: {'line': b'writing ../../build/mj_sim/mj_sim.egg-info/PKG-INFO\n'}
[0.562004] (mj_sim) StdoutLine: {'line': b'writing dependency_links to ../../build/mj_sim/mj_sim.egg-info/dependency_links.txt\n'}
[0.562095] (mj_sim) StdoutLine: {'line': b'writing entry points to ../../build/mj_sim/mj_sim.egg-info/entry_points.txt\n'}
[0.562129] (mj_sim) StdoutLine: {'line': b'writing requirements to ../../build/mj_sim/mj_sim.egg-info/requires.txt\n'}
[0.562153] (mj_sim) StdoutLine: {'line': b'writing top-level names to ../../build/mj_sim/mj_sim.egg-info/top_level.txt\n'}
[0.574500] (real_robot) StdoutLine: {'line': b"reading manifest file '../../build/real_robot/real_robot.egg-info/SOURCES.txt'\n"}
[0.574840] (real_robot) StdoutLine: {'line': b"writing manifest file '../../build/real_robot/real_robot.egg-info/SOURCES.txt'\n"}
[0.574914] (real_robot) StdoutLine: {'line': b'running build\n'}
[0.574942] (real_robot) StdoutLine: {'line': b'running build_py\n'}
[0.575011] (real_robot) StdoutLine: {'line': b'running install\n'}
[0.575436] (real_robot) StdoutLine: {'line': b'running install_lib\n'}
[0.576060] (real_robot) StdoutLine: {'line': b'running install_data\n'}
[0.576098] (real_robot) StdoutLine: {'line': b'running install_egg_info\n'}
[0.576935] (real_robot) StdoutLine: {'line': b"removing '/home/yanji/robot_screwing/install/real_robot/lib/python3.8/site-packages/real_robot-0.0.0-py3.8.egg-info' (and everything under it)\n"}
[0.577040] (real_robot) StdoutLine: {'line': b'Copying ../../build/real_robot/real_robot.egg-info to /home/yanji/robot_screwing/install/real_robot/lib/python3.8/site-packages/real_robot-0.0.0-py3.8.egg-info\n'}
[0.577342] (real_robot) StdoutLine: {'line': b'running install_scripts\n'}
[0.581356] (mj_sim) StdoutLine: {'line': b"reading manifest file '../../build/mj_sim/mj_sim.egg-info/SOURCES.txt'\n"}
[0.581823] (mj_sim) StdoutLine: {'line': b"writing manifest file '../../build/mj_sim/mj_sim.egg-info/SOURCES.txt'\n"}
[0.581888] (mj_sim) StdoutLine: {'line': b'running build\n'}
[0.581924] (mj_sim) StdoutLine: {'line': b'running build_py\n'}
[0.582431] (mj_sim) StdoutLine: {'line': b'running install\n'}
[0.582854] (mj_sim) StdoutLine: {'line': b'running install_lib\n'}
[0.583842] (mj_sim) StdoutLine: {'line': b'running install_data\n'}
[0.583931] (mj_sim) StdoutLine: {'line': b'running install_egg_info\n'}
[0.584744] (mj_sim) StdoutLine: {'line': b"removing '/home/yanji/robot_screwing/install/mj_sim/lib/python3.8/site-packages/mj_sim-0.0.0-py3.8.egg-info' (and everything under it)\n"}
[0.584877] (mj_sim) StdoutLine: {'line': b'Copying ../../build/mj_sim/mj_sim.egg-info to /home/yanji/robot_screwing/install/mj_sim/lib/python3.8/site-packages/mj_sim-0.0.0-py3.8.egg-info\n'}
[0.585154] (mj_sim) StdoutLine: {'line': b'running install_scripts\n'}
[0.585207] (real_robot) StdoutLine: {'line': b"writing list of installed files to '/home/yanji/robot_screwing/build/real_robot/install.log'\n"}
[0.593254] (mj_sim) StdoutLine: {'line': b'Installing mpc_node script to /home/yanji/robot_screwing/install/mj_sim/lib/mj_sim\n'}
[0.593333] (mj_sim) StdoutLine: {'line': b'Installing pose_mpc_node script to /home/yanji/robot_screwing/install/mj_sim/lib/mj_sim\n'}
[0.593372] (mj_sim) StdoutLine: {'line': b'Installing robot_sim_env script to /home/yanji/robot_screwing/install/mj_sim/lib/mj_sim\n'}
[0.593642] (mj_sim) StdoutLine: {'line': b"writing list of installed files to '/home/yanji/robot_screwing/build/mj_sim/install.log'\n"}
[0.595376] (real_robot) CommandEnded: {'returncode': 0}
[0.598283] (real_robot) JobEnded: {'identifier': 'real_robot', 'rc': 0}
[0.600694] (-) TimerEvent: {}
[0.604011] (mj_sim) CommandEnded: {'returncode': 0}
[0.606671] (mj_sim) JobEnded: {'identifier': 'mj_sim', 'rc': 0}
[0.607050] (-) EventReactorShutdown: {}
