[0.000000] (-) TimerEvent: {}
[0.000287] (mj_sim) JobQueued: {'identifier': 'mj_sim', 'dependencies': OrderedDict()}
[0.000482] (real_robot) JobQueued: {'identifier': 'real_robot', 'dependencies': OrderedDict()}
[0.000505] (robot_msgs) JobQueued: {'identifier': 'robot_msgs', 'dependencies': OrderedDict()}
[0.000520] (screw_robot_control) JobQueued: {'identifier': 'screw_robot_control', 'dependencies': OrderedDict([('robot_msgs', '/home/yanji/robot_screwing/install/robot_msgs')])}
[0.000532] (robot_msgs) JobStarted: {'identifier': 'robot_msgs'}
[0.003494] (mj_sim) JobStarted: {'identifier': 'mj_sim'}
[0.006448] (real_robot) JobStarted: {'identifier': 'real_robot'}
[0.010241] (robot_msgs) JobProgress: {'identifier': 'robot_msgs', 'progress': 'cmake'}
[0.010539] (robot_msgs) JobProgress: {'identifier': 'robot_msgs', 'progress': 'build'}
[0.010812] (robot_msgs) Command: {'cmd': ['/usr/bin/cmake', '--build', '/home/yanji/robot_screwing/build/robot_msgs', '--', '-j24', '-l24'], 'cwd': '/home/yanji/robot_screwing/build/robot_msgs', 'env': OrderedDict([('LESSOPEN', '| /usr/bin/lesspipe %s'), ('LIBRARY_PATH', '/home/yanji/jaka_python:/home/yanji/jaka_python::/usr/local/cuda/lib64:/usr/local/cuda/lib64'), ('CONDA_PROMPT_MODIFIER', '(screwrobot)'), ('HTTPS_PROXY', 'http://127.0.0.1:7890/'), ('no_proxy', 'localhost,127.0.0.0/8,::1'), ('LANGUAGE', 'zh_CN:en'), ('USER', 'yanji'), ('LC_TIME', 'en_US.UTF-8'), ('all_proxy', 'socks://127.0.0.1:7891/'), ('SSH_AGENT_PID', '1993'), ('XDG_SESSION_TYPE', 'x11'), ('GIT_ASKPASS', '/usr/share/code/resources/app/extensions/git/dist/askpass.sh'), ('SHLVL', '2'), ('LD_LIBRARY_PATH', '/lib/x86_64-linux-gnu:/usr/lib/x86_64-linux-gnu:/home/yanji/robot_screwing/install/screw_robot_control/lib:/home/yanji/robot_screwing/install/robot_msgs/lib:/opt/ros/foxy/opt/yaml_cpp_vendor/lib:/opt/ros/foxy/opt/rviz_ogre_vendor/lib:/opt/ros/foxy/lib/x86_64-linux-gnu:/opt/ros/foxy/lib:/lib/x86_64-linux-gnu:/usr/lib/x86_64-linux-gnu::/usr/local/cuda/lib64:/usr/local/cuda/lib64'), ('HOME', '/home/yanji'), ('CHROME_DESKTOP', 'code.desktop'), ('CONDA_SHLVL', '1'), ('TERM_PROGRAM_VERSION', '1.97.2'), ('DESKTOP_SESSION', 'ubuntu'), ('NO_PROXY', 'localhost,127.0.0.0/8,::1'), ('ROS_PYTHON_VERSION', '3'), ('GNOME_SHELL_SESSION_MODE', 'ubuntu'), ('GTK_MODULES', 'gail:atk-bridge'), ('XDG_SEAT_PATH', '/org/freedesktop/DisplayManager/Seat0'), ('VSCODE_GIT_ASKPASS_MAIN', '/usr/share/code/resources/app/extensions/git/dist/askpass-main.js'), ('PS1', '\\[\x1b]633;A\x07\\](screwrobot) \\[\\e]0;\\u@\\h: \\w\\a\\]${debian_chroot:+($debian_chroot)}\\[\\033[01;32m\\]\\u@\\h\\[\\033[00m\\]:\\[\\033[01;34m\\]\\w\\[\\033[00m\\]\\$ \\[\x1b]633;B\x07\\]'), ('LC_MONETARY', 'en_US.UTF-8'), ('VSCODE_GIT_ASKPASS_NODE', '/usr/share/code/code'), ('MANAGERPID', '1903'), ('PYDEVD_DISABLE_FILE_VALIDATION', '1'), ('BUNDLED_DEBUGPY_PATH', '/home/yanji/.vscode/extensions/ms-python.debugpy-2025.8.0-linux-x64/bundled/libs/debugpy'), ('DBUS_SESSION_BUS_ADDRESS', 'unix:path=/run/user/1000/bus'), ('COLORTERM', 'truecolor'), ('_CE_M', ''), ('IM_CONFIG_PHASE', '1'), ('https_proxy', 'http://127.0.0.1:7890/'), ('COLCON_PREFIX_PATH', '/home/yanji/robot_screwing/install'), ('ROS_DISTRO', 'foxy'), ('LOGNAME', 'yanji'), ('CONDA_ROOT', '/home/yanji/anaconda3'), ('ALL_PROXY', 'socks://127.0.0.1:7891/'), ('http_proxy', 'http://127.0.0.1:7890/'), ('JOURNAL_STREAM', '8:53881'), ('_', '/usr/bin/colcon'), ('ROS_VERSION', '2'), ('XDG_SESSION_CLASS', 'user'), ('TERM', 'xterm-256color'), ('GNOME_DESKTOP_SESSION_ID', 'this-is-deprecated'), ('_CE_CONDA', ''), ('ROS_LOCALHOST_ONLY', '0'), ('PATH', '/home/yanji/anaconda3/envs/screwrobot/bin:/opt/ros/foxy/bin:/usr/lib/ccache:/home/yanji/anaconda3/condabin:/home/yanji/.local/bin:/usr/local/sbin:/usr/local/bin:/usr/sbin:/usr/bin:/sbin:/bin:/usr/games:/usr/local/games:/snap/bin:/usr/local/cuda/bin:/home/yanji/pycharm/bin:/opt/ros/foxy/bin:/usr/lib/ccache:/home/yanji/anaconda3/envs/screwrobot/bin:/usr/lib/ccache:/home/yanji/anaconda3/condabin:/home/yanji/.local/bin:/usr/local/sbin:/usr/local/bin:/usr/sbin:/usr/bin:/sbin:/bin:/usr/games:/usr/local/games:/snap/bin:/usr/local/cuda/bin:/home/yanji/pycharm/bin:/home/yanji/anaconda3/envs/screwrobot/bin:/usr/lib/ccache:/home/yanji/anaconda3/condabin:/home/yanji/.local/bin:/usr/local/sbin:/usr/local/bin:/usr/sbin:/usr/bin:/sbin:/bin:/usr/games:/usr/local/games:/snap/bin:/usr/local/cuda/bin:/home/yanji/pycharm/bin/:/usr/local/cuda/bin:/home/yanji/pycharm/bin/'), ('SESSION_MANAGER', 'local/yanji-server:@/tmp/.ICE-unix/2030,unix/yanji-server:/tmp/.ICE-unix/2030'), ('GDM_LANG', 'zh_CN'), ('INVOCATION_ID', '1a73730a848f4039820fc51d943cdeaf'), ('PAPERSIZE', 'letter'), ('XDG_SESSION_PATH', '/org/freedesktop/DisplayManager/Session0'), ('XDG_MENU_PREFIX', 'gnome-'), ('LC_ADDRESS', 'en_US.UTF-8'), ('GNOME_TERMINAL_SCREEN', '/org/gnome/Terminal/screen/0f059cac_bf80_4e58_bb36_632a4875c5b5'), ('XDG_RUNTIME_DIR', '/run/user/1000'), ('GDK_BACKEND', 'x11'), ('DISPLAY', ':0'), ('VSCODE_DEBUGPY_ADAPTER_ENDPOINTS', '/home/yanji/.vscode/extensions/ms-python.debugpy-2025.8.0-linux-x64/.noConfigDebugAdapterEndpoints/endpoint-35e173d817dea6ca.txt'), ('LANG', 'zh_CN.UTF-8'), ('XDG_CURRENT_DESKTOP', 'Unity'), ('LC_TELEPHONE', 'en_US.UTF-8'), ('XMODIFIERS', '@im=ibus'), ('XDG_SESSION_DESKTOP', 'ubuntu'), ('XAUTHORITY', '/home/yanji/.Xauthority'), ('LS_COLORS', 'rs=0:di=01;34:ln=01;36:mh=00:pi=40;33:so=01;35:do=01;35:bd=40;33;01:cd=40;33;01:or=40;31;01:mi=00:su=37;41:sg=30;43:ca=30;41:tw=30;42:ow=34;42:st=37;44:ex=01;32:*.tar=01;31:*.tgz=01;31:*.arc=01;31:*.arj=01;31:*.taz=01;31:*.lha=01;31:*.lz4=01;31:*.lzh=01;31:*.lzma=01;31:*.tlz=01;31:*.txz=01;31:*.tzo=01;31:*.t7z=01;31:*.zip=01;31:*.z=01;31:*.dz=01;31:*.gz=01;31:*.lrz=01;31:*.lz=01;31:*.lzo=01;31:*.xz=01;31:*.zst=01;31:*.tzst=01;31:*.bz2=01;31:*.bz=01;31:*.tbz=01;31:*.tbz2=01;31:*.tz=01;31:*.deb=01;31:*.rpm=01;31:*.jar=01;31:*.war=01;31:*.ear=01;31:*.sar=01;31:*.rar=01;31:*.alz=01;31:*.ace=01;31:*.zoo=01;31:*.cpio=01;31:*.7z=01;31:*.rz=01;31:*.cab=01;31:*.wim=01;31:*.swm=01;31:*.dwm=01;31:*.esd=01;31:*.jpg=01;35:*.jpeg=01;35:*.mjpg=01;35:*.mjpeg=01;35:*.gif=01;35:*.bmp=01;35:*.pbm=01;35:*.pgm=01;35:*.ppm=01;35:*.tga=01;35:*.xbm=01;35:*.xpm=01;35:*.tif=01;35:*.tiff=01;35:*.png=01;35:*.svg=01;35:*.svgz=01;35:*.mng=01;35:*.pcx=01;35:*.mov=01;35:*.mpg=01;35:*.mpeg=01;35:*.m2v=01;35:*.mkv=01;35:*.webm=01;35:*.ogm=01;35:*.mp4=01;35:*.m4v=01;35:*.mp4v=01;35:*.vob=01;35:*.qt=01;35:*.nuv=01;35:*.wmv=01;35:*.asf=01;35:*.rm=01;35:*.rmvb=01;35:*.flc=01;35:*.avi=01;35:*.fli=01;35:*.flv=01;35:*.gl=01;35:*.dl=01;35:*.xcf=01;35:*.xwd=01;35:*.yuv=01;35:*.cgm=01;35:*.emf=01;35:*.ogv=01;35:*.ogx=01;35:*.aac=00;36:*.au=00;36:*.flac=00;36:*.m4a=00;36:*.mid=00;36:*.midi=00;36:*.mka=00;36:*.mp3=00;36:*.mpc=00;36:*.ogg=00;36:*.ra=00;36:*.wav=00;36:*.oga=00;36:*.opus=00;36:*.spx=00;36:*.xspf=00;36:'), ('VSCODE_GIT_IPC_HANDLE', '/run/user/1000/vscode-git-51992ed709.sock'), ('GNOME_TERMINAL_SERVICE', ':1.81'), ('TERM_PROGRAM', 'vscode'), ('SSH_AUTH_SOCK', '/run/user/1000/keyring/ssh'), ('XDG_GREETER_DATA_DIR', '/var/lib/lightdm-data/yanji'), ('AMENT_PREFIX_PATH', '/home/yanji/robot_screwing/install/screw_robot_control:/home/yanji/robot_screwing/install/robot_msgs:/home/yanji/robot_screwing/install/real_robot:/home/yanji/robot_screwing/install/mj_sim:/opt/ros/foxy'), ('CONDA_PYTHON_EXE', '/home/yanji/anaconda3/bin/python'), ('ORIGINAL_XDG_CURRENT_DESKTOP', 'ubuntu:GNOME'), ('SHELL', '/bin/bash'), ('LC_NAME', 'en_US.UTF-8'), ('QT_ACCESSIBILITY', '1'), ('GDMSESSION', 'ubuntu'), ('LESSCLOSE', '/usr/bin/lesspipe %s %s'), ('CONDA_DEFAULT_ENV', 'screwrobot'), ('LC_MEASUREMENT', 'en_US.UTF-8'), ('GPG_AGENT_INFO', '/run/user/1000/gnupg/S.gpg-agent:0:1'), ('LC_IDENTIFICATION', 'en_US.UTF-8'), ('VSCODE_GIT_ASKPASS_EXTRA_ARGS', ''), ('QT_IM_MODULE', 'ibus'), ('PWD', '/home/yanji/robot_screwing/build/robot_msgs'), ('LC_ALL', 'en_US.UTF-8'), ('XDG_CONFIG_DIRS', '/etc/xdg/xdg-ubuntu:/etc/xdg'), ('CONDA_EXE', '/home/yanji/anaconda3/bin/conda'), ('XDG_DATA_DIRS', '/usr/share/ubuntu:/home/yanji/.local/share/flatpak/exports/share:/var/lib/flatpak/exports/share:/usr/local/share:/usr/share:/var/lib/snapd/desktop'), ('PYTHONPATH', '/home/yanji/robot_screwing/install/robot_msgs/lib/python3.8/site-packages:/home/yanji/robot_screwing/install/real_robot/lib/python3.8/site-packages:/home/yanji/robot_screwing/install/mj_sim/lib/python3.8/site-packages:/opt/ros/foxy/lib/python3.8/site-packages'), ('HTTP_PROXY', 'http://127.0.0.1:7890/'), ('LC_NUMERIC', 'en_US.UTF-8'), ('CONDA_PREFIX', '/home/yanji/anaconda3/envs/screwrobot'), ('LC_PAPER', 'en_US.UTF-8'), ('COLCON', '1'), ('VTE_VERSION', '6003'), ('CMAKE_PREFIX_PATH', '/home/yanji/robot_screwing/install/screw_robot_control:/home/yanji/robot_screwing/install/robot_msgs:/home/yanji/robot_screwing/install/real_robot:/home/yanji/robot_screwing/install/mj_sim:/opt/ros/foxy')]), 'shell': False}
[0.099974] (-) TimerEvent: {}
[0.200270] (-) TimerEvent: {}
[0.236261] (robot_msgs) StdoutLine: {'line': b'[  1%] Built target robot_msgs__cpp\n'}
[0.236563] (robot_msgs) StdoutLine: {'line': b'[ 12%] Built target robot_msgs__rosidl_generator_c\n'}
[0.236997] (robot_msgs) StdoutLine: {'line': b'[ 24%] Built target robot_msgs__rosidl_typesupport_cpp\n'}
[0.237047] (robot_msgs) StdoutLine: {'line': b'[ 35%] Built target robot_msgs__rosidl_typesupport_introspection_cpp\n'}
[0.237090] (robot_msgs) StdoutLine: {'line': b'[ 47%] Built target robot_msgs__rosidl_typesupport_c\n'}
[0.237160] (robot_msgs) StdoutLine: {'line': b'[ 58%] Built target robot_msgs__rosidl_typesupport_introspection_c\n'}
[0.237238] (robot_msgs) StdoutLine: {'line': b'[ 70%] Built target robot_msgs__rosidl_typesupport_fastrtps_cpp\n'}
[0.237811] (robot_msgs) StdoutLine: {'line': b'[ 81%] Built target robot_msgs__rosidl_typesupport_fastrtps_c\n'}
[0.237921] (robot_msgs) StdoutLine: {'line': b'[ 81%] Built target robot_msgs\n'}
[0.237945] (robot_msgs) StdoutLine: {'line': b'[ 82%] Built target robot_msgs__py\n'}
[0.237969] (robot_msgs) StdoutLine: {'line': b'[ 93%] Built target robot_msgs__python\n'}
[0.238014] (robot_msgs) StdoutLine: {'line': b'[ 95%] Built target robot_msgs__rosidl_typesupport_c__pyext\n'}
[0.238037] (robot_msgs) StdoutLine: {'line': b'[ 97%] Built target robot_msgs__rosidl_typesupport_introspection_c__pyext\n'}
[0.238061] (robot_msgs) StdoutLine: {'line': b'[100%] Built target robot_msgs__rosidl_typesupport_fastrtps_c__pyext\n'}
[0.238088] (robot_msgs) CommandEnded: {'returncode': 0}
[0.238314] (robot_msgs) JobProgress: {'identifier': 'robot_msgs', 'progress': 'install'}
[0.241829] (robot_msgs) Command: {'cmd': ['/usr/bin/cmake', '--install', '/home/yanji/robot_screwing/build/robot_msgs'], 'cwd': '/home/yanji/robot_screwing/build/robot_msgs', 'env': OrderedDict([('LESSOPEN', '| /usr/bin/lesspipe %s'), ('LIBRARY_PATH', '/home/yanji/jaka_python:/home/yanji/jaka_python::/usr/local/cuda/lib64:/usr/local/cuda/lib64'), ('CONDA_PROMPT_MODIFIER', '(screwrobot)'), ('HTTPS_PROXY', 'http://127.0.0.1:7890/'), ('no_proxy', 'localhost,127.0.0.0/8,::1'), ('LANGUAGE', 'zh_CN:en'), ('USER', 'yanji'), ('LC_TIME', 'en_US.UTF-8'), ('all_proxy', 'socks://127.0.0.1:7891/'), ('SSH_AGENT_PID', '1993'), ('XDG_SESSION_TYPE', 'x11'), ('GIT_ASKPASS', '/usr/share/code/resources/app/extensions/git/dist/askpass.sh'), ('SHLVL', '2'), ('LD_LIBRARY_PATH', '/lib/x86_64-linux-gnu:/usr/lib/x86_64-linux-gnu:/home/yanji/robot_screwing/install/screw_robot_control/lib:/home/yanji/robot_screwing/install/robot_msgs/lib:/opt/ros/foxy/opt/yaml_cpp_vendor/lib:/opt/ros/foxy/opt/rviz_ogre_vendor/lib:/opt/ros/foxy/lib/x86_64-linux-gnu:/opt/ros/foxy/lib:/lib/x86_64-linux-gnu:/usr/lib/x86_64-linux-gnu::/usr/local/cuda/lib64:/usr/local/cuda/lib64'), ('HOME', '/home/yanji'), ('CHROME_DESKTOP', 'code.desktop'), ('CONDA_SHLVL', '1'), ('TERM_PROGRAM_VERSION', '1.97.2'), ('DESKTOP_SESSION', 'ubuntu'), ('NO_PROXY', 'localhost,127.0.0.0/8,::1'), ('ROS_PYTHON_VERSION', '3'), ('GNOME_SHELL_SESSION_MODE', 'ubuntu'), ('GTK_MODULES', 'gail:atk-bridge'), ('XDG_SEAT_PATH', '/org/freedesktop/DisplayManager/Seat0'), ('VSCODE_GIT_ASKPASS_MAIN', '/usr/share/code/resources/app/extensions/git/dist/askpass-main.js'), ('PS1', '\\[\x1b]633;A\x07\\](screwrobot) \\[\\e]0;\\u@\\h: \\w\\a\\]${debian_chroot:+($debian_chroot)}\\[\\033[01;32m\\]\\u@\\h\\[\\033[00m\\]:\\[\\033[01;34m\\]\\w\\[\\033[00m\\]\\$ \\[\x1b]633;B\x07\\]'), ('LC_MONETARY', 'en_US.UTF-8'), ('VSCODE_GIT_ASKPASS_NODE', '/usr/share/code/code'), ('MANAGERPID', '1903'), ('PYDEVD_DISABLE_FILE_VALIDATION', '1'), ('BUNDLED_DEBUGPY_PATH', '/home/yanji/.vscode/extensions/ms-python.debugpy-2025.8.0-linux-x64/bundled/libs/debugpy'), ('DBUS_SESSION_BUS_ADDRESS', 'unix:path=/run/user/1000/bus'), ('COLORTERM', 'truecolor'), ('_CE_M', ''), ('IM_CONFIG_PHASE', '1'), ('https_proxy', 'http://127.0.0.1:7890/'), ('COLCON_PREFIX_PATH', '/home/yanji/robot_screwing/install'), ('ROS_DISTRO', 'foxy'), ('LOGNAME', 'yanji'), ('CONDA_ROOT', '/home/yanji/anaconda3'), ('ALL_PROXY', 'socks://127.0.0.1:7891/'), ('http_proxy', 'http://127.0.0.1:7890/'), ('JOURNAL_STREAM', '8:53881'), ('_', '/usr/bin/colcon'), ('ROS_VERSION', '2'), ('XDG_SESSION_CLASS', 'user'), ('TERM', 'xterm-256color'), ('GNOME_DESKTOP_SESSION_ID', 'this-is-deprecated'), ('_CE_CONDA', ''), ('ROS_LOCALHOST_ONLY', '0'), ('PATH', '/home/yanji/anaconda3/envs/screwrobot/bin:/opt/ros/foxy/bin:/usr/lib/ccache:/home/yanji/anaconda3/condabin:/home/yanji/.local/bin:/usr/local/sbin:/usr/local/bin:/usr/sbin:/usr/bin:/sbin:/bin:/usr/games:/usr/local/games:/snap/bin:/usr/local/cuda/bin:/home/yanji/pycharm/bin:/opt/ros/foxy/bin:/usr/lib/ccache:/home/yanji/anaconda3/envs/screwrobot/bin:/usr/lib/ccache:/home/yanji/anaconda3/condabin:/home/yanji/.local/bin:/usr/local/sbin:/usr/local/bin:/usr/sbin:/usr/bin:/sbin:/bin:/usr/games:/usr/local/games:/snap/bin:/usr/local/cuda/bin:/home/yanji/pycharm/bin:/home/yanji/anaconda3/envs/screwrobot/bin:/usr/lib/ccache:/home/yanji/anaconda3/condabin:/home/yanji/.local/bin:/usr/local/sbin:/usr/local/bin:/usr/sbin:/usr/bin:/sbin:/bin:/usr/games:/usr/local/games:/snap/bin:/usr/local/cuda/bin:/home/yanji/pycharm/bin/:/usr/local/cuda/bin:/home/yanji/pycharm/bin/'), ('SESSION_MANAGER', 'local/yanji-server:@/tmp/.ICE-unix/2030,unix/yanji-server:/tmp/.ICE-unix/2030'), ('GDM_LANG', 'zh_CN'), ('INVOCATION_ID', '1a73730a848f4039820fc51d943cdeaf'), ('PAPERSIZE', 'letter'), ('XDG_SESSION_PATH', '/org/freedesktop/DisplayManager/Session0'), ('XDG_MENU_PREFIX', 'gnome-'), ('LC_ADDRESS', 'en_US.UTF-8'), ('GNOME_TERMINAL_SCREEN', '/org/gnome/Terminal/screen/0f059cac_bf80_4e58_bb36_632a4875c5b5'), ('XDG_RUNTIME_DIR', '/run/user/1000'), ('GDK_BACKEND', 'x11'), ('DISPLAY', ':0'), ('VSCODE_DEBUGPY_ADAPTER_ENDPOINTS', '/home/yanji/.vscode/extensions/ms-python.debugpy-2025.8.0-linux-x64/.noConfigDebugAdapterEndpoints/endpoint-35e173d817dea6ca.txt'), ('LANG', 'zh_CN.UTF-8'), ('XDG_CURRENT_DESKTOP', 'Unity'), ('LC_TELEPHONE', 'en_US.UTF-8'), ('XMODIFIERS', '@im=ibus'), ('XDG_SESSION_DESKTOP', 'ubuntu'), ('XAUTHORITY', '/home/yanji/.Xauthority'), ('LS_COLORS', 'rs=0:di=01;34:ln=01;36:mh=00:pi=40;33:so=01;35:do=01;35:bd=40;33;01:cd=40;33;01:or=40;31;01:mi=00:su=37;41:sg=30;43:ca=30;41:tw=30;42:ow=34;42:st=37;44:ex=01;32:*.tar=01;31:*.tgz=01;31:*.arc=01;31:*.arj=01;31:*.taz=01;31:*.lha=01;31:*.lz4=01;31:*.lzh=01;31:*.lzma=01;31:*.tlz=01;31:*.txz=01;31:*.tzo=01;31:*.t7z=01;31:*.zip=01;31:*.z=01;31:*.dz=01;31:*.gz=01;31:*.lrz=01;31:*.lz=01;31:*.lzo=01;31:*.xz=01;31:*.zst=01;31:*.tzst=01;31:*.bz2=01;31:*.bz=01;31:*.tbz=01;31:*.tbz2=01;31:*.tz=01;31:*.deb=01;31:*.rpm=01;31:*.jar=01;31:*.war=01;31:*.ear=01;31:*.sar=01;31:*.rar=01;31:*.alz=01;31:*.ace=01;31:*.zoo=01;31:*.cpio=01;31:*.7z=01;31:*.rz=01;31:*.cab=01;31:*.wim=01;31:*.swm=01;31:*.dwm=01;31:*.esd=01;31:*.jpg=01;35:*.jpeg=01;35:*.mjpg=01;35:*.mjpeg=01;35:*.gif=01;35:*.bmp=01;35:*.pbm=01;35:*.pgm=01;35:*.ppm=01;35:*.tga=01;35:*.xbm=01;35:*.xpm=01;35:*.tif=01;35:*.tiff=01;35:*.png=01;35:*.svg=01;35:*.svgz=01;35:*.mng=01;35:*.pcx=01;35:*.mov=01;35:*.mpg=01;35:*.mpeg=01;35:*.m2v=01;35:*.mkv=01;35:*.webm=01;35:*.ogm=01;35:*.mp4=01;35:*.m4v=01;35:*.mp4v=01;35:*.vob=01;35:*.qt=01;35:*.nuv=01;35:*.wmv=01;35:*.asf=01;35:*.rm=01;35:*.rmvb=01;35:*.flc=01;35:*.avi=01;35:*.fli=01;35:*.flv=01;35:*.gl=01;35:*.dl=01;35:*.xcf=01;35:*.xwd=01;35:*.yuv=01;35:*.cgm=01;35:*.emf=01;35:*.ogv=01;35:*.ogx=01;35:*.aac=00;36:*.au=00;36:*.flac=00;36:*.m4a=00;36:*.mid=00;36:*.midi=00;36:*.mka=00;36:*.mp3=00;36:*.mpc=00;36:*.ogg=00;36:*.ra=00;36:*.wav=00;36:*.oga=00;36:*.opus=00;36:*.spx=00;36:*.xspf=00;36:'), ('VSCODE_GIT_IPC_HANDLE', '/run/user/1000/vscode-git-51992ed709.sock'), ('GNOME_TERMINAL_SERVICE', ':1.81'), ('TERM_PROGRAM', 'vscode'), ('SSH_AUTH_SOCK', '/run/user/1000/keyring/ssh'), ('XDG_GREETER_DATA_DIR', '/var/lib/lightdm-data/yanji'), ('AMENT_PREFIX_PATH', '/home/yanji/robot_screwing/install/screw_robot_control:/home/yanji/robot_screwing/install/robot_msgs:/home/yanji/robot_screwing/install/real_robot:/home/yanji/robot_screwing/install/mj_sim:/opt/ros/foxy'), ('CONDA_PYTHON_EXE', '/home/yanji/anaconda3/bin/python'), ('ORIGINAL_XDG_CURRENT_DESKTOP', 'ubuntu:GNOME'), ('SHELL', '/bin/bash'), ('LC_NAME', 'en_US.UTF-8'), ('QT_ACCESSIBILITY', '1'), ('GDMSESSION', 'ubuntu'), ('LESSCLOSE', '/usr/bin/lesspipe %s %s'), ('CONDA_DEFAULT_ENV', 'screwrobot'), ('LC_MEASUREMENT', 'en_US.UTF-8'), ('GPG_AGENT_INFO', '/run/user/1000/gnupg/S.gpg-agent:0:1'), ('LC_IDENTIFICATION', 'en_US.UTF-8'), ('VSCODE_GIT_ASKPASS_EXTRA_ARGS', ''), ('QT_IM_MODULE', 'ibus'), ('PWD', '/home/yanji/robot_screwing/build/robot_msgs'), ('LC_ALL', 'en_US.UTF-8'), ('XDG_CONFIG_DIRS', '/etc/xdg/xdg-ubuntu:/etc/xdg'), ('CONDA_EXE', '/home/yanji/anaconda3/bin/conda'), ('XDG_DATA_DIRS', '/usr/share/ubuntu:/home/yanji/.local/share/flatpak/exports/share:/var/lib/flatpak/exports/share:/usr/local/share:/usr/share:/var/lib/snapd/desktop'), ('PYTHONPATH', '/home/yanji/robot_screwing/install/robot_msgs/lib/python3.8/site-packages:/home/yanji/robot_screwing/install/real_robot/lib/python3.8/site-packages:/home/yanji/robot_screwing/install/mj_sim/lib/python3.8/site-packages:/opt/ros/foxy/lib/python3.8/site-packages'), ('HTTP_PROXY', 'http://127.0.0.1:7890/'), ('LC_NUMERIC', 'en_US.UTF-8'), ('CONDA_PREFIX', '/home/yanji/anaconda3/envs/screwrobot'), ('LC_PAPER', 'en_US.UTF-8'), ('COLCON', '1'), ('VTE_VERSION', '6003'), ('CMAKE_PREFIX_PATH', '/home/yanji/robot_screwing/install/screw_robot_control:/home/yanji/robot_screwing/install/robot_msgs:/home/yanji/robot_screwing/install/real_robot:/home/yanji/robot_screwing/install/mj_sim:/opt/ros/foxy')]), 'shell': False}
[0.246412] (robot_msgs) StdoutLine: {'line': b'-- Install configuration: ""\n'}
[0.246701] (robot_msgs) StdoutLine: {'line': b'-- Up-to-date: /home/yanji/robot_screwing/install/robot_msgs/share/ament_index/resource_index/rosidl_interfaces/robot_msgs\n'}
[0.246899] (robot_msgs) StdoutLine: {'line': b'-- Up-to-date: /home/yanji/robot_screwing/install/robot_msgs/include/robot_msgs\n'}
[0.247217] (robot_msgs) StdoutLine: {'line': b'-- Up-to-date: /home/yanji/robot_screwing/install/robot_msgs/include/robot_msgs/srv\n'}
[0.247243] (robot_msgs) StdoutLine: {'line': b'-- Up-to-date: /home/yanji/robot_screwing/install/robot_msgs/include/robot_msgs/srv/detail\n'}
[0.247289] (robot_msgs) StdoutLine: {'line': b'-- Up-to-date: /home/yanji/robot_screwing/install/robot_msgs/include/robot_msgs/srv/detail/start_pose__type_support.h\n'}
[0.247334] (robot_msgs) StdoutLine: {'line': b'-- Up-to-date: /home/yanji/robot_screwing/install/robot_msgs/include/robot_msgs/srv/detail/start_pose__functions.h\n'}
[0.247379] (robot_msgs) StdoutLine: {'line': b'-- Up-to-date: /home/yanji/robot_screwing/install/robot_msgs/include/robot_msgs/srv/detail/start_pose__struct.h\n'}
[0.247427] (robot_msgs) StdoutLine: {'line': b'-- Up-to-date: /home/yanji/robot_screwing/install/robot_msgs/include/robot_msgs/srv/detail/start_pose__functions.c\n'}
[0.247460] (robot_msgs) StdoutLine: {'line': b'-- Up-to-date: /home/yanji/robot_screwing/install/robot_msgs/include/robot_msgs/srv/start_pose.h\n'}
[0.247483] (robot_msgs) StdoutLine: {'line': b'-- Up-to-date: /home/yanji/robot_screwing/install/robot_msgs/include/robot_msgs/action\n'}
[0.247506] (robot_msgs) StdoutLine: {'line': b'-- Up-to-date: /home/yanji/robot_screwing/install/robot_msgs/include/robot_msgs/action/detail\n'}
[0.247536] (robot_msgs) StdoutLine: {'line': b'-- Up-to-date: /home/yanji/robot_screwing/install/robot_msgs/include/robot_msgs/action/detail/screw__struct.h\n'}
[0.247563] (robot_msgs) StdoutLine: {'line': b'-- Up-to-date: /home/yanji/robot_screwing/install/robot_msgs/include/robot_msgs/action/detail/screw__functions.c\n'}
[0.247585] (robot_msgs) StdoutLine: {'line': b'-- Up-to-date: /home/yanji/robot_screwing/install/robot_msgs/include/robot_msgs/action/detail/screw__functions.h\n'}
[0.247607] (robot_msgs) StdoutLine: {'line': b'-- Up-to-date: /home/yanji/robot_screwing/install/robot_msgs/include/robot_msgs/action/detail/screw__type_support.h\n'}
[0.247640] (robot_msgs) StdoutLine: {'line': b'-- Up-to-date: /home/yanji/robot_screwing/install/robot_msgs/include/robot_msgs/action/screw.h\n'}
[0.247689] (robot_msgs) StdoutLine: {'line': b'-- Up-to-date: /home/yanji/robot_screwing/install/robot_msgs/include/robot_msgs/msg\n'}
[0.247727] (robot_msgs) StdoutLine: {'line': b'-- Up-to-date: /home/yanji/robot_screwing/install/robot_msgs/include/robot_msgs/msg/detail\n'}
[0.247750] (robot_msgs) StdoutLine: {'line': b'-- Up-to-date: /home/yanji/robot_screwing/install/robot_msgs/include/robot_msgs/msg/detail/current_pub__struct.h\n'}
[0.247773] (robot_msgs) StdoutLine: {'line': b'-- Up-to-date: /home/yanji/robot_screwing/install/robot_msgs/include/robot_msgs/msg/detail/current_pub__functions.h\n'}
[0.247826] (robot_msgs) StdoutLine: {'line': b'-- Up-to-date: /home/yanji/robot_screwing/install/robot_msgs/include/robot_msgs/msg/detail/robot_status__functions.h\n'}
[0.247861] (robot_msgs) StdoutLine: {'line': b'-- Up-to-date: /home/yanji/robot_screwing/install/robot_msgs/include/robot_msgs/msg/detail/ft_pub__functions.h\n'}
[0.247884] (robot_msgs) StdoutLine: {'line': b'-- Up-to-date: /home/yanji/robot_screwing/install/robot_msgs/include/robot_msgs/msg/detail/ref_status__functions.h\n'}
[0.247906] (robot_msgs) StdoutLine: {'line': b'-- Up-to-date: /home/yanji/robot_screwing/install/robot_msgs/include/robot_msgs/msg/detail/width_pub__type_support.h\n'}
[0.247936] (robot_msgs) StdoutLine: {'line': b'-- Up-to-date: /home/yanji/robot_screwing/install/robot_msgs/include/robot_msgs/msg/detail/control_command__type_support.h\n'}
[0.247957] (robot_msgs) StdoutLine: {'line': b'-- Up-to-date: /home/yanji/robot_screwing/install/robot_msgs/include/robot_msgs/msg/detail/control_command__functions.h\n'}
[0.247979] (robot_msgs) StdoutLine: {'line': b'-- Up-to-date: /home/yanji/robot_screwing/install/robot_msgs/include/robot_msgs/msg/detail/ft_pub__functions.c\n'}
[0.248000] (robot_msgs) StdoutLine: {'line': b'-- Up-to-date: /home/yanji/robot_screwing/install/robot_msgs/include/robot_msgs/msg/detail/width_pub__struct.h\n'}
[0.248022] (robot_msgs) StdoutLine: {'line': b'-- Up-to-date: /home/yanji/robot_screwing/install/robot_msgs/include/robot_msgs/msg/detail/control_command__functions.c\n'}
[0.248043] (robot_msgs) StdoutLine: {'line': b'-- Up-to-date: /home/yanji/robot_screwing/install/robot_msgs/include/robot_msgs/msg/detail/control_command__struct.h\n'}
[0.248068] (robot_msgs) StdoutLine: {'line': b'-- Up-to-date: /home/yanji/robot_screwing/install/robot_msgs/include/robot_msgs/msg/detail/robot_status__struct.h\n'}
[0.248101] (robot_msgs) StdoutLine: {'line': b'-- Up-to-date: /home/yanji/robot_screwing/install/robot_msgs/include/robot_msgs/msg/detail/width_pub__functions.h\n'}
[0.248123] (robot_msgs) StdoutLine: {'line': b'-- Up-to-date: /home/yanji/robot_screwing/install/robot_msgs/include/robot_msgs/msg/detail/robot_status__type_support.h\n'}
[0.248145] (robot_msgs) StdoutLine: {'line': b'-- Up-to-date: /home/yanji/robot_screwing/install/robot_msgs/include/robot_msgs/msg/detail/ft_pub__type_support.h\n'}
[0.248184] (robot_msgs) StdoutLine: {'line': b'-- Up-to-date: /home/yanji/robot_screwing/install/robot_msgs/include/robot_msgs/msg/detail/ref_status__type_support.h\n'}
[0.248236] (robot_msgs) StdoutLine: {'line': b'-- Up-to-date: /home/yanji/robot_screwing/install/robot_msgs/include/robot_msgs/msg/detail/current_pub__functions.c\n'}
[0.248281] (robot_msgs) StdoutLine: {'line': b'-- Up-to-date: /home/yanji/robot_screwing/install/robot_msgs/include/robot_msgs/msg/detail/current_pub__type_support.h\n'}
[0.248325] (robot_msgs) StdoutLine: {'line': b'-- Up-to-date: /home/yanji/robot_screwing/install/robot_msgs/include/robot_msgs/msg/detail/robot_status__functions.c\n'}
[0.248378] (robot_msgs) StdoutLine: {'line': b'-- Up-to-date: /home/yanji/robot_screwing/install/robot_msgs/include/robot_msgs/msg/detail/width_pub__functions.c\n'}
[0.248426] (robot_msgs) StdoutLine: {'line': b'-- Up-to-date: /home/yanji/robot_screwing/install/robot_msgs/include/robot_msgs/msg/detail/ft_pub__struct.h\n'}
[0.248478] (robot_msgs) StdoutLine: {'line': b'-- Up-to-date: /home/yanji/robot_screwing/install/robot_msgs/include/robot_msgs/msg/detail/ref_status__functions.c\n'}
[0.248535] (robot_msgs) StdoutLine: {'line': b'-- Up-to-date: /home/yanji/robot_screwing/install/robot_msgs/include/robot_msgs/msg/detail/ref_status__struct.h\n'}
[0.248571] (robot_msgs) StdoutLine: {'line': b'-- Up-to-date: /home/yanji/robot_screwing/install/robot_msgs/include/robot_msgs/msg/robot_status.h\n'}
[0.248611] (robot_msgs) StdoutLine: {'line': b'-- Up-to-date: /home/yanji/robot_screwing/install/robot_msgs/include/robot_msgs/msg/control_command.h\n'}
[0.248653] (robot_msgs) StdoutLine: {'line': b'-- Up-to-date: /home/yanji/robot_screwing/install/robot_msgs/include/robot_msgs/msg/rosidl_generator_c__visibility_control.h\n'}
[0.248692] (robot_msgs) StdoutLine: {'line': b'-- Up-to-date: /home/yanji/robot_screwing/install/robot_msgs/include/robot_msgs/msg/current_pub.h\n'}
[0.248740] (robot_msgs) StdoutLine: {'line': b'-- Up-to-date: /home/yanji/robot_screwing/install/robot_msgs/include/robot_msgs/msg/width_pub.h\n'}
[0.248793] (robot_msgs) StdoutLine: {'line': b'-- Up-to-date: /home/yanji/robot_screwing/install/robot_msgs/include/robot_msgs/msg/ref_status.h\n'}
[0.248817] (robot_msgs) StdoutLine: {'line': b'-- Up-to-date: /home/yanji/robot_screwing/install/robot_msgs/include/robot_msgs/msg/ft_pub.h\n'}
[0.248839] (robot_msgs) StdoutLine: {'line': b'-- Up-to-date: /home/yanji/robot_screwing/install/robot_msgs/share/robot_msgs/environment/library_path.sh\n'}
[0.248861] (robot_msgs) StdoutLine: {'line': b'-- Up-to-date: /home/yanji/robot_screwing/install/robot_msgs/share/robot_msgs/environment/library_path.dsv\n'}
[0.248890] (robot_msgs) StdoutLine: {'line': b'-- Up-to-date: /home/yanji/robot_screwing/install/robot_msgs/lib/librobot_msgs__rosidl_generator_c.so\n'}
[0.248911] (robot_msgs) StdoutLine: {'line': b'-- Up-to-date: /home/yanji/robot_screwing/install/robot_msgs/include/robot_msgs\n'}
[0.248933] (robot_msgs) StdoutLine: {'line': b'-- Up-to-date: /home/yanji/robot_screwing/install/robot_msgs/include/robot_msgs/srv\n'}
[0.248956] (robot_msgs) StdoutLine: {'line': b'-- Up-to-date: /home/yanji/robot_screwing/install/robot_msgs/include/robot_msgs/srv/detail\n'}
[0.248978] (robot_msgs) StdoutLine: {'line': b'-- Up-to-date: /home/yanji/robot_screwing/install/robot_msgs/include/robot_msgs/srv/detail/start_pose__rosidl_typesupport_fastrtps_c.h\n'}
[0.249000] (robot_msgs) StdoutLine: {'line': b'-- Up-to-date: /home/yanji/robot_screwing/install/robot_msgs/include/robot_msgs/action\n'}
[0.249022] (robot_msgs) StdoutLine: {'line': b'-- Up-to-date: /home/yanji/robot_screwing/install/robot_msgs/include/robot_msgs/action/detail\n'}
[0.249052] (robot_msgs) StdoutLine: {'line': b'-- Up-to-date: /home/yanji/robot_screwing/install/robot_msgs/include/robot_msgs/action/detail/screw__rosidl_typesupport_fastrtps_c.h\n'}
[0.249093] (robot_msgs) StdoutLine: {'line': b'-- Up-to-date: /home/yanji/robot_screwing/install/robot_msgs/include/robot_msgs/msg\n'}
[0.249116] (robot_msgs) StdoutLine: {'line': b'-- Up-to-date: /home/yanji/robot_screwing/install/robot_msgs/include/robot_msgs/msg/detail\n'}
[0.249137] (robot_msgs) StdoutLine: {'line': b'-- Up-to-date: /home/yanji/robot_screwing/install/robot_msgs/include/robot_msgs/msg/detail/current_pub__rosidl_typesupport_fastrtps_c.h\n'}
[0.249167] (robot_msgs) StdoutLine: {'line': b'-- Up-to-date: /home/yanji/robot_screwing/install/robot_msgs/include/robot_msgs/msg/detail/control_command__rosidl_typesupport_fastrtps_c.h\n'}
[0.249199] (robot_msgs) StdoutLine: {'line': b'-- Up-to-date: /home/yanji/robot_screwing/install/robot_msgs/include/robot_msgs/msg/detail/width_pub__rosidl_typesupport_fastrtps_c.h\n'}
[0.249228] (robot_msgs) StdoutLine: {'line': b'-- Up-to-date: /home/yanji/robot_screwing/install/robot_msgs/include/robot_msgs/msg/detail/ref_status__rosidl_typesupport_fastrtps_c.h\n'}
[0.249249] (robot_msgs) StdoutLine: {'line': b'-- Up-to-date: /home/yanji/robot_screwing/install/robot_msgs/include/robot_msgs/msg/detail/ft_pub__rosidl_typesupport_fastrtps_c.h\n'}
[0.249270] (robot_msgs) StdoutLine: {'line': b'-- Up-to-date: /home/yanji/robot_screwing/install/robot_msgs/include/robot_msgs/msg/detail/robot_status__rosidl_typesupport_fastrtps_c.h\n'}
[0.249292] (robot_msgs) StdoutLine: {'line': b'-- Up-to-date: /home/yanji/robot_screwing/install/robot_msgs/include/robot_msgs/msg/rosidl_typesupport_fastrtps_c__visibility_control.h\n'}
[0.249318] (robot_msgs) StdoutLine: {'line': b'-- Up-to-date: /home/yanji/robot_screwing/install/robot_msgs/lib/librobot_msgs__rosidl_typesupport_fastrtps_c.so\n'}
[0.249339] (robot_msgs) StdoutLine: {'line': b'-- Up-to-date: /home/yanji/robot_screwing/install/robot_msgs/include/robot_msgs\n'}
[0.249360] (robot_msgs) StdoutLine: {'line': b'-- Up-to-date: /home/yanji/robot_screwing/install/robot_msgs/include/robot_msgs/srv\n'}
[0.249381] (robot_msgs) StdoutLine: {'line': b'-- Up-to-date: /home/yanji/robot_screwing/install/robot_msgs/include/robot_msgs/srv/detail\n'}
[0.249403] (robot_msgs) StdoutLine: {'line': b'-- Up-to-date: /home/yanji/robot_screwing/install/robot_msgs/include/robot_msgs/srv/detail/dds_fastrtps\n'}
[0.249425] (robot_msgs) StdoutLine: {'line': b'-- Up-to-date: /home/yanji/robot_screwing/install/robot_msgs/include/robot_msgs/srv/detail/start_pose__rosidl_typesupport_fastrtps_cpp.hpp\n'}
[0.249446] (robot_msgs) StdoutLine: {'line': b'-- Up-to-date: /home/yanji/robot_screwing/install/robot_msgs/include/robot_msgs/action\n'}
[0.249468] (robot_msgs) StdoutLine: {'line': b'-- Up-to-date: /home/yanji/robot_screwing/install/robot_msgs/include/robot_msgs/action/detail\n'}
[0.249491] (robot_msgs) StdoutLine: {'line': b'-- Up-to-date: /home/yanji/robot_screwing/install/robot_msgs/include/robot_msgs/action/detail/dds_fastrtps\n'}
[0.249513] (robot_msgs) StdoutLine: {'line': b'-- Up-to-date: /home/yanji/robot_screwing/install/robot_msgs/include/robot_msgs/action/detail/screw__rosidl_typesupport_fastrtps_cpp.hpp\n'}
[0.249534] (robot_msgs) StdoutLine: {'line': b'-- Up-to-date: /home/yanji/robot_screwing/install/robot_msgs/include/robot_msgs/msg\n'}
[0.249557] (robot_msgs) StdoutLine: {'line': b'-- Up-to-date: /home/yanji/robot_screwing/install/robot_msgs/include/robot_msgs/msg/detail\n'}
[0.249578] (robot_msgs) StdoutLine: {'line': b'-- Up-to-date: /home/yanji/robot_screwing/install/robot_msgs/include/robot_msgs/msg/detail/control_command__rosidl_typesupport_fastrtps_cpp.hpp\n'}
[0.249600] (robot_msgs) StdoutLine: {'line': b'-- Up-to-date: /home/yanji/robot_screwing/install/robot_msgs/include/robot_msgs/msg/detail/width_pub__rosidl_typesupport_fastrtps_cpp.hpp\n'}
[0.249621] (robot_msgs) StdoutLine: {'line': b'-- Up-to-date: /home/yanji/robot_screwing/install/robot_msgs/include/robot_msgs/msg/detail/dds_fastrtps\n'}
[0.249644] (robot_msgs) StdoutLine: {'line': b'-- Up-to-date: /home/yanji/robot_screwing/install/robot_msgs/include/robot_msgs/msg/detail/ft_pub__rosidl_typesupport_fastrtps_cpp.hpp\n'}
[0.249665] (robot_msgs) StdoutLine: {'line': b'-- Up-to-date: /home/yanji/robot_screwing/install/robot_msgs/include/robot_msgs/msg/detail/robot_status__rosidl_typesupport_fastrtps_cpp.hpp\n'}
[0.249686] (robot_msgs) StdoutLine: {'line': b'-- Up-to-date: /home/yanji/robot_screwing/install/robot_msgs/include/robot_msgs/msg/detail/current_pub__rosidl_typesupport_fastrtps_cpp.hpp\n'}
[0.249709] (robot_msgs) StdoutLine: {'line': b'-- Up-to-date: /home/yanji/robot_screwing/install/robot_msgs/include/robot_msgs/msg/detail/ref_status__rosidl_typesupport_fastrtps_cpp.hpp\n'}
[0.249731] (robot_msgs) StdoutLine: {'line': b'-- Up-to-date: /home/yanji/robot_screwing/install/robot_msgs/include/robot_msgs/msg/rosidl_typesupport_fastrtps_cpp__visibility_control.h\n'}
[0.249754] (robot_msgs) StdoutLine: {'line': b'-- Up-to-date: /home/yanji/robot_screwing/install/robot_msgs/lib/librobot_msgs__rosidl_typesupport_fastrtps_cpp.so\n'}
[0.249775] (robot_msgs) StdoutLine: {'line': b'-- Up-to-date: /home/yanji/robot_screwing/install/robot_msgs/include/robot_msgs\n'}
[0.249796] (robot_msgs) StdoutLine: {'line': b'-- Up-to-date: /home/yanji/robot_screwing/install/robot_msgs/include/robot_msgs/srv\n'}
[0.249818] (robot_msgs) StdoutLine: {'line': b'-- Up-to-date: /home/yanji/robot_screwing/install/robot_msgs/include/robot_msgs/srv/detail\n'}
[0.249839] (robot_msgs) StdoutLine: {'line': b'-- Up-to-date: /home/yanji/robot_screwing/install/robot_msgs/include/robot_msgs/srv/detail/start_pose__type_support.c\n'}
[0.249861] (robot_msgs) StdoutLine: {'line': b'-- Up-to-date: /home/yanji/robot_screwing/install/robot_msgs/include/robot_msgs/srv/detail/start_pose__rosidl_typesupport_introspection_c.h\n'}
[0.249882] (robot_msgs) StdoutLine: {'line': b'-- Up-to-date: /home/yanji/robot_screwing/install/robot_msgs/include/robot_msgs/action\n'}
[0.249905] (robot_msgs) StdoutLine: {'line': b'-- Up-to-date: /home/yanji/robot_screwing/install/robot_msgs/include/robot_msgs/action/detail\n'}
[0.249926] (robot_msgs) StdoutLine: {'line': b'-- Up-to-date: /home/yanji/robot_screwing/install/robot_msgs/include/robot_msgs/action/detail/screw__type_support.c\n'}
[0.249947] (robot_msgs) StdoutLine: {'line': b'-- Up-to-date: /home/yanji/robot_screwing/install/robot_msgs/include/robot_msgs/action/detail/screw__rosidl_typesupport_introspection_c.h\n'}
[0.249969] (robot_msgs) StdoutLine: {'line': b'-- Up-to-date: /home/yanji/robot_screwing/install/robot_msgs/include/robot_msgs/msg\n'}
[0.249990] (robot_msgs) StdoutLine: {'line': b'-- Up-to-date: /home/yanji/robot_screwing/install/robot_msgs/include/robot_msgs/msg/detail\n'}
[0.250011] (robot_msgs) StdoutLine: {'line': b'-- Up-to-date: /home/yanji/robot_screwing/install/robot_msgs/include/robot_msgs/msg/detail/current_pub__rosidl_typesupport_introspection_c.h\n'}
[0.250033] (robot_msgs) StdoutLine: {'line': b'-- Up-to-date: /home/yanji/robot_screwing/install/robot_msgs/include/robot_msgs/msg/detail/ref_status__type_support.c\n'}
[0.250060] (robot_msgs) StdoutLine: {'line': b'-- Up-to-date: /home/yanji/robot_screwing/install/robot_msgs/include/robot_msgs/msg/detail/ref_status__rosidl_typesupport_introspection_c.h\n'}
[0.250084] (robot_msgs) StdoutLine: {'line': b'-- Up-to-date: /home/yanji/robot_screwing/install/robot_msgs/include/robot_msgs/msg/detail/current_pub__type_support.c\n'}
[0.250109] (robot_msgs) StdoutLine: {'line': b'-- Up-to-date: /home/yanji/robot_screwing/install/robot_msgs/include/robot_msgs/msg/detail/robot_status__type_support.c\n'}
[0.250131] (robot_msgs) StdoutLine: {'line': b'-- Up-to-date: /home/yanji/robot_screwing/install/robot_msgs/include/robot_msgs/msg/detail/control_command__rosidl_typesupport_introspection_c.h\n'}
[0.250153] (robot_msgs) StdoutLine: {'line': b'-- Up-to-date: /home/yanji/robot_screwing/install/robot_msgs/include/robot_msgs/msg/detail/ft_pub__rosidl_typesupport_introspection_c.h\n'}
[0.250174] (robot_msgs) StdoutLine: {'line': b'-- Up-to-date: /home/yanji/robot_screwing/install/robot_msgs/include/robot_msgs/msg/detail/control_command__type_support.c\n'}
[0.250196] (robot_msgs) StdoutLine: {'line': b'-- Up-to-date: /home/yanji/robot_screwing/install/robot_msgs/include/robot_msgs/msg/detail/ft_pub__type_support.c\n'}
[0.250217] (robot_msgs) StdoutLine: {'line': b'-- Up-to-date: /home/yanji/robot_screwing/install/robot_msgs/include/robot_msgs/msg/detail/width_pub__type_support.c\n'}
[0.250239] (robot_msgs) StdoutLine: {'line': b'-- Up-to-date: /home/yanji/robot_screwing/install/robot_msgs/include/robot_msgs/msg/detail/width_pub__rosidl_typesupport_introspection_c.h\n'}
[0.250261] (robot_msgs) StdoutLine: {'line': b'-- Up-to-date: /home/yanji/robot_screwing/install/robot_msgs/include/robot_msgs/msg/detail/robot_status__rosidl_typesupport_introspection_c.h\n'}
[0.250284] (robot_msgs) StdoutLine: {'line': b'-- Up-to-date: /home/yanji/robot_screwing/install/robot_msgs/include/robot_msgs/msg/rosidl_typesupport_introspection_c__visibility_control.h\n'}
[0.250305] (robot_msgs) StdoutLine: {'line': b'-- Up-to-date: /home/yanji/robot_screwing/install/robot_msgs/lib/librobot_msgs__rosidl_typesupport_introspection_c.so\n'}
[0.250327] (robot_msgs) StdoutLine: {'line': b'-- Up-to-date: /home/yanji/robot_screwing/install/robot_msgs/lib/librobot_msgs__rosidl_typesupport_c.so\n'}
[0.250348] (robot_msgs) StdoutLine: {'line': b'-- Up-to-date: /home/yanji/robot_screwing/install/robot_msgs/include/robot_msgs\n'}
[0.250369] (robot_msgs) StdoutLine: {'line': b'-- Up-to-date: /home/yanji/robot_screwing/install/robot_msgs/include/robot_msgs/srv\n'}
[0.250389] (robot_msgs) StdoutLine: {'line': b'-- Up-to-date: /home/yanji/robot_screwing/install/robot_msgs/include/robot_msgs/srv/detail\n'}
[0.250411] (robot_msgs) StdoutLine: {'line': b'-- Up-to-date: /home/yanji/robot_screwing/install/robot_msgs/include/robot_msgs/srv/detail/start_pose__builder.hpp\n'}
[0.250432] (robot_msgs) StdoutLine: {'line': b'-- Up-to-date: /home/yanji/robot_screwing/install/robot_msgs/include/robot_msgs/srv/detail/start_pose__type_support.hpp\n'}
[0.250454] (robot_msgs) StdoutLine: {'line': b'-- Up-to-date: /home/yanji/robot_screwing/install/robot_msgs/include/robot_msgs/srv/detail/start_pose__traits.hpp\n'}
[0.250476] (robot_msgs) StdoutLine: {'line': b'-- Up-to-date: /home/yanji/robot_screwing/install/robot_msgs/include/robot_msgs/srv/detail/start_pose__struct.hpp\n'}
[0.250498] (robot_msgs) StdoutLine: {'line': b'-- Up-to-date: /home/yanji/robot_screwing/install/robot_msgs/include/robot_msgs/srv/start_pose.hpp\n'}
[0.250520] (robot_msgs) StdoutLine: {'line': b'-- Up-to-date: /home/yanji/robot_screwing/install/robot_msgs/include/robot_msgs/action\n'}
[0.250541] (robot_msgs) StdoutLine: {'line': b'-- Up-to-date: /home/yanji/robot_screwing/install/robot_msgs/include/robot_msgs/action/detail\n'}
[0.250562] (robot_msgs) StdoutLine: {'line': b'-- Up-to-date: /home/yanji/robot_screwing/install/robot_msgs/include/robot_msgs/action/detail/screw__type_support.hpp\n'}
[0.250582] (robot_msgs) StdoutLine: {'line': b'-- Up-to-date: /home/yanji/robot_screwing/install/robot_msgs/include/robot_msgs/action/detail/screw__struct.hpp\n'}
[0.250604] (robot_msgs) StdoutLine: {'line': b'-- Up-to-date: /home/yanji/robot_screwing/install/robot_msgs/include/robot_msgs/action/detail/screw__builder.hpp\n'}
[0.250625] (robot_msgs) StdoutLine: {'line': b'-- Up-to-date: /home/yanji/robot_screwing/install/robot_msgs/include/robot_msgs/action/detail/screw__traits.hpp\n'}
[0.250646] (robot_msgs) StdoutLine: {'line': b'-- Up-to-date: /home/yanji/robot_screwing/install/robot_msgs/include/robot_msgs/action/screw.hpp\n'}
[0.250667] (robot_msgs) StdoutLine: {'line': b'-- Up-to-date: /home/yanji/robot_screwing/install/robot_msgs/include/robot_msgs/msg\n'}
[0.250688] (robot_msgs) StdoutLine: {'line': b'-- Up-to-date: /home/yanji/robot_screwing/install/robot_msgs/include/robot_msgs/msg/detail\n'}
[0.250709] (robot_msgs) StdoutLine: {'line': b'-- Up-to-date: /home/yanji/robot_screwing/install/robot_msgs/include/robot_msgs/msg/detail/ref_status__struct.hpp\n'}
[0.250730] (robot_msgs) StdoutLine: {'line': b'-- Up-to-date: /home/yanji/robot_screwing/install/robot_msgs/include/robot_msgs/msg/detail/ref_status__traits.hpp\n'}
[0.250750] (robot_msgs) StdoutLine: {'line': b'-- Up-to-date: /home/yanji/robot_screwing/install/robot_msgs/include/robot_msgs/msg/detail/ft_pub__builder.hpp\n'}
[0.250770] (robot_msgs) StdoutLine: {'line': b'-- Up-to-date: /home/yanji/robot_screwing/install/robot_msgs/include/robot_msgs/msg/detail/width_pub__builder.hpp\n'}
[0.250791] (robot_msgs) StdoutLine: {'line': b'-- Up-to-date: /home/yanji/robot_screwing/install/robot_msgs/include/robot_msgs/msg/detail/control_command__traits.hpp\n'}
[0.250812] (robot_msgs) StdoutLine: {'line': b'-- Up-to-date: /home/yanji/robot_screwing/install/robot_msgs/include/robot_msgs/msg/detail/ref_status__type_support.hpp\n'}
[0.250834] (robot_msgs) StdoutLine: {'line': b'-- Up-to-date: /home/yanji/robot_screwing/install/robot_msgs/include/robot_msgs/msg/detail/robot_status__type_support.hpp\n'}
[0.250855] (robot_msgs) StdoutLine: {'line': b'-- Up-to-date: /home/yanji/robot_screwing/install/robot_msgs/include/robot_msgs/msg/detail/robot_status__struct.hpp\n'}
[0.250876] (robot_msgs) StdoutLine: {'line': b'-- Up-to-date: /home/yanji/robot_screwing/install/robot_msgs/include/robot_msgs/msg/detail/ref_status__builder.hpp\n'}
[0.250900] (robot_msgs) StdoutLine: {'line': b'-- Up-to-date: /home/yanji/robot_screwing/install/robot_msgs/include/robot_msgs/msg/detail/current_pub__traits.hpp\n'}
[0.250921] (robot_msgs) StdoutLine: {'line': b'-- Up-to-date: /home/yanji/robot_screwing/install/robot_msgs/include/robot_msgs/msg/detail/current_pub__builder.hpp\n'}
[0.250942] (robot_msgs) StdoutLine: {'line': b'-- Up-to-date: /home/yanji/robot_screwing/install/robot_msgs/include/robot_msgs/msg/detail/width_pub__struct.hpp\n'}
[0.250962] (robot_msgs) StdoutLine: {'line': b'-- Up-to-date: /home/yanji/robot_screwing/install/robot_msgs/include/robot_msgs/msg/detail/current_pub__type_support.hpp\n'}
[0.250982] (robot_msgs) StdoutLine: {'line': b'-- Up-to-date: /home/yanji/robot_screwing/install/robot_msgs/include/robot_msgs/msg/detail/width_pub__type_support.hpp\n'}
[0.251003] (robot_msgs) StdoutLine: {'line': b'-- Up-to-date: /home/yanji/robot_screwing/install/robot_msgs/include/robot_msgs/msg/detail/control_command__type_support.hpp\n'}
[0.251023] (robot_msgs) StdoutLine: {'line': b'-- Up-to-date: /home/yanji/robot_screwing/install/robot_msgs/include/robot_msgs/msg/detail/width_pub__traits.hpp\n'}
[0.251044] (robot_msgs) StdoutLine: {'line': b'-- Up-to-date: /home/yanji/robot_screwing/install/robot_msgs/include/robot_msgs/msg/detail/ft_pub__struct.hpp\n'}
[0.251067] (robot_msgs) StdoutLine: {'line': b'-- Up-to-date: /home/yanji/robot_screwing/install/robot_msgs/include/robot_msgs/msg/detail/control_command__builder.hpp\n'}
[0.251088] (robot_msgs) StdoutLine: {'line': b'-- Up-to-date: /home/yanji/robot_screwing/install/robot_msgs/include/robot_msgs/msg/detail/current_pub__struct.hpp\n'}
[0.251108] (robot_msgs) StdoutLine: {'line': b'-- Up-to-date: /home/yanji/robot_screwing/install/robot_msgs/include/robot_msgs/msg/detail/ft_pub__traits.hpp\n'}
[0.251129] (robot_msgs) StdoutLine: {'line': b'-- Up-to-date: /home/yanji/robot_screwing/install/robot_msgs/include/robot_msgs/msg/detail/robot_status__traits.hpp\n'}
[0.251150] (robot_msgs) StdoutLine: {'line': b'-- Up-to-date: /home/yanji/robot_screwing/install/robot_msgs/include/robot_msgs/msg/detail/ft_pub__type_support.hpp\n'}
[0.251172] (robot_msgs) StdoutLine: {'line': b'-- Up-to-date: /home/yanji/robot_screwing/install/robot_msgs/include/robot_msgs/msg/detail/control_command__struct.hpp\n'}
[0.251193] (robot_msgs) StdoutLine: {'line': b'-- Up-to-date: /home/yanji/robot_screwing/install/robot_msgs/include/robot_msgs/msg/detail/robot_status__builder.hpp\n'}
[0.251213] (robot_msgs) StdoutLine: {'line': b'-- Up-to-date: /home/yanji/robot_screwing/install/robot_msgs/include/robot_msgs/msg/ref_status.hpp\n'}
[0.251233] (robot_msgs) StdoutLine: {'line': b'-- Up-to-date: /home/yanji/robot_screwing/install/robot_msgs/include/robot_msgs/msg/rosidl_generator_cpp__visibility_control.hpp\n'}
[0.251254] (robot_msgs) StdoutLine: {'line': b'-- Up-to-date: /home/yanji/robot_screwing/install/robot_msgs/include/robot_msgs/msg/control_command.hpp\n'}
[0.251275] (robot_msgs) StdoutLine: {'line': b'-- Up-to-date: /home/yanji/robot_screwing/install/robot_msgs/include/robot_msgs/msg/width_pub.hpp\n'}
[0.251295] (robot_msgs) StdoutLine: {'line': b'-- Up-to-date: /home/yanji/robot_screwing/install/robot_msgs/include/robot_msgs/msg/ft_pub.hpp\n'}
[0.251315] (robot_msgs) StdoutLine: {'line': b'-- Up-to-date: /home/yanji/robot_screwing/install/robot_msgs/include/robot_msgs/msg/robot_status.hpp\n'}
[0.251336] (robot_msgs) StdoutLine: {'line': b'-- Up-to-date: /home/yanji/robot_screwing/install/robot_msgs/include/robot_msgs/msg/current_pub.hpp\n'}
[0.251357] (robot_msgs) StdoutLine: {'line': b'-- Up-to-date: /home/yanji/robot_screwing/install/robot_msgs/include/robot_msgs\n'}
[0.251378] (robot_msgs) StdoutLine: {'line': b'-- Up-to-date: /home/yanji/robot_screwing/install/robot_msgs/include/robot_msgs/srv\n'}
[0.251398] (robot_msgs) StdoutLine: {'line': b'-- Up-to-date: /home/yanji/robot_screwing/install/robot_msgs/include/robot_msgs/srv/detail\n'}
[0.251418] (robot_msgs) StdoutLine: {'line': b'-- Up-to-date: /home/yanji/robot_screwing/install/robot_msgs/include/robot_msgs/srv/detail/start_pose__rosidl_typesupport_introspection_cpp.hpp\n'}
[0.251439] (robot_msgs) StdoutLine: {'line': b'-- Up-to-date: /home/yanji/robot_screwing/install/robot_msgs/include/robot_msgs/srv/detail/start_pose__type_support.cpp\n'}
[0.251459] (robot_msgs) StdoutLine: {'line': b'-- Up-to-date: /home/yanji/robot_screwing/install/robot_msgs/include/robot_msgs/action\n'}
[0.251478] (robot_msgs) StdoutLine: {'line': b'-- Up-to-date: /home/yanji/robot_screwing/install/robot_msgs/include/robot_msgs/action/detail\n'}
[0.251499] (robot_msgs) StdoutLine: {'line': b'-- Up-to-date: /home/yanji/robot_screwing/install/robot_msgs/include/robot_msgs/action/detail/screw__type_support.cpp\n'}
[0.251519] (robot_msgs) StdoutLine: {'line': b'-- Up-to-date: /home/yanji/robot_screwing/install/robot_msgs/include/robot_msgs/action/detail/screw__rosidl_typesupport_introspection_cpp.hpp\n'}
[0.251539] (robot_msgs) StdoutLine: {'line': b'-- Up-to-date: /home/yanji/robot_screwing/install/robot_msgs/include/robot_msgs/msg\n'}
[0.251558] (robot_msgs) StdoutLine: {'line': b'-- Up-to-date: /home/yanji/robot_screwing/install/robot_msgs/include/robot_msgs/msg/detail\n'}
[0.251579] (robot_msgs) StdoutLine: {'line': b'-- Up-to-date: /home/yanji/robot_screwing/install/robot_msgs/include/robot_msgs/msg/detail/width_pub__rosidl_typesupport_introspection_cpp.hpp\n'}
[0.251600] (robot_msgs) StdoutLine: {'line': b'-- Up-to-date: /home/yanji/robot_screwing/install/robot_msgs/include/robot_msgs/msg/detail/ft_pub__rosidl_typesupport_introspection_cpp.hpp\n'}
[0.251621] (robot_msgs) StdoutLine: {'line': b'-- Up-to-date: /home/yanji/robot_screwing/install/robot_msgs/include/robot_msgs/msg/detail/width_pub__type_support.cpp\n'}
[0.251641] (robot_msgs) StdoutLine: {'line': b'-- Up-to-date: /home/yanji/robot_screwing/install/robot_msgs/include/robot_msgs/msg/detail/ft_pub__type_support.cpp\n'}
[0.251663] (robot_msgs) StdoutLine: {'line': b'-- Up-to-date: /home/yanji/robot_screwing/install/robot_msgs/include/robot_msgs/msg/detail/control_command__rosidl_typesupport_introspection_cpp.hpp\n'}
[0.251684] (robot_msgs) StdoutLine: {'line': b'-- Up-to-date: /home/yanji/robot_screwing/install/robot_msgs/include/robot_msgs/msg/detail/robot_status__type_support.cpp\n'}
[0.251704] (robot_msgs) StdoutLine: {'line': b'-- Up-to-date: /home/yanji/robot_screwing/install/robot_msgs/include/robot_msgs/msg/detail/ref_status__rosidl_typesupport_introspection_cpp.hpp\n'}
[0.251725] (robot_msgs) StdoutLine: {'line': b'-- Up-to-date: /home/yanji/robot_screwing/install/robot_msgs/include/robot_msgs/msg/detail/current_pub__type_support.cpp\n'}
[0.251745] (robot_msgs) StdoutLine: {'line': b'-- Up-to-date: /home/yanji/robot_screwing/install/robot_msgs/include/robot_msgs/msg/detail/current_pub__rosidl_typesupport_introspection_cpp.hpp\n'}
[0.251765] (robot_msgs) StdoutLine: {'line': b'-- Up-to-date: /home/yanji/robot_screwing/install/robot_msgs/include/robot_msgs/msg/detail/ref_status__type_support.cpp\n'}
[0.251785] (robot_msgs) StdoutLine: {'line': b'-- Up-to-date: /home/yanji/robot_screwing/install/robot_msgs/include/robot_msgs/msg/detail/control_command__type_support.cpp\n'}
[0.251805] (robot_msgs) StdoutLine: {'line': b'-- Up-to-date: /home/yanji/robot_screwing/install/robot_msgs/include/robot_msgs/msg/detail/robot_status__rosidl_typesupport_introspection_cpp.hpp\n'}
[0.251826] (robot_msgs) StdoutLine: {'line': b'-- Up-to-date: /home/yanji/robot_screwing/install/robot_msgs/lib/librobot_msgs__rosidl_typesupport_introspection_cpp.so\n'}
[0.251848] (robot_msgs) StdoutLine: {'line': b'-- Up-to-date: /home/yanji/robot_screwing/install/robot_msgs/lib/librobot_msgs__rosidl_typesupport_cpp.so\n'}
[0.251869] (robot_msgs) StdoutLine: {'line': b'-- Up-to-date: /home/yanji/robot_screwing/install/robot_msgs/share/robot_msgs/environment/pythonpath.sh\n'}
[0.251888] (robot_msgs) StdoutLine: {'line': b'-- Up-to-date: /home/yanji/robot_screwing/install/robot_msgs/share/robot_msgs/environment/pythonpath.dsv\n'}
[0.251909] (robot_msgs) StdoutLine: {'line': b'-- Up-to-date: /home/yanji/robot_screwing/install/robot_msgs/lib/python3.8/site-packages/robot_msgs/__init__.py\n'}
[0.266476] (robot_msgs) StdoutLine: {'line': b'-- Up-to-date: /home/yanji/robot_screwing/install/robot_msgs/lib/python3.8/site-packages/robot_msgs/msg\n'}
[0.266601] (robot_msgs) StdoutLine: {'line': b'-- Up-to-date: /home/yanji/robot_screwing/install/robot_msgs/lib/python3.8/site-packages/robot_msgs/msg/_robot_status_s.c\n'}
[0.266646] (robot_msgs) StdoutLine: {'line': b'-- Up-to-date: /home/yanji/robot_screwing/install/robot_msgs/lib/python3.8/site-packages/robot_msgs/msg/_width_pub_s.c\n'}
[0.266688] (robot_msgs) StdoutLine: {'line': b'-- Up-to-date: /home/yanji/robot_screwing/install/robot_msgs/lib/python3.8/site-packages/robot_msgs/msg/__init__.py\n'}
[0.266719] (robot_msgs) StdoutLine: {'line': b'-- Up-to-date: /home/yanji/robot_screwing/install/robot_msgs/lib/python3.8/site-packages/robot_msgs/msg/_control_command.py\n'}
[0.266741] (robot_msgs) StdoutLine: {'line': b'-- Up-to-date: /home/yanji/robot_screwing/install/robot_msgs/lib/python3.8/site-packages/robot_msgs/msg/_ref_status.py\n'}
[0.266764] (robot_msgs) StdoutLine: {'line': b'-- Up-to-date: /home/yanji/robot_screwing/install/robot_msgs/lib/python3.8/site-packages/robot_msgs/msg/_robot_status.py\n'}
[0.266785] (robot_msgs) StdoutLine: {'line': b'-- Up-to-date: /home/yanji/robot_screwing/install/robot_msgs/lib/python3.8/site-packages/robot_msgs/msg/_ft_pub_s.c\n'}
[0.266806] (robot_msgs) StdoutLine: {'line': b'-- Up-to-date: /home/yanji/robot_screwing/install/robot_msgs/lib/python3.8/site-packages/robot_msgs/msg/_ref_status_s.c\n'}
[0.266828] (robot_msgs) StdoutLine: {'line': b'-- Up-to-date: /home/yanji/robot_screwing/install/robot_msgs/lib/python3.8/site-packages/robot_msgs/msg/_current_pub.py\n'}
[0.266849] (robot_msgs) StdoutLine: {'line': b'-- Up-to-date: /home/yanji/robot_screwing/install/robot_msgs/lib/python3.8/site-packages/robot_msgs/msg/_control_command_s.c\n'}
[0.266879] (robot_msgs) StdoutLine: {'line': b'-- Up-to-date: /home/yanji/robot_screwing/install/robot_msgs/lib/python3.8/site-packages/robot_msgs/msg/_current_pub_s.c\n'}
[0.266900] (robot_msgs) StdoutLine: {'line': b'-- Up-to-date: /home/yanji/robot_screwing/install/robot_msgs/lib/python3.8/site-packages/robot_msgs/msg/_width_pub.py\n'}
[0.266922] (robot_msgs) StdoutLine: {'line': b'-- Up-to-date: /home/yanji/robot_screwing/install/robot_msgs/lib/python3.8/site-packages/robot_msgs/msg/_ft_pub.py\n'}
[0.266943] (robot_msgs) StdoutLine: {'line': b'-- Up-to-date: /home/yanji/robot_screwing/install/robot_msgs/lib/python3.8/site-packages/robot_msgs/srv\n'}
[0.266965] (robot_msgs) StdoutLine: {'line': b'-- Up-to-date: /home/yanji/robot_screwing/install/robot_msgs/lib/python3.8/site-packages/robot_msgs/srv/__init__.py\n'}
[0.266987] (robot_msgs) StdoutLine: {'line': b'-- Up-to-date: /home/yanji/robot_screwing/install/robot_msgs/lib/python3.8/site-packages/robot_msgs/srv/_start_pose_s.c\n'}
[0.267009] (robot_msgs) StdoutLine: {'line': b'-- Up-to-date: /home/yanji/robot_screwing/install/robot_msgs/lib/python3.8/site-packages/robot_msgs/srv/_start_pose.py\n'}
[0.267030] (robot_msgs) StdoutLine: {'line': b'-- Up-to-date: /home/yanji/robot_screwing/install/robot_msgs/lib/python3.8/site-packages/robot_msgs/action\n'}
[0.267053] (robot_msgs) StdoutLine: {'line': b'-- Up-to-date: /home/yanji/robot_screwing/install/robot_msgs/lib/python3.8/site-packages/robot_msgs/action/__init__.py\n'}
[0.267085] (robot_msgs) StdoutLine: {'line': b'-- Up-to-date: /home/yanji/robot_screwing/install/robot_msgs/lib/python3.8/site-packages/robot_msgs/action/_screw.py\n'}
[0.267116] (robot_msgs) StdoutLine: {'line': b'-- Up-to-date: /home/yanji/robot_screwing/install/robot_msgs/lib/python3.8/site-packages/robot_msgs/action/_screw_s.c\n'}
[0.267138] (robot_msgs) StdoutLine: {'line': b'-- Up-to-date: /home/yanji/robot_screwing/install/robot_msgs/lib/python3.8/site-packages/robot_msgs/robot_msgs_s__rosidl_typesupport_fastrtps_c.cpython-38-x86_64-linux-gnu.so\n'}
[0.267222] (robot_msgs) StdoutLine: {'line': b'-- Up-to-date: /home/yanji/robot_screwing/install/robot_msgs/lib/python3.8/site-packages/robot_msgs/robot_msgs_s__rosidl_typesupport_introspection_c.cpython-38-x86_64-linux-gnu.so\n'}
[0.267514] (robot_msgs) StdoutLine: {'line': b'-- Up-to-date: /home/yanji/robot_screwing/install/robot_msgs/lib/python3.8/site-packages/robot_msgs/robot_msgs_s__rosidl_typesupport_c.cpython-38-x86_64-linux-gnu.so\n'}
[0.267711] (robot_msgs) StdoutLine: {'line': b'-- Up-to-date: /home/yanji/robot_screwing/install/robot_msgs/lib/librobot_msgs__python.so\n'}
[0.267792] (robot_msgs) StdoutLine: {'line': b'-- Up-to-date: /home/yanji/robot_screwing/install/robot_msgs/share/robot_msgs/msg/FtPub.idl\n'}
[0.267824] (robot_msgs) StdoutLine: {'line': b'-- Up-to-date: /home/yanji/robot_screwing/install/robot_msgs/share/robot_msgs/msg/RobotStatus.idl\n'}
[0.267860] (robot_msgs) StdoutLine: {'line': b'-- Up-to-date: /home/yanji/robot_screwing/install/robot_msgs/share/robot_msgs/msg/ControlCommand.idl\n'}
[0.267894] (robot_msgs) StdoutLine: {'line': b'-- Up-to-date: /home/yanji/robot_screwing/install/robot_msgs/share/robot_msgs/msg/RefStatus.idl\n'}
[0.267924] (robot_msgs) StdoutLine: {'line': b'-- Up-to-date: /home/yanji/robot_screwing/install/robot_msgs/share/robot_msgs/srv/StartPose.idl\n'}
[0.267957] (robot_msgs) StdoutLine: {'line': b'-- Up-to-date: /home/yanji/robot_screwing/install/robot_msgs/share/robot_msgs/action/Screw.idl\n'}
[0.267987] (robot_msgs) StdoutLine: {'line': b'-- Up-to-date: /home/yanji/robot_screwing/install/robot_msgs/share/robot_msgs/msg/CurrentPub.idl\n'}
[0.268021] (robot_msgs) StdoutLine: {'line': b'-- Up-to-date: /home/yanji/robot_screwing/install/robot_msgs/share/robot_msgs/msg/WidthPub.idl\n'}
[0.268069] (robot_msgs) StdoutLine: {'line': b'-- Up-to-date: /home/yanji/robot_screwing/install/robot_msgs/share/robot_msgs/msg/FtPub.msg\n'}
[0.268125] (robot_msgs) StdoutLine: {'line': b'-- Up-to-date: /home/yanji/robot_screwing/install/robot_msgs/share/robot_msgs/msg/RobotStatus.msg\n'}
[0.268157] (robot_msgs) StdoutLine: {'line': b'-- Up-to-date: /home/yanji/robot_screwing/install/robot_msgs/share/robot_msgs/msg/ControlCommand.msg\n'}
[0.268193] (robot_msgs) StdoutLine: {'line': b'-- Up-to-date: /home/yanji/robot_screwing/install/robot_msgs/share/robot_msgs/msg/RefStatus.msg\n'}
[0.268224] (robot_msgs) StdoutLine: {'line': b'-- Up-to-date: /home/yanji/robot_screwing/install/robot_msgs/share/robot_msgs/srv/StartPose.srv\n'}
[0.268260] (robot_msgs) StdoutLine: {'line': b'-- Up-to-date: /home/yanji/robot_screwing/install/robot_msgs/share/robot_msgs/srv/StartPose_Request.msg\n'}
[0.268296] (robot_msgs) StdoutLine: {'line': b'-- Up-to-date: /home/yanji/robot_screwing/install/robot_msgs/share/robot_msgs/srv/StartPose_Response.msg\n'}
[0.268331] (robot_msgs) StdoutLine: {'line': b'-- Up-to-date: /home/yanji/robot_screwing/install/robot_msgs/share/robot_msgs/action/Screw.action\n'}
[0.268361] (robot_msgs) StdoutLine: {'line': b'-- Up-to-date: /home/yanji/robot_screwing/install/robot_msgs/share/robot_msgs/msg/CurrentPub.msg\n'}
[0.268391] (robot_msgs) StdoutLine: {'line': b'-- Up-to-date: /home/yanji/robot_screwing/install/robot_msgs/share/robot_msgs/msg/WidthPub.msg\n'}
[0.268415] (robot_msgs) StdoutLine: {'line': b'-- Up-to-date: /home/yanji/robot_screwing/install/robot_msgs/share/ament_index/resource_index/package_run_dependencies/robot_msgs\n'}
[0.268438] (robot_msgs) StdoutLine: {'line': b'-- Up-to-date: /home/yanji/robot_screwing/install/robot_msgs/share/ament_index/resource_index/parent_prefix_path/robot_msgs\n'}
[0.268470] (robot_msgs) StdoutLine: {'line': b'-- Up-to-date: /home/yanji/robot_screwing/install/robot_msgs/share/robot_msgs/environment/ament_prefix_path.sh\n'}
[0.268492] (robot_msgs) StdoutLine: {'line': b'-- Up-to-date: /home/yanji/robot_screwing/install/robot_msgs/share/robot_msgs/environment/ament_prefix_path.dsv\n'}
[0.268514] (robot_msgs) StdoutLine: {'line': b'-- Up-to-date: /home/yanji/robot_screwing/install/robot_msgs/share/robot_msgs/environment/path.sh\n'}
[0.268543] (robot_msgs) StdoutLine: {'line': b'-- Up-to-date: /home/yanji/robot_screwing/install/robot_msgs/share/robot_msgs/environment/path.dsv\n'}
[0.268572] (robot_msgs) StdoutLine: {'line': b'-- Up-to-date: /home/yanji/robot_screwing/install/robot_msgs/share/robot_msgs/local_setup.bash\n'}
[0.268595] (robot_msgs) StdoutLine: {'line': b'-- Up-to-date: /home/yanji/robot_screwing/install/robot_msgs/share/robot_msgs/local_setup.sh\n'}
[0.268617] (robot_msgs) StdoutLine: {'line': b'-- Up-to-date: /home/yanji/robot_screwing/install/robot_msgs/share/robot_msgs/local_setup.zsh\n'}
[0.268651] (robot_msgs) StdoutLine: {'line': b'-- Up-to-date: /home/yanji/robot_screwing/install/robot_msgs/share/robot_msgs/local_setup.dsv\n'}
[0.268672] (robot_msgs) StdoutLine: {'line': b'-- Installing: /home/yanji/robot_screwing/install/robot_msgs/share/robot_msgs/package.dsv\n'}
[0.268693] (robot_msgs) StdoutLine: {'line': b'-- Up-to-date: /home/yanji/robot_screwing/install/robot_msgs/share/ament_index/resource_index/packages/robot_msgs\n'}
[0.268722] (robot_msgs) StdoutLine: {'line': b'-- Up-to-date: /home/yanji/robot_screwing/install/robot_msgs/share/robot_msgs/cmake/robot_msgs__rosidl_generator_cExport.cmake\n'}
[0.268751] (robot_msgs) StdoutLine: {'line': b'-- Up-to-date: /home/yanji/robot_screwing/install/robot_msgs/share/robot_msgs/cmake/robot_msgs__rosidl_generator_cExport-noconfig.cmake\n'}
[0.268776] (robot_msgs) StdoutLine: {'line': b'-- Up-to-date: /home/yanji/robot_screwing/install/robot_msgs/share/robot_msgs/cmake/robot_msgs__rosidl_typesupport_introspection_cExport.cmake\n'}
[0.268807] (robot_msgs) StdoutLine: {'line': b'-- Up-to-date: /home/yanji/robot_screwing/install/robot_msgs/share/robot_msgs/cmake/robot_msgs__rosidl_typesupport_introspection_cExport-noconfig.cmake\n'}
[0.268828] (robot_msgs) StdoutLine: {'line': b'-- Up-to-date: /home/yanji/robot_screwing/install/robot_msgs/share/robot_msgs/cmake/robot_msgs__rosidl_typesupport_cExport.cmake\n'}
[0.268849] (robot_msgs) StdoutLine: {'line': b'-- Up-to-date: /home/yanji/robot_screwing/install/robot_msgs/share/robot_msgs/cmake/robot_msgs__rosidl_typesupport_cExport-noconfig.cmake\n'}
[0.268878] (robot_msgs) StdoutLine: {'line': b'-- Up-to-date: /home/yanji/robot_screwing/install/robot_msgs/share/robot_msgs/cmake/robot_msgs__rosidl_generator_cppExport.cmake\n'}
[0.268906] (robot_msgs) StdoutLine: {'line': b'-- Up-to-date: /home/yanji/robot_screwing/install/robot_msgs/share/robot_msgs/cmake/robot_msgs__rosidl_typesupport_introspection_cppExport.cmake\n'}
[0.268927] (robot_msgs) StdoutLine: {'line': b'-- Up-to-date: /home/yanji/robot_screwing/install/robot_msgs/share/robot_msgs/cmake/robot_msgs__rosidl_typesupport_introspection_cppExport-noconfig.cmake\n'}
[0.268956] (robot_msgs) StdoutLine: {'line': b'-- Up-to-date: /home/yanji/robot_screwing/install/robot_msgs/share/robot_msgs/cmake/robot_msgs__rosidl_typesupport_cppExport.cmake\n'}
[0.268985] (robot_msgs) StdoutLine: {'line': b'-- Up-to-date: /home/yanji/robot_screwing/install/robot_msgs/share/robot_msgs/cmake/robot_msgs__rosidl_typesupport_cppExport-noconfig.cmake\n'}
[0.269018] (robot_msgs) StdoutLine: {'line': b'-- Up-to-date: /home/yanji/robot_screwing/install/robot_msgs/share/robot_msgs/cmake/rosidl_cmake-extras.cmake\n'}
[0.269047] (robot_msgs) StdoutLine: {'line': b'-- Up-to-date: /home/yanji/robot_screwing/install/robot_msgs/share/robot_msgs/cmake/ament_cmake_export_dependencies-extras.cmake\n'}
[0.269088] (robot_msgs) StdoutLine: {'line': b'-- Up-to-date: /home/yanji/robot_screwing/install/robot_msgs/share/robot_msgs/cmake/ament_cmake_export_libraries-extras.cmake\n'}
[0.269121] (robot_msgs) StdoutLine: {'line': b'-- Up-to-date: /home/yanji/robot_screwing/install/robot_msgs/share/robot_msgs/cmake/ament_cmake_export_targets-extras.cmake\n'}
[0.269152] (robot_msgs) StdoutLine: {'line': b'-- Up-to-date: /home/yanji/robot_screwing/install/robot_msgs/share/robot_msgs/cmake/ament_cmake_export_include_directories-extras.cmake\n'}
[0.269181] (robot_msgs) StdoutLine: {'line': b'-- Up-to-date: /home/yanji/robot_screwing/install/robot_msgs/share/robot_msgs/cmake/rosidl_cmake_export_typesupport_libraries-extras.cmake\n'}
[0.269203] (robot_msgs) StdoutLine: {'line': b'-- Up-to-date: /home/yanji/robot_screwing/install/robot_msgs/share/robot_msgs/cmake/rosidl_cmake_export_typesupport_targets-extras.cmake\n'}
[0.269224] (robot_msgs) StdoutLine: {'line': b'-- Up-to-date: /home/yanji/robot_screwing/install/robot_msgs/share/robot_msgs/cmake/robot_msgsConfig.cmake\n'}
[0.269246] (robot_msgs) StdoutLine: {'line': b'-- Up-to-date: /home/yanji/robot_screwing/install/robot_msgs/share/robot_msgs/cmake/robot_msgsConfig-version.cmake\n'}
[0.269267] (robot_msgs) StdoutLine: {'line': b'-- Up-to-date: /home/yanji/robot_screwing/install/robot_msgs/share/robot_msgs/package.xml\n'}
[0.270305] (robot_msgs) CommandEnded: {'returncode': 0}
[0.279888] (robot_msgs) JobEnded: {'identifier': 'robot_msgs', 'rc': 0}
[0.280358] (screw_robot_control) JobStarted: {'identifier': 'screw_robot_control'}
[0.284289] (screw_robot_control) JobProgress: {'identifier': 'screw_robot_control', 'progress': 'cmake'}
[0.284861] (screw_robot_control) JobProgress: {'identifier': 'screw_robot_control', 'progress': 'build'}
[0.284963] (screw_robot_control) Command: {'cmd': ['/usr/bin/cmake', '--build', '/home/yanji/robot_screwing/build/screw_robot_control', '--', '-j24', '-l24'], 'cwd': '/home/yanji/robot_screwing/build/screw_robot_control', 'env': OrderedDict([('LESSOPEN', '| /usr/bin/lesspipe %s'), ('LIBRARY_PATH', '/home/yanji/jaka_python:/home/yanji/jaka_python::/usr/local/cuda/lib64:/usr/local/cuda/lib64'), ('CONDA_PROMPT_MODIFIER', '(screwrobot)'), ('HTTPS_PROXY', 'http://127.0.0.1:7890/'), ('no_proxy', 'localhost,127.0.0.0/8,::1'), ('LANGUAGE', 'zh_CN:en'), ('USER', 'yanji'), ('LC_TIME', 'en_US.UTF-8'), ('all_proxy', 'socks://127.0.0.1:7891/'), ('SSH_AGENT_PID', '1993'), ('XDG_SESSION_TYPE', 'x11'), ('GIT_ASKPASS', '/usr/share/code/resources/app/extensions/git/dist/askpass.sh'), ('SHLVL', '2'), ('LD_LIBRARY_PATH', '/home/yanji/robot_screwing/install/robot_msgs/lib:/lib/x86_64-linux-gnu:/usr/lib/x86_64-linux-gnu:/home/yanji/robot_screwing/install/screw_robot_control/lib:/opt/ros/foxy/opt/yaml_cpp_vendor/lib:/opt/ros/foxy/opt/rviz_ogre_vendor/lib:/opt/ros/foxy/lib/x86_64-linux-gnu:/opt/ros/foxy/lib:/lib/x86_64-linux-gnu:/usr/lib/x86_64-linux-gnu:/usr/local/cuda/lib64:/usr/local/cuda/lib64'), ('HOME', '/home/yanji'), ('CHROME_DESKTOP', 'code.desktop'), ('CONDA_SHLVL', '1'), ('TERM_PROGRAM_VERSION', '1.97.2'), ('DESKTOP_SESSION', 'ubuntu'), ('NO_PROXY', 'localhost,127.0.0.0/8,::1'), ('ROS_PYTHON_VERSION', '3'), ('GNOME_SHELL_SESSION_MODE', 'ubuntu'), ('GTK_MODULES', 'gail:atk-bridge'), ('XDG_SEAT_PATH', '/org/freedesktop/DisplayManager/Seat0'), ('VSCODE_GIT_ASKPASS_MAIN', '/usr/share/code/resources/app/extensions/git/dist/askpass-main.js'), ('PS1', '\\[\x1b]633;A\x07\\](screwrobot) \\[\\e]0;\\u@\\h: \\w\\a\\]${debian_chroot:+($debian_chroot)}\\[\\033[01;32m\\]\\u@\\h\\[\\033[00m\\]:\\[\\033[01;34m\\]\\w\\[\\033[00m\\]\\$ \\[\x1b]633;B\x07\\]'), ('LC_MONETARY', 'en_US.UTF-8'), ('VSCODE_GIT_ASKPASS_NODE', '/usr/share/code/code'), ('MANAGERPID', '1903'), ('PYDEVD_DISABLE_FILE_VALIDATION', '1'), ('BUNDLED_DEBUGPY_PATH', '/home/yanji/.vscode/extensions/ms-python.debugpy-2025.8.0-linux-x64/bundled/libs/debugpy'), ('DBUS_SESSION_BUS_ADDRESS', 'unix:path=/run/user/1000/bus'), ('COLORTERM', 'truecolor'), ('_CE_M', ''), ('IM_CONFIG_PHASE', '1'), ('https_proxy', 'http://127.0.0.1:7890/'), ('COLCON_PREFIX_PATH', '/home/yanji/robot_screwing/install'), ('ROS_DISTRO', 'foxy'), ('LOGNAME', 'yanji'), ('CONDA_ROOT', '/home/yanji/anaconda3'), ('ALL_PROXY', 'socks://127.0.0.1:7891/'), ('http_proxy', 'http://127.0.0.1:7890/'), ('JOURNAL_STREAM', '8:53881'), ('_', '/usr/bin/colcon'), ('ROS_VERSION', '2'), ('XDG_SESSION_CLASS', 'user'), ('TERM', 'xterm-256color'), ('GNOME_DESKTOP_SESSION_ID', 'this-is-deprecated'), ('_CE_CONDA', ''), ('ROS_LOCALHOST_ONLY', '0'), ('PATH', '/home/yanji/anaconda3/envs/screwrobot/bin:/opt/ros/foxy/bin:/usr/lib/ccache:/home/yanji/anaconda3/condabin:/home/yanji/.local/bin:/usr/local/sbin:/usr/local/bin:/usr/sbin:/usr/bin:/sbin:/bin:/usr/games:/usr/local/games:/snap/bin:/usr/local/cuda/bin:/home/yanji/pycharm/bin:/opt/ros/foxy/bin:/usr/lib/ccache:/home/yanji/anaconda3/envs/screwrobot/bin:/usr/lib/ccache:/home/yanji/anaconda3/condabin:/home/yanji/.local/bin:/usr/local/sbin:/usr/local/bin:/usr/sbin:/usr/bin:/sbin:/bin:/usr/games:/usr/local/games:/snap/bin:/usr/local/cuda/bin:/home/yanji/pycharm/bin:/home/yanji/anaconda3/envs/screwrobot/bin:/usr/lib/ccache:/home/yanji/anaconda3/condabin:/home/yanji/.local/bin:/usr/local/sbin:/usr/local/bin:/usr/sbin:/usr/bin:/sbin:/bin:/usr/games:/usr/local/games:/snap/bin:/usr/local/cuda/bin:/home/yanji/pycharm/bin/:/usr/local/cuda/bin:/home/yanji/pycharm/bin/'), ('SESSION_MANAGER', 'local/yanji-server:@/tmp/.ICE-unix/2030,unix/yanji-server:/tmp/.ICE-unix/2030'), ('GDM_LANG', 'zh_CN'), ('INVOCATION_ID', '1a73730a848f4039820fc51d943cdeaf'), ('PAPERSIZE', 'letter'), ('XDG_SESSION_PATH', '/org/freedesktop/DisplayManager/Session0'), ('XDG_MENU_PREFIX', 'gnome-'), ('LC_ADDRESS', 'en_US.UTF-8'), ('GNOME_TERMINAL_SCREEN', '/org/gnome/Terminal/screen/0f059cac_bf80_4e58_bb36_632a4875c5b5'), ('XDG_RUNTIME_DIR', '/run/user/1000'), ('GDK_BACKEND', 'x11'), ('DISPLAY', ':0'), ('VSCODE_DEBUGPY_ADAPTER_ENDPOINTS', '/home/yanji/.vscode/extensions/ms-python.debugpy-2025.8.0-linux-x64/.noConfigDebugAdapterEndpoints/endpoint-35e173d817dea6ca.txt'), ('LANG', 'zh_CN.UTF-8'), ('XDG_CURRENT_DESKTOP', 'Unity'), ('LC_TELEPHONE', 'en_US.UTF-8'), ('XMODIFIERS', '@im=ibus'), ('XDG_SESSION_DESKTOP', 'ubuntu'), ('XAUTHORITY', '/home/yanji/.Xauthority'), ('LS_COLORS', 'rs=0:di=01;34:ln=01;36:mh=00:pi=40;33:so=01;35:do=01;35:bd=40;33;01:cd=40;33;01:or=40;31;01:mi=00:su=37;41:sg=30;43:ca=30;41:tw=30;42:ow=34;42:st=37;44:ex=01;32:*.tar=01;31:*.tgz=01;31:*.arc=01;31:*.arj=01;31:*.taz=01;31:*.lha=01;31:*.lz4=01;31:*.lzh=01;31:*.lzma=01;31:*.tlz=01;31:*.txz=01;31:*.tzo=01;31:*.t7z=01;31:*.zip=01;31:*.z=01;31:*.dz=01;31:*.gz=01;31:*.lrz=01;31:*.lz=01;31:*.lzo=01;31:*.xz=01;31:*.zst=01;31:*.tzst=01;31:*.bz2=01;31:*.bz=01;31:*.tbz=01;31:*.tbz2=01;31:*.tz=01;31:*.deb=01;31:*.rpm=01;31:*.jar=01;31:*.war=01;31:*.ear=01;31:*.sar=01;31:*.rar=01;31:*.alz=01;31:*.ace=01;31:*.zoo=01;31:*.cpio=01;31:*.7z=01;31:*.rz=01;31:*.cab=01;31:*.wim=01;31:*.swm=01;31:*.dwm=01;31:*.esd=01;31:*.jpg=01;35:*.jpeg=01;35:*.mjpg=01;35:*.mjpeg=01;35:*.gif=01;35:*.bmp=01;35:*.pbm=01;35:*.pgm=01;35:*.ppm=01;35:*.tga=01;35:*.xbm=01;35:*.xpm=01;35:*.tif=01;35:*.tiff=01;35:*.png=01;35:*.svg=01;35:*.svgz=01;35:*.mng=01;35:*.pcx=01;35:*.mov=01;35:*.mpg=01;35:*.mpeg=01;35:*.m2v=01;35:*.mkv=01;35:*.webm=01;35:*.ogm=01;35:*.mp4=01;35:*.m4v=01;35:*.mp4v=01;35:*.vob=01;35:*.qt=01;35:*.nuv=01;35:*.wmv=01;35:*.asf=01;35:*.rm=01;35:*.rmvb=01;35:*.flc=01;35:*.avi=01;35:*.fli=01;35:*.flv=01;35:*.gl=01;35:*.dl=01;35:*.xcf=01;35:*.xwd=01;35:*.yuv=01;35:*.cgm=01;35:*.emf=01;35:*.ogv=01;35:*.ogx=01;35:*.aac=00;36:*.au=00;36:*.flac=00;36:*.m4a=00;36:*.mid=00;36:*.midi=00;36:*.mka=00;36:*.mp3=00;36:*.mpc=00;36:*.ogg=00;36:*.ra=00;36:*.wav=00;36:*.oga=00;36:*.opus=00;36:*.spx=00;36:*.xspf=00;36:'), ('VSCODE_GIT_IPC_HANDLE', '/run/user/1000/vscode-git-51992ed709.sock'), ('GNOME_TERMINAL_SERVICE', ':1.81'), ('TERM_PROGRAM', 'vscode'), ('SSH_AUTH_SOCK', '/run/user/1000/keyring/ssh'), ('XDG_GREETER_DATA_DIR', '/var/lib/lightdm-data/yanji'), ('AMENT_PREFIX_PATH', '/home/yanji/robot_screwing/install/screw_robot_control:/home/yanji/robot_screwing/install/robot_msgs:/home/yanji/robot_screwing/install/real_robot:/home/yanji/robot_screwing/install/mj_sim:/opt/ros/foxy'), ('CONDA_PYTHON_EXE', '/home/yanji/anaconda3/bin/python'), ('ORIGINAL_XDG_CURRENT_DESKTOP', 'ubuntu:GNOME'), ('SHELL', '/bin/bash'), ('LC_NAME', 'en_US.UTF-8'), ('QT_ACCESSIBILITY', '1'), ('GDMSESSION', 'ubuntu'), ('LESSCLOSE', '/usr/bin/lesspipe %s %s'), ('CONDA_DEFAULT_ENV', 'screwrobot'), ('LC_MEASUREMENT', 'en_US.UTF-8'), ('GPG_AGENT_INFO', '/run/user/1000/gnupg/S.gpg-agent:0:1'), ('LC_IDENTIFICATION', 'en_US.UTF-8'), ('VSCODE_GIT_ASKPASS_EXTRA_ARGS', ''), ('QT_IM_MODULE', 'ibus'), ('PWD', '/home/yanji/robot_screwing/build/screw_robot_control'), ('LC_ALL', 'en_US.UTF-8'), ('XDG_CONFIG_DIRS', '/etc/xdg/xdg-ubuntu:/etc/xdg'), ('CONDA_EXE', '/home/yanji/anaconda3/bin/conda'), ('XDG_DATA_DIRS', '/usr/share/ubuntu:/home/yanji/.local/share/flatpak/exports/share:/var/lib/flatpak/exports/share:/usr/local/share:/usr/share:/var/lib/snapd/desktop'), ('PYTHONPATH', '/home/yanji/robot_screwing/install/robot_msgs/lib/python3.8/site-packages:/home/yanji/robot_screwing/install/real_robot/lib/python3.8/site-packages:/home/yanji/robot_screwing/install/mj_sim/lib/python3.8/site-packages:/opt/ros/foxy/lib/python3.8/site-packages'), ('HTTP_PROXY', 'http://127.0.0.1:7890/'), ('LC_NUMERIC', 'en_US.UTF-8'), ('CONDA_PREFIX', '/home/yanji/anaconda3/envs/screwrobot'), ('LC_PAPER', 'en_US.UTF-8'), ('COLCON', '1'), ('VTE_VERSION', '6003'), ('CMAKE_PREFIX_PATH', '/home/yanji/robot_screwing/install/robot_msgs:/home/yanji/robot_screwing/install/screw_robot_control:/home/yanji/robot_screwing/install/real_robot:/home/yanji/robot_screwing/install/mj_sim:/opt/ros/foxy')]), 'shell': False}
[0.300248] (screw_robot_control) StdoutLine: {'line': b'-- Found ament_cmake: 0.9.12 (/opt/ros/foxy/share/ament_cmake/cmake)\n'}
[0.300361] (-) TimerEvent: {}
[0.310923] (screw_robot_control) StdoutLine: {'line': b'-- Using PYTHON_EXECUTABLE: /home/yanji/anaconda3/envs/screwrobot/bin/python3\n'}
[0.385610] (screw_robot_control) StdoutLine: {'line': b'-- Found rclcpp: 2.4.3 (/opt/ros/foxy/share/rclcpp/cmake)\n'}
[0.400448] (-) TimerEvent: {}
[0.404336] (screw_robot_control) StdoutLine: {'line': b'-- Using all available rosidl_typesupport_c: rosidl_typesupport_fastrtps_c;rosidl_typesupport_introspection_c\n'}
[0.405775] (screw_robot_control) StdoutLine: {'line': b'-- Found rosidl_adapter: 1.3.1 (/opt/ros/foxy/share/rosidl_adapter/cmake)\n'}
[0.471286] (screw_robot_control) StdoutLine: {'line': b'-- Using all available rosidl_typesupport_cpp: rosidl_typesupport_fastrtps_cpp;rosidl_typesupport_introspection_cpp\n'}
[0.484664] (real_robot) Command: {'cmd': ['/usr/bin/python3', '-W', 'ignore:setup.py install is deprecated', '-W', 'ignore:easy_install command is deprecated', 'setup.py', 'egg_info', '--egg-base', '../../build/real_robot', 'build', '--build-base', '/home/yanji/robot_screwing/build/real_robot/build', 'install', '--record', '/home/yanji/robot_screwing/build/real_robot/install.log', '--install-scripts', '$base/lib/real_robot', '--single-version-externally-managed', 'install_data'], 'cwd': '/home/yanji/robot_screwing/src/real_robot', 'env': {'LESSOPEN': '| /usr/bin/lesspipe %s', 'LIBRARY_PATH': '/home/yanji/jaka_python:/home/yanji/jaka_python::/usr/local/cuda/lib64:/usr/local/cuda/lib64', 'CONDA_PROMPT_MODIFIER': '(screwrobot)', 'HTTPS_PROXY': 'http://127.0.0.1:7890/', 'no_proxy': 'localhost,127.0.0.0/8,::1', 'LANGUAGE': 'zh_CN:en', 'USER': 'yanji', 'LC_TIME': 'en_US.UTF-8', 'all_proxy': 'socks://127.0.0.1:7891/', 'SSH_AGENT_PID': '1993', 'XDG_SESSION_TYPE': 'x11', 'GIT_ASKPASS': '/usr/share/code/resources/app/extensions/git/dist/askpass.sh', 'SHLVL': '2', 'LD_LIBRARY_PATH': '/lib/x86_64-linux-gnu:/usr/lib/x86_64-linux-gnu:/home/yanji/robot_screwing/install/screw_robot_control/lib:/home/yanji/robot_screwing/install/robot_msgs/lib:/opt/ros/foxy/opt/yaml_cpp_vendor/lib:/opt/ros/foxy/opt/rviz_ogre_vendor/lib:/opt/ros/foxy/lib/x86_64-linux-gnu:/opt/ros/foxy/lib:/lib/x86_64-linux-gnu:/usr/lib/x86_64-linux-gnu::/usr/local/cuda/lib64:/usr/local/cuda/lib64', 'HOME': '/home/yanji', 'CHROME_DESKTOP': 'code.desktop', 'CONDA_SHLVL': '1', 'TERM_PROGRAM_VERSION': '1.97.2', 'DESKTOP_SESSION': 'ubuntu', 'NO_PROXY': 'localhost,127.0.0.0/8,::1', 'ROS_PYTHON_VERSION': '3', 'GNOME_SHELL_SESSION_MODE': 'ubuntu', 'GTK_MODULES': 'gail:atk-bridge', 'XDG_SEAT_PATH': '/org/freedesktop/DisplayManager/Seat0', 'VSCODE_GIT_ASKPASS_MAIN': '/usr/share/code/resources/app/extensions/git/dist/askpass-main.js', 'PS1': '\\[\x1b]633;A\x07\\](screwrobot) \\[\\e]0;\\u@\\h: \\w\\a\\]${debian_chroot:+($debian_chroot)}\\[\\033[01;32m\\]\\u@\\h\\[\\033[00m\\]:\\[\\033[01;34m\\]\\w\\[\\033[00m\\]\\$ \\[\x1b]633;B\x07\\]', 'LC_MONETARY': 'en_US.UTF-8', 'VSCODE_GIT_ASKPASS_NODE': '/usr/share/code/code', 'MANAGERPID': '1903', 'PYDEVD_DISABLE_FILE_VALIDATION': '1', 'BUNDLED_DEBUGPY_PATH': '/home/yanji/.vscode/extensions/ms-python.debugpy-2025.8.0-linux-x64/bundled/libs/debugpy', 'DBUS_SESSION_BUS_ADDRESS': 'unix:path=/run/user/1000/bus', 'COLORTERM': 'truecolor', '_CE_M': '', 'IM_CONFIG_PHASE': '1', 'https_proxy': 'http://127.0.0.1:7890/', 'COLCON_PREFIX_PATH': '/home/yanji/robot_screwing/install', 'ROS_DISTRO': 'foxy', 'LOGNAME': 'yanji', 'CONDA_ROOT': '/home/yanji/anaconda3', 'ALL_PROXY': 'socks://127.0.0.1:7891/', 'http_proxy': 'http://127.0.0.1:7890/', 'JOURNAL_STREAM': '8:53881', '_': '/usr/bin/colcon', 'ROS_VERSION': '2', 'XDG_SESSION_CLASS': 'user', 'TERM': 'xterm-256color', 'GNOME_DESKTOP_SESSION_ID': 'this-is-deprecated', '_CE_CONDA': '', 'ROS_LOCALHOST_ONLY': '0', 'PATH': '/home/yanji/anaconda3/envs/screwrobot/bin:/opt/ros/foxy/bin:/usr/lib/ccache:/home/yanji/anaconda3/condabin:/home/yanji/.local/bin:/usr/local/sbin:/usr/local/bin:/usr/sbin:/usr/bin:/sbin:/bin:/usr/games:/usr/local/games:/snap/bin:/usr/local/cuda/bin:/home/yanji/pycharm/bin:/opt/ros/foxy/bin:/usr/lib/ccache:/home/yanji/anaconda3/envs/screwrobot/bin:/usr/lib/ccache:/home/yanji/anaconda3/condabin:/home/yanji/.local/bin:/usr/local/sbin:/usr/local/bin:/usr/sbin:/usr/bin:/sbin:/bin:/usr/games:/usr/local/games:/snap/bin:/usr/local/cuda/bin:/home/yanji/pycharm/bin:/home/yanji/anaconda3/envs/screwrobot/bin:/usr/lib/ccache:/home/yanji/anaconda3/condabin:/home/yanji/.local/bin:/usr/local/sbin:/usr/local/bin:/usr/sbin:/usr/bin:/sbin:/bin:/usr/games:/usr/local/games:/snap/bin:/usr/local/cuda/bin:/home/yanji/pycharm/bin/:/usr/local/cuda/bin:/home/yanji/pycharm/bin/', 'SESSION_MANAGER': 'local/yanji-server:@/tmp/.ICE-unix/2030,unix/yanji-server:/tmp/.ICE-unix/2030', 'GDM_LANG': 'zh_CN', 'INVOCATION_ID': '1a73730a848f4039820fc51d943cdeaf', 'PAPERSIZE': 'letter', 'XDG_SESSION_PATH': '/org/freedesktop/DisplayManager/Session0', 'XDG_MENU_PREFIX': 'gnome-', 'LC_ADDRESS': 'en_US.UTF-8', 'GNOME_TERMINAL_SCREEN': '/org/gnome/Terminal/screen/0f059cac_bf80_4e58_bb36_632a4875c5b5', 'XDG_RUNTIME_DIR': '/run/user/1000', 'GDK_BACKEND': 'x11', 'DISPLAY': ':0', 'VSCODE_DEBUGPY_ADAPTER_ENDPOINTS': '/home/yanji/.vscode/extensions/ms-python.debugpy-2025.8.0-linux-x64/.noConfigDebugAdapterEndpoints/endpoint-35e173d817dea6ca.txt', 'LANG': 'zh_CN.UTF-8', 'XDG_CURRENT_DESKTOP': 'Unity', 'LC_TELEPHONE': 'en_US.UTF-8', 'XMODIFIERS': '@im=ibus', 'XDG_SESSION_DESKTOP': 'ubuntu', 'XAUTHORITY': '/home/yanji/.Xauthority', 'LS_COLORS': 'rs=0:di=01;34:ln=01;36:mh=00:pi=40;33:so=01;35:do=01;35:bd=40;33;01:cd=40;33;01:or=40;31;01:mi=00:su=37;41:sg=30;43:ca=30;41:tw=30;42:ow=34;42:st=37;44:ex=01;32:*.tar=01;31:*.tgz=01;31:*.arc=01;31:*.arj=01;31:*.taz=01;31:*.lha=01;31:*.lz4=01;31:*.lzh=01;31:*.lzma=01;31:*.tlz=01;31:*.txz=01;31:*.tzo=01;31:*.t7z=01;31:*.zip=01;31:*.z=01;31:*.dz=01;31:*.gz=01;31:*.lrz=01;31:*.lz=01;31:*.lzo=01;31:*.xz=01;31:*.zst=01;31:*.tzst=01;31:*.bz2=01;31:*.bz=01;31:*.tbz=01;31:*.tbz2=01;31:*.tz=01;31:*.deb=01;31:*.rpm=01;31:*.jar=01;31:*.war=01;31:*.ear=01;31:*.sar=01;31:*.rar=01;31:*.alz=01;31:*.ace=01;31:*.zoo=01;31:*.cpio=01;31:*.7z=01;31:*.rz=01;31:*.cab=01;31:*.wim=01;31:*.swm=01;31:*.dwm=01;31:*.esd=01;31:*.jpg=01;35:*.jpeg=01;35:*.mjpg=01;35:*.mjpeg=01;35:*.gif=01;35:*.bmp=01;35:*.pbm=01;35:*.pgm=01;35:*.ppm=01;35:*.tga=01;35:*.xbm=01;35:*.xpm=01;35:*.tif=01;35:*.tiff=01;35:*.png=01;35:*.svg=01;35:*.svgz=01;35:*.mng=01;35:*.pcx=01;35:*.mov=01;35:*.mpg=01;35:*.mpeg=01;35:*.m2v=01;35:*.mkv=01;35:*.webm=01;35:*.ogm=01;35:*.mp4=01;35:*.m4v=01;35:*.mp4v=01;35:*.vob=01;35:*.qt=01;35:*.nuv=01;35:*.wmv=01;35:*.asf=01;35:*.rm=01;35:*.rmvb=01;35:*.flc=01;35:*.avi=01;35:*.fli=01;35:*.flv=01;35:*.gl=01;35:*.dl=01;35:*.xcf=01;35:*.xwd=01;35:*.yuv=01;35:*.cgm=01;35:*.emf=01;35:*.ogv=01;35:*.ogx=01;35:*.aac=00;36:*.au=00;36:*.flac=00;36:*.m4a=00;36:*.mid=00;36:*.midi=00;36:*.mka=00;36:*.mp3=00;36:*.mpc=00;36:*.ogg=00;36:*.ra=00;36:*.wav=00;36:*.oga=00;36:*.opus=00;36:*.spx=00;36:*.xspf=00;36:', 'VSCODE_GIT_IPC_HANDLE': '/run/user/1000/vscode-git-51992ed709.sock', 'GNOME_TERMINAL_SERVICE': ':1.81', 'TERM_PROGRAM': 'vscode', 'SSH_AUTH_SOCK': '/run/user/1000/keyring/ssh', 'XDG_GREETER_DATA_DIR': '/var/lib/lightdm-data/yanji', 'AMENT_PREFIX_PATH': '/home/yanji/robot_screwing/install/screw_robot_control:/home/yanji/robot_screwing/install/robot_msgs:/home/yanji/robot_screwing/install/real_robot:/home/yanji/robot_screwing/install/mj_sim:/opt/ros/foxy', 'CONDA_PYTHON_EXE': '/home/yanji/anaconda3/bin/python', 'ORIGINAL_XDG_CURRENT_DESKTOP': 'ubuntu:GNOME', 'SHELL': '/bin/bash', 'LC_NAME': 'en_US.UTF-8', 'QT_ACCESSIBILITY': '1', 'GDMSESSION': 'ubuntu', 'LESSCLOSE': '/usr/bin/lesspipe %s %s', 'CONDA_DEFAULT_ENV': 'screwrobot', 'LC_MEASUREMENT': 'en_US.UTF-8', 'GPG_AGENT_INFO': '/run/user/1000/gnupg/S.gpg-agent:0:1', 'LC_IDENTIFICATION': 'en_US.UTF-8', 'VSCODE_GIT_ASKPASS_EXTRA_ARGS': '', 'QT_IM_MODULE': 'ibus', 'PWD': '/home/yanji/robot_screwing/build/real_robot', 'LC_ALL': 'en_US.UTF-8', 'XDG_CONFIG_DIRS': '/etc/xdg/xdg-ubuntu:/etc/xdg', 'CONDA_EXE': '/home/yanji/anaconda3/bin/conda', 'XDG_DATA_DIRS': '/usr/share/ubuntu:/home/yanji/.local/share/flatpak/exports/share:/var/lib/flatpak/exports/share:/usr/local/share:/usr/share:/var/lib/snapd/desktop', 'PYTHONPATH': '/home/yanji/robot_screwing/build/real_robot/prefix_override:/usr/lib/python3/dist-packages/colcon_core/task/python/colcon_distutils_commands:/home/yanji/robot_screwing/install/real_robot/lib/python3.8/site-packages:/home/yanji/robot_screwing/install/robot_msgs/lib/python3.8/site-packages:/home/yanji/robot_screwing/install/real_robot/lib/python3.8/site-packages:/home/yanji/robot_screwing/install/mj_sim/lib/python3.8/site-packages:/opt/ros/foxy/lib/python3.8/site-packages', 'HTTP_PROXY': 'http://127.0.0.1:7890/', 'LC_NUMERIC': 'en_US.UTF-8', 'CONDA_PREFIX': '/home/yanji/anaconda3/envs/screwrobot', 'LC_PAPER': 'en_US.UTF-8', 'COLCON': '1', 'VTE_VERSION': '6003', 'CMAKE_PREFIX_PATH': '/home/yanji/robot_screwing/install/screw_robot_control:/home/yanji/robot_screwing/install/robot_msgs'}, 'shell': False}
[0.487317] (mj_sim) Command: {'cmd': ['/usr/bin/python3', '-W', 'ignore:setup.py install is deprecated', '-W', 'ignore:easy_install command is deprecated', 'setup.py', 'egg_info', '--egg-base', '../../build/mj_sim', 'build', '--build-base', '/home/yanji/robot_screwing/build/mj_sim/build', 'install', '--record', '/home/yanji/robot_screwing/build/mj_sim/install.log', '--install-scripts', '$base/lib/mj_sim', '--single-version-externally-managed', 'install_data'], 'cwd': '/home/yanji/robot_screwing/src/mj_sim', 'env': {'LESSOPEN': '| /usr/bin/lesspipe %s', 'LIBRARY_PATH': '/home/yanji/jaka_python:/home/yanji/jaka_python::/usr/local/cuda/lib64:/usr/local/cuda/lib64', 'CONDA_PROMPT_MODIFIER': '(screwrobot)', 'HTTPS_PROXY': 'http://127.0.0.1:7890/', 'no_proxy': 'localhost,127.0.0.0/8,::1', 'LANGUAGE': 'zh_CN:en', 'USER': 'yanji', 'LC_TIME': 'en_US.UTF-8', 'all_proxy': 'socks://127.0.0.1:7891/', 'SSH_AGENT_PID': '1993', 'XDG_SESSION_TYPE': 'x11', 'GIT_ASKPASS': '/usr/share/code/resources/app/extensions/git/dist/askpass.sh', 'SHLVL': '2', 'LD_LIBRARY_PATH': '/lib/x86_64-linux-gnu:/usr/lib/x86_64-linux-gnu:/home/yanji/robot_screwing/install/screw_robot_control/lib:/home/yanji/robot_screwing/install/robot_msgs/lib:/opt/ros/foxy/opt/yaml_cpp_vendor/lib:/opt/ros/foxy/opt/rviz_ogre_vendor/lib:/opt/ros/foxy/lib/x86_64-linux-gnu:/opt/ros/foxy/lib:/lib/x86_64-linux-gnu:/usr/lib/x86_64-linux-gnu::/usr/local/cuda/lib64:/usr/local/cuda/lib64', 'HOME': '/home/yanji', 'CHROME_DESKTOP': 'code.desktop', 'CONDA_SHLVL': '1', 'TERM_PROGRAM_VERSION': '1.97.2', 'DESKTOP_SESSION': 'ubuntu', 'NO_PROXY': 'localhost,127.0.0.0/8,::1', 'ROS_PYTHON_VERSION': '3', 'GNOME_SHELL_SESSION_MODE': 'ubuntu', 'GTK_MODULES': 'gail:atk-bridge', 'XDG_SEAT_PATH': '/org/freedesktop/DisplayManager/Seat0', 'VSCODE_GIT_ASKPASS_MAIN': '/usr/share/code/resources/app/extensions/git/dist/askpass-main.js', 'PS1': '\\[\x1b]633;A\x07\\](screwrobot) \\[\\e]0;\\u@\\h: \\w\\a\\]${debian_chroot:+($debian_chroot)}\\[\\033[01;32m\\]\\u@\\h\\[\\033[00m\\]:\\[\\033[01;34m\\]\\w\\[\\033[00m\\]\\$ \\[\x1b]633;B\x07\\]', 'LC_MONETARY': 'en_US.UTF-8', 'VSCODE_GIT_ASKPASS_NODE': '/usr/share/code/code', 'MANAGERPID': '1903', 'PYDEVD_DISABLE_FILE_VALIDATION': '1', 'BUNDLED_DEBUGPY_PATH': '/home/yanji/.vscode/extensions/ms-python.debugpy-2025.8.0-linux-x64/bundled/libs/debugpy', 'DBUS_SESSION_BUS_ADDRESS': 'unix:path=/run/user/1000/bus', 'COLORTERM': 'truecolor', '_CE_M': '', 'IM_CONFIG_PHASE': '1', 'https_proxy': 'http://127.0.0.1:7890/', 'COLCON_PREFIX_PATH': '/home/yanji/robot_screwing/install', 'ROS_DISTRO': 'foxy', 'LOGNAME': 'yanji', 'CONDA_ROOT': '/home/yanji/anaconda3', 'ALL_PROXY': 'socks://127.0.0.1:7891/', 'http_proxy': 'http://127.0.0.1:7890/', 'JOURNAL_STREAM': '8:53881', '_': '/usr/bin/colcon', 'ROS_VERSION': '2', 'XDG_SESSION_CLASS': 'user', 'TERM': 'xterm-256color', 'GNOME_DESKTOP_SESSION_ID': 'this-is-deprecated', '_CE_CONDA': '', 'ROS_LOCALHOST_ONLY': '0', 'PATH': '/home/yanji/anaconda3/envs/screwrobot/bin:/opt/ros/foxy/bin:/usr/lib/ccache:/home/yanji/anaconda3/condabin:/home/yanji/.local/bin:/usr/local/sbin:/usr/local/bin:/usr/sbin:/usr/bin:/sbin:/bin:/usr/games:/usr/local/games:/snap/bin:/usr/local/cuda/bin:/home/yanji/pycharm/bin:/opt/ros/foxy/bin:/usr/lib/ccache:/home/yanji/anaconda3/envs/screwrobot/bin:/usr/lib/ccache:/home/yanji/anaconda3/condabin:/home/yanji/.local/bin:/usr/local/sbin:/usr/local/bin:/usr/sbin:/usr/bin:/sbin:/bin:/usr/games:/usr/local/games:/snap/bin:/usr/local/cuda/bin:/home/yanji/pycharm/bin:/home/yanji/anaconda3/envs/screwrobot/bin:/usr/lib/ccache:/home/yanji/anaconda3/condabin:/home/yanji/.local/bin:/usr/local/sbin:/usr/local/bin:/usr/sbin:/usr/bin:/sbin:/bin:/usr/games:/usr/local/games:/snap/bin:/usr/local/cuda/bin:/home/yanji/pycharm/bin/:/usr/local/cuda/bin:/home/yanji/pycharm/bin/', 'SESSION_MANAGER': 'local/yanji-server:@/tmp/.ICE-unix/2030,unix/yanji-server:/tmp/.ICE-unix/2030', 'GDM_LANG': 'zh_CN', 'INVOCATION_ID': '1a73730a848f4039820fc51d943cdeaf', 'PAPERSIZE': 'letter', 'XDG_SESSION_PATH': '/org/freedesktop/DisplayManager/Session0', 'XDG_MENU_PREFIX': 'gnome-', 'LC_ADDRESS': 'en_US.UTF-8', 'GNOME_TERMINAL_SCREEN': '/org/gnome/Terminal/screen/0f059cac_bf80_4e58_bb36_632a4875c5b5', 'XDG_RUNTIME_DIR': '/run/user/1000', 'GDK_BACKEND': 'x11', 'DISPLAY': ':0', 'VSCODE_DEBUGPY_ADAPTER_ENDPOINTS': '/home/yanji/.vscode/extensions/ms-python.debugpy-2025.8.0-linux-x64/.noConfigDebugAdapterEndpoints/endpoint-35e173d817dea6ca.txt', 'LANG': 'zh_CN.UTF-8', 'XDG_CURRENT_DESKTOP': 'Unity', 'LC_TELEPHONE': 'en_US.UTF-8', 'XMODIFIERS': '@im=ibus', 'XDG_SESSION_DESKTOP': 'ubuntu', 'XAUTHORITY': '/home/yanji/.Xauthority', 'LS_COLORS': 'rs=0:di=01;34:ln=01;36:mh=00:pi=40;33:so=01;35:do=01;35:bd=40;33;01:cd=40;33;01:or=40;31;01:mi=00:su=37;41:sg=30;43:ca=30;41:tw=30;42:ow=34;42:st=37;44:ex=01;32:*.tar=01;31:*.tgz=01;31:*.arc=01;31:*.arj=01;31:*.taz=01;31:*.lha=01;31:*.lz4=01;31:*.lzh=01;31:*.lzma=01;31:*.tlz=01;31:*.txz=01;31:*.tzo=01;31:*.t7z=01;31:*.zip=01;31:*.z=01;31:*.dz=01;31:*.gz=01;31:*.lrz=01;31:*.lz=01;31:*.lzo=01;31:*.xz=01;31:*.zst=01;31:*.tzst=01;31:*.bz2=01;31:*.bz=01;31:*.tbz=01;31:*.tbz2=01;31:*.tz=01;31:*.deb=01;31:*.rpm=01;31:*.jar=01;31:*.war=01;31:*.ear=01;31:*.sar=01;31:*.rar=01;31:*.alz=01;31:*.ace=01;31:*.zoo=01;31:*.cpio=01;31:*.7z=01;31:*.rz=01;31:*.cab=01;31:*.wim=01;31:*.swm=01;31:*.dwm=01;31:*.esd=01;31:*.jpg=01;35:*.jpeg=01;35:*.mjpg=01;35:*.mjpeg=01;35:*.gif=01;35:*.bmp=01;35:*.pbm=01;35:*.pgm=01;35:*.ppm=01;35:*.tga=01;35:*.xbm=01;35:*.xpm=01;35:*.tif=01;35:*.tiff=01;35:*.png=01;35:*.svg=01;35:*.svgz=01;35:*.mng=01;35:*.pcx=01;35:*.mov=01;35:*.mpg=01;35:*.mpeg=01;35:*.m2v=01;35:*.mkv=01;35:*.webm=01;35:*.ogm=01;35:*.mp4=01;35:*.m4v=01;35:*.mp4v=01;35:*.vob=01;35:*.qt=01;35:*.nuv=01;35:*.wmv=01;35:*.asf=01;35:*.rm=01;35:*.rmvb=01;35:*.flc=01;35:*.avi=01;35:*.fli=01;35:*.flv=01;35:*.gl=01;35:*.dl=01;35:*.xcf=01;35:*.xwd=01;35:*.yuv=01;35:*.cgm=01;35:*.emf=01;35:*.ogv=01;35:*.ogx=01;35:*.aac=00;36:*.au=00;36:*.flac=00;36:*.m4a=00;36:*.mid=00;36:*.midi=00;36:*.mka=00;36:*.mp3=00;36:*.mpc=00;36:*.ogg=00;36:*.ra=00;36:*.wav=00;36:*.oga=00;36:*.opus=00;36:*.spx=00;36:*.xspf=00;36:', 'VSCODE_GIT_IPC_HANDLE': '/run/user/1000/vscode-git-51992ed709.sock', 'GNOME_TERMINAL_SERVICE': ':1.81', 'TERM_PROGRAM': 'vscode', 'SSH_AUTH_SOCK': '/run/user/1000/keyring/ssh', 'XDG_GREETER_DATA_DIR': '/var/lib/lightdm-data/yanji', 'AMENT_PREFIX_PATH': '/home/yanji/robot_screwing/install/screw_robot_control:/home/yanji/robot_screwing/install/robot_msgs:/home/yanji/robot_screwing/install/real_robot:/home/yanji/robot_screwing/install/mj_sim:/opt/ros/foxy', 'CONDA_PYTHON_EXE': '/home/yanji/anaconda3/bin/python', 'ORIGINAL_XDG_CURRENT_DESKTOP': 'ubuntu:GNOME', 'SHELL': '/bin/bash', 'LC_NAME': 'en_US.UTF-8', 'QT_ACCESSIBILITY': '1', 'GDMSESSION': 'ubuntu', 'LESSCLOSE': '/usr/bin/lesspipe %s %s', 'CONDA_DEFAULT_ENV': 'screwrobot', 'LC_MEASUREMENT': 'en_US.UTF-8', 'GPG_AGENT_INFO': '/run/user/1000/gnupg/S.gpg-agent:0:1', 'LC_IDENTIFICATION': 'en_US.UTF-8', 'VSCODE_GIT_ASKPASS_EXTRA_ARGS': '', 'QT_IM_MODULE': 'ibus', 'PWD': '/home/yanji/robot_screwing/build/mj_sim', 'LC_ALL': 'en_US.UTF-8', 'XDG_CONFIG_DIRS': '/etc/xdg/xdg-ubuntu:/etc/xdg', 'CONDA_EXE': '/home/yanji/anaconda3/bin/conda', 'XDG_DATA_DIRS': '/usr/share/ubuntu:/home/yanji/.local/share/flatpak/exports/share:/var/lib/flatpak/exports/share:/usr/local/share:/usr/share:/var/lib/snapd/desktop', 'PYTHONPATH': '/home/yanji/robot_screwing/build/mj_sim/prefix_override:/usr/lib/python3/dist-packages/colcon_core/task/python/colcon_distutils_commands:/home/yanji/robot_screwing/install/mj_sim/lib/python3.8/site-packages:/home/yanji/robot_screwing/install/robot_msgs/lib/python3.8/site-packages:/home/yanji/robot_screwing/install/real_robot/lib/python3.8/site-packages:/home/yanji/robot_screwing/install/mj_sim/lib/python3.8/site-packages:/opt/ros/foxy/lib/python3.8/site-packages', 'HTTP_PROXY': 'http://127.0.0.1:7890/', 'LC_NUMERIC': 'en_US.UTF-8', 'CONDA_PREFIX': '/home/yanji/anaconda3/envs/screwrobot', 'LC_PAPER': 'en_US.UTF-8', 'COLCON': '1', 'VTE_VERSION': '6003', 'CMAKE_PREFIX_PATH': '/home/yanji/robot_screwing/install/screw_robot_control:/home/yanji/robot_screwing/install/robot_msgs'}, 'shell': False}
[0.497401] (screw_robot_control) StdoutLine: {'line': b'-- Found rmw_implementation_cmake: 1.0.4 (/opt/ros/foxy/share/rmw_implementation_cmake/cmake)\n'}
[0.498492] (screw_robot_control) StdoutLine: {'line': b"-- Using RMW implementation 'rmw_fastrtps_cpp' as default\n"}
[0.500514] (-) TimerEvent: {}
[0.571535] (screw_robot_control) StdoutLine: {'line': b'-- Found geometry_msgs: 2.0.5 (/opt/ros/foxy/share/geometry_msgs/cmake)\n'}
[0.581456] (real_robot) StdoutLine: {'line': b'running egg_info\n'}
[0.581698] (real_robot) StdoutLine: {'line': b'writing ../../build/real_robot/real_robot.egg-info/PKG-INFO\n'}
[0.581761] (real_robot) StdoutLine: {'line': b'writing dependency_links to ../../build/real_robot/real_robot.egg-info/dependency_links.txt\n'}
[0.581813] (real_robot) StdoutLine: {'line': b'writing entry points to ../../build/real_robot/real_robot.egg-info/entry_points.txt\n'}
[0.581857] (real_robot) StdoutLine: {'line': b'writing requirements to ../../build/real_robot/real_robot.egg-info/requires.txt\n'}
[0.581891] (real_robot) StdoutLine: {'line': b'writing top-level names to ../../build/real_robot/real_robot.egg-info/top_level.txt\n'}
[0.582902] (mj_sim) StdoutLine: {'line': b'running egg_info\n'}
[0.583180] (mj_sim) StdoutLine: {'line': b'writing ../../build/mj_sim/mj_sim.egg-info/PKG-INFO\n'}
[0.583284] (mj_sim) StdoutLine: {'line': b'writing dependency_links to ../../build/mj_sim/mj_sim.egg-info/dependency_links.txt\n'}
[0.583342] (mj_sim) StdoutLine: {'line': b'writing entry points to ../../build/mj_sim/mj_sim.egg-info/entry_points.txt\n'}
[0.583381] (mj_sim) StdoutLine: {'line': b'writing requirements to ../../build/mj_sim/mj_sim.egg-info/requires.txt\n'}
[0.583414] (mj_sim) StdoutLine: {'line': b'writing top-level names to ../../build/mj_sim/mj_sim.egg-info/top_level.txt\n'}
[0.589291] (screw_robot_control) StdoutLine: {'line': b'-- Found robot_msgs: 0.0.0 (/home/yanji/robot_screwing/install/robot_msgs/share/robot_msgs/cmake)\n'}
[0.598626] (mj_sim) StdoutLine: {'line': b"reading manifest file '../../build/mj_sim/mj_sim.egg-info/SOURCES.txt'\n"}
[0.599087] (mj_sim) StdoutLine: {'line': b"writing manifest file '../../build/mj_sim/mj_sim.egg-info/SOURCES.txt'\n"}
[0.599138] (mj_sim) StdoutLine: {'line': b'running build\n'}
[0.599174] (mj_sim) StdoutLine: {'line': b'running build_py\n'}
[0.599525] (mj_sim) StdoutLine: {'line': b'running install\n'}
[0.599873] (mj_sim) StdoutLine: {'line': b'running install_lib\n'}
[0.600577] (-) TimerEvent: {}
[0.600717] (mj_sim) StdoutLine: {'line': b'running install_data\n'}
[0.600803] (mj_sim) StdoutLine: {'line': b'running install_egg_info\n'}
[0.601665] (mj_sim) StdoutLine: {'line': b"removing '/home/yanji/robot_screwing/install/mj_sim/lib/python3.8/site-packages/mj_sim-0.0.0-py3.8.egg-info' (and everything under it)\n"}
[0.601833] (mj_sim) StdoutLine: {'line': b'Copying ../../build/mj_sim/mj_sim.egg-info to /home/yanji/robot_screwing/install/mj_sim/lib/python3.8/site-packages/mj_sim-0.0.0-py3.8.egg-info\n'}
[0.602148] (mj_sim) StdoutLine: {'line': b'running install_scripts\n'}
[0.604225] (real_robot) StdoutLine: {'line': b"reading manifest file '../../build/real_robot/real_robot.egg-info/SOURCES.txt'\n"}
[0.604779] (real_robot) StdoutLine: {'line': b"writing manifest file '../../build/real_robot/real_robot.egg-info/SOURCES.txt'\n"}
[0.604866] (real_robot) StdoutLine: {'line': b'running build\n'}
[0.604920] (real_robot) StdoutLine: {'line': b'running build_py\n'}
[0.604986] (real_robot) StdoutLine: {'line': b'running install\n'}
[0.605512] (real_robot) StdoutLine: {'line': b'running install_lib\n'}
[0.606459] (real_robot) StdoutLine: {'line': b'running install_data\n'}
[0.606531] (real_robot) StdoutLine: {'line': b'running install_egg_info\n'}
[0.607624] (real_robot) StdoutLine: {'line': b"removing '/home/yanji/robot_screwing/install/real_robot/lib/python3.8/site-packages/real_robot-0.0.0-py3.8.egg-info' (and everything under it)\n"}
[0.607828] (real_robot) StdoutLine: {'line': b'Copying ../../build/real_robot/real_robot.egg-info to /home/yanji/robot_screwing/install/real_robot/lib/python3.8/site-packages/real_robot-0.0.0-py3.8.egg-info\n'}
[0.608268] (real_robot) StdoutLine: {'line': b'running install_scripts\n'}
[0.609957] (mj_sim) StdoutLine: {'line': b'Installing mpc_node script to /home/yanji/robot_screwing/install/mj_sim/lib/mj_sim\n'}
[0.610051] (mj_sim) StdoutLine: {'line': b'Installing robot_sim_env script to /home/yanji/robot_screwing/install/mj_sim/lib/mj_sim\n'}
[0.610324] (mj_sim) StdoutLine: {'line': b"writing list of installed files to '/home/yanji/robot_screwing/build/mj_sim/install.log'\n"}
[0.619514] (mj_sim) CommandEnded: {'returncode': 0}
[0.619811] (real_robot) StdoutLine: {'line': b"writing list of installed files to '/home/yanji/robot_screwing/build/real_robot/install.log'\n"}
[0.622327] (mj_sim) JobEnded: {'identifier': 'mj_sim', 'rc': 0}
[0.631842] (real_robot) CommandEnded: {'returncode': 0}
[0.634495] (real_robot) JobEnded: {'identifier': 'real_robot', 'rc': 0}
[0.668246] (screw_robot_control) StdoutLine: {'line': b'-- Found rclcpp_action: 2.4.3 (/opt/ros/foxy/share/rclcpp_action/cmake)\n'}
[0.684776] (screw_robot_control) StdoutLine: {'line': b'-- Found ament_lint_auto: 0.9.8 (/opt/ros/foxy/share/ament_lint_auto/cmake)\n'}
[0.700660] (-) TimerEvent: {}
[0.725674] (screw_robot_control) StdoutLine: {'line': b"-- Added test 'copyright' to check source files copyright and LICENSE\n"}
[0.726478] (screw_robot_control) StdoutLine: {'line': b"-- Added test 'cppcheck' to perform static code analysis on C / C++ code\n"}
[0.726660] (screw_robot_control) StdoutLine: {'line': b'-- Configured cppcheck include dirs: /home/yanji/robot_screwing/src/screw_robot_control/include;/home/yanji/robot_screwing/src/screw_robot_control/include/screw_robot_control\n'}
[0.726690] (screw_robot_control) StdoutLine: {'line': b'-- Configured cppcheck exclude dirs and/or files: \n'}
[0.727366] (screw_robot_control) StdoutLine: {'line': b"-- Added test 'cpplint' to check C / C++ code against the Google style\n"}
[0.727392] (screw_robot_control) StdoutLine: {'line': b'-- Configured cpplint exclude dirs and/or files: \n'}
[0.727752] (screw_robot_control) StdoutLine: {'line': b"-- Added test 'lint_cmake' to check CMake code style\n"}
[0.728523] (screw_robot_control) StdoutLine: {'line': b"-- Added test 'uncrustify' to check C / C++ code style\n"}
[0.728549] (screw_robot_control) StdoutLine: {'line': b'-- Configured uncrustify additional arguments: \n'}
[0.728728] (screw_robot_control) StdoutLine: {'line': b"-- Added test 'xmllint' to check XML markup files\n"}
[0.730338] (screw_robot_control) StdoutLine: {'line': b'-- Configuring done\n'}
[0.736824] (screw_robot_control) StdoutLine: {'line': b'-- Generating done\n'}
[0.739026] (screw_robot_control) StdoutLine: {'line': b'-- Build files have been written to: /home/yanji/robot_screwing/build/screw_robot_control\n'}
[0.755330] (screw_robot_control) StdoutLine: {'line': b'\x1b[35m\x1b[1mScanning dependencies of target right_arm_control\x1b[0m\n'}
[0.781251] (screw_robot_control) StdoutLine: {'line': b'[ 50%] \x1b[32mBuilding CXX object CMakeFiles/right_arm_control.dir/src/right_arm_control.cpp.o\x1b[0m\n'}
[0.800736] (-) TimerEvent: {}
[0.900929] (-) TimerEvent: {}
[1.001183] (-) TimerEvent: {}
[1.101398] (-) TimerEvent: {}
[1.201623] (-) TimerEvent: {}
[1.301867] (-) TimerEvent: {}
[1.402090] (-) TimerEvent: {}
[1.502336] (-) TimerEvent: {}
[1.602578] (-) TimerEvent: {}
[1.702827] (-) TimerEvent: {}
[1.803031] (-) TimerEvent: {}
[1.903327] (-) TimerEvent: {}
[2.003624] (-) TimerEvent: {}
[2.103932] (-) TimerEvent: {}
[2.204284] (-) TimerEvent: {}
[2.304592] (-) TimerEvent: {}
[2.404863] (-) TimerEvent: {}
[2.505159] (-) TimerEvent: {}
[2.605460] (-) TimerEvent: {}
[2.705762] (-) TimerEvent: {}
[2.806135] (-) TimerEvent: {}
[2.906470] (-) TimerEvent: {}
[3.006794] (-) TimerEvent: {}
[3.107108] (-) TimerEvent: {}
[3.207460] (-) TimerEvent: {}
[3.233125] (screw_robot_control) StderrLine: {'line': b'In file included from /home/yanji/robot_screwing/src/screw_robot_control/src/right_arm_control.cpp:8:\n'}
[3.233256] (screw_robot_control) StderrLine: {'line': b'/home/yanji/robot_screwing/src/screw_robot_control/include/screw_robot_control/jaka/right_arm_control.hpp:85:40: error: \xe2\x80\x98RobotStatus\xe2\x80\x99 is not a member of \xe2\x80\x98robot_msgs::msg\xe2\x80\x99; did you mean \xe2\x80\x98RobotStatus\xe2\x80\x99?\n'}
[3.233288] (screw_robot_control) StderrLine: {'line': b'   85 |     rclcpp::Publisher<robot_msgs::msg::RobotStatus>::SharedPtr status_pub_;\n'}
[3.233501] (screw_robot_control) StderrLine: {'line': b'      |                                        ^~~~~~~~~~~\n'}
[3.233752] (screw_robot_control) StderrLine: {'line': b'In file included from /home/yanji/robot_screwing/src/screw_robot_control/include/screw_robot_control/jaka/JAKAZuRobot.h:12,\n'}
[3.234084] (screw_robot_control) StderrLine: {'line': b'                 from /home/yanji/robot_screwing/src/screw_robot_control/src/right_arm_control.cpp:6:\n'}
[3.234367] (screw_robot_control) StderrLine: {'line': b'/home/yanji/robot_screwing/src/screw_robot_control/include/screw_robot_control/jaka/jktypes.h:245:3: note: \xe2\x80\x98RobotStatus\xe2\x80\x99 declared here\n'}
[3.234513] (screw_robot_control) StderrLine: {'line': b'  245 | } RobotStatus;\n'}
[3.234710] (screw_robot_control) StderrLine: {'line': b'      |   ^~~~~~~~~~~\n'}
[3.234734] (screw_robot_control) StderrLine: {'line': b'/home/yanji/robot_screwing/src/screw_robot_control/include/screw_robot_control/jaka/right_arm_control.hpp:85:40: error: \xe2\x80\x98RobotStatus\xe2\x80\x99 is not a member of \xe2\x80\x98robot_msgs::msg\xe2\x80\x99; did you mean \xe2\x80\x98RobotStatus\xe2\x80\x99?\n'}
[3.234764] (screw_robot_control) StderrLine: {'line': b'   85 |     rclcpp::Publisher<robot_msgs::msg::RobotStatus>::SharedPtr status_pub_;\n'}
[3.234787] (screw_robot_control) StderrLine: {'line': b'      |                                        ^~~~~~~~~~~\n'}
[3.234809] (screw_robot_control) StderrLine: {'line': b'/home/yanji/robot_screwing/src/screw_robot_control/include/screw_robot_control/jaka/jktypes.h:245:3: note: \xe2\x80\x98RobotStatus\xe2\x80\x99 declared here\n'}
[3.234831] (screw_robot_control) StderrLine: {'line': b'  245 | } RobotStatus;\n'}
[3.234853] (screw_robot_control) StderrLine: {'line': b'      |   ^~~~~~~~~~~\n'}
[3.234874] (screw_robot_control) StderrLine: {'line': b'/home/yanji/robot_screwing/src/screw_robot_control/include/screw_robot_control/jaka/right_arm_control.hpp:85:51: error: template argument 1 is invalid\n'}
[3.234896] (screw_robot_control) StderrLine: {'line': b'   85 |     rclcpp::Publisher<robot_msgs::msg::RobotStatus>::SharedPtr status_pub_;\n'}
[3.234918] (screw_robot_control) StderrLine: {'line': b'      |                                                   ^\n'}
[3.234939] (screw_robot_control) StderrLine: {'line': b'/home/yanji/robot_screwing/src/screw_robot_control/include/screw_robot_control/jaka/right_arm_control.hpp:85:54: error: expected \xe2\x80\x98;\xe2\x80\x99 at end of member declaration\n'}
[3.234962] (screw_robot_control) StderrLine: {'line': b'   85 |     rclcpp::Publisher<robot_msgs::msg::RobotStatus>::SharedPtr status_pub_;\n'}
[3.234984] (screw_robot_control) StderrLine: {'line': b'      |                                                      ^~~~~~~~~\n'}
[3.235006] (screw_robot_control) StderrLine: {'line': b'      |                                                               ;\n'}
[3.235027] (screw_robot_control) StderrLine: {'line': b'/home/yanji/robot_screwing/src/screw_robot_control/include/screw_robot_control/jaka/right_arm_control.hpp:85:64: error: \xe2\x80\x98status_pub_\xe2\x80\x99 does not name a type\n'}
[3.235052] (screw_robot_control) StderrLine: {'line': b'   85 |     rclcpp::Publisher<robot_msgs::msg::RobotStatus>::SharedPtr status_pub_;\n'}
[3.235081] (screw_robot_control) StderrLine: {'line': b'      |                                                                ^~~~~~~~~~~\n'}
[3.235104] (screw_robot_control) StderrLine: {'line': b'/home/yanji/robot_screwing/src/screw_robot_control/include/screw_robot_control/jaka/right_arm_control.hpp:86:40: error: \xe2\x80\x98RefStatus\xe2\x80\x99 is not a member of \xe2\x80\x98robot_msgs::msg\xe2\x80\x99\n'}
[3.235127] (screw_robot_control) StderrLine: {'line': b'   86 |     rclcpp::Publisher<robot_msgs::msg::RefStatus>::SharedPtr ref_pub_;\n'}
[3.235148] (screw_robot_control) StderrLine: {'line': b'      |                                        ^~~~~~~~~\n'}
[3.235170] (screw_robot_control) StderrLine: {'line': b'/home/yanji/robot_screwing/src/screw_robot_control/include/screw_robot_control/jaka/right_arm_control.hpp:86:40: error: \xe2\x80\x98RefStatus\xe2\x80\x99 is not a member of \xe2\x80\x98robot_msgs::msg\xe2\x80\x99\n'}
[3.235191] (screw_robot_control) StderrLine: {'line': b'/home/yanji/robot_screwing/src/screw_robot_control/include/screw_robot_control/jaka/right_arm_control.hpp:86:49: error: template argument 1 is invalid\n'}
[3.235213] (screw_robot_control) StderrLine: {'line': b'   86 |     rclcpp::Publisher<robot_msgs::msg::RefStatus>::SharedPtr ref_pub_;\n'}
[3.235234] (screw_robot_control) StderrLine: {'line': b'      |                                                 ^\n'}
[3.235256] (screw_robot_control) StderrLine: {'line': b'/home/yanji/robot_screwing/src/screw_robot_control/include/screw_robot_control/jaka/right_arm_control.hpp:86:52: error: expected \xe2\x80\x98;\xe2\x80\x99 at end of member declaration\n'}
[3.235280] (screw_robot_control) StderrLine: {'line': b'   86 |     rclcpp::Publisher<robot_msgs::msg::RefStatus>::SharedPtr ref_pub_;\n'}
[3.235304] (screw_robot_control) StderrLine: {'line': b'      |                                                    ^~~~~~~~~\n'}
[3.235326] (screw_robot_control) StderrLine: {'line': b'      |                                                             ;\n'}
[3.235347] (screw_robot_control) StderrLine: {'line': b'/home/yanji/robot_screwing/src/screw_robot_control/include/screw_robot_control/jaka/right_arm_control.hpp:86:52: error: redeclaration of \xe2\x80\x98int right_arm::RobotAdmittanceControl::SharedPtr\xe2\x80\x99\n'}
[3.235369] (screw_robot_control) StderrLine: {'line': b'/home/yanji/robot_screwing/src/screw_robot_control/include/screw_robot_control/jaka/right_arm_control.hpp:85:54: note: previous declaration \xe2\x80\x98int right_arm::RobotAdmittanceControl::SharedPtr\xe2\x80\x99\n'}
[3.235391] (screw_robot_control) StderrLine: {'line': b'   85 |     rclcpp::Publisher<robot_msgs::msg::RobotStatus>::SharedPtr status_pub_;\n'}
[3.235412] (screw_robot_control) StderrLine: {'line': b'      |                                                      ^~~~~~~~~\n'}
[3.235434] (screw_robot_control) StderrLine: {'line': b'/home/yanji/robot_screwing/src/screw_robot_control/include/screw_robot_control/jaka/right_arm_control.hpp:86:62: error: \xe2\x80\x98ref_pub_\xe2\x80\x99 does not name a type\n'}
[3.235456] (screw_robot_control) StderrLine: {'line': b'   86 |     rclcpp::Publisher<robot_msgs::msg::RefStatus>::SharedPtr ref_pub_;\n'}
[3.235478] (screw_robot_control) StderrLine: {'line': b'      |                                                              ^~~~~~~~\n'}
[3.235501] (screw_robot_control) StderrLine: {'line': b'/home/yanji/robot_screwing/src/screw_robot_control/include/screw_robot_control/jaka/right_arm_control.hpp:87:40: error: \xe2\x80\x98ControlCommand\xe2\x80\x99 is not a member of \xe2\x80\x98robot_msgs::msg\xe2\x80\x99\n'}
[3.235523] (screw_robot_control) StderrLine: {'line': b'   87 |     rclcpp::Publisher<robot_msgs::msg::ControlCommand>::SharedPtr cmd_pub_;\n'}
[3.235545] (screw_robot_control) StderrLine: {'line': b'      |                                        ^~~~~~~~~~~~~~\n'}
[3.235575] (screw_robot_control) StderrLine: {'line': b'/home/yanji/robot_screwing/src/screw_robot_control/include/screw_robot_control/jaka/right_arm_control.hpp:87:40: error: \xe2\x80\x98ControlCommand\xe2\x80\x99 is not a member of \xe2\x80\x98robot_msgs::msg\xe2\x80\x99\n'}
[3.235598] (screw_robot_control) StderrLine: {'line': b'/home/yanji/robot_screwing/src/screw_robot_control/include/screw_robot_control/jaka/right_arm_control.hpp:87:54: error: template argument 1 is invalid\n'}
[3.235621] (screw_robot_control) StderrLine: {'line': b'   87 |     rclcpp::Publisher<robot_msgs::msg::ControlCommand>::SharedPtr cmd_pub_;\n'}
[3.235642] (screw_robot_control) StderrLine: {'line': b'      |                                                      ^\n'}
[3.235664] (screw_robot_control) StderrLine: {'line': b'/home/yanji/robot_screwing/src/screw_robot_control/include/screw_robot_control/jaka/right_arm_control.hpp:87:57: error: expected \xe2\x80\x98;\xe2\x80\x99 at end of member declaration\n'}
[3.235686] (screw_robot_control) StderrLine: {'line': b'   87 |     rclcpp::Publisher<robot_msgs::msg::ControlCommand>::SharedPtr cmd_pub_;\n'}
[3.235707] (screw_robot_control) StderrLine: {'line': b'      |                                                         ^~~~~~~~~\n'}
[3.235728] (screw_robot_control) StderrLine: {'line': b'      |                                                                  ;\n'}
[3.235749] (screw_robot_control) StderrLine: {'line': b'/home/yanji/robot_screwing/src/screw_robot_control/include/screw_robot_control/jaka/right_arm_control.hpp:87:57: error: redeclaration of \xe2\x80\x98int right_arm::RobotAdmittanceControl::SharedPtr\xe2\x80\x99\n'}
[3.235772] (screw_robot_control) StderrLine: {'line': b'/home/yanji/robot_screwing/src/screw_robot_control/include/screw_robot_control/jaka/right_arm_control.hpp:85:54: note: previous declaration \xe2\x80\x98int right_arm::RobotAdmittanceControl::SharedPtr\xe2\x80\x99\n'}
[3.235803] (screw_robot_control) StderrLine: {'line': b'   85 |     rclcpp::Publisher<robot_msgs::msg::RobotStatus>::SharedPtr status_pub_;\n'}
[3.235826] (screw_robot_control) StderrLine: {'line': b'      |                                                      ^~~~~~~~~\n'}
[3.235848] (screw_robot_control) StderrLine: {'line': b'/home/yanji/robot_screwing/src/screw_robot_control/include/screw_robot_control/jaka/right_arm_control.hpp:87:67: error: \xe2\x80\x98cmd_pub_\xe2\x80\x99 does not name a type\n'}
[3.235871] (screw_robot_control) StderrLine: {'line': b'   87 |     rclcpp::Publisher<robot_msgs::msg::ControlCommand>::SharedPtr cmd_pub_;\n'}
[3.235903] (screw_robot_control) StderrLine: {'line': b'      |                                                                   ^~~~~~~~\n'}
[3.235933] (screw_robot_control) StderrLine: {'line': b'/home/yanji/robot_screwing/src/screw_robot_control/include/screw_robot_control/jaka/right_arm_control.hpp:89:43: error: \xe2\x80\x98ControlCommand\xe2\x80\x99 is not a member of \xe2\x80\x98robot_msgs::msg\xe2\x80\x99\n'}
[3.235965] (screw_robot_control) StderrLine: {'line': b'   89 |     rclcpp::Subscription<robot_msgs::msg::ControlCommand>::SharedPtr command_subs_;\n'}
[3.235996] (screw_robot_control) StderrLine: {'line': b'      |                                           ^~~~~~~~~~~~~~\n'}
[3.236026] (screw_robot_control) StderrLine: {'line': b'/home/yanji/robot_screwing/src/screw_robot_control/include/screw_robot_control/jaka/right_arm_control.hpp:89:43: error: \xe2\x80\x98ControlCommand\xe2\x80\x99 is not a member of \xe2\x80\x98robot_msgs::msg\xe2\x80\x99\n'}
[3.236061] (screw_robot_control) StderrLine: {'line': b'/home/yanji/robot_screwing/src/screw_robot_control/include/screw_robot_control/jaka/right_arm_control.hpp:89:57: error: template argument 1 is invalid\n'}
[3.236098] (screw_robot_control) StderrLine: {'line': b'   89 |     rclcpp::Subscription<robot_msgs::msg::ControlCommand>::SharedPtr command_subs_;\n'}
[3.236129] (screw_robot_control) StderrLine: {'line': b'      |                                                         ^\n'}
[3.236158] (screw_robot_control) StderrLine: {'line': b'/home/yanji/robot_screwing/src/screw_robot_control/include/screw_robot_control/jaka/right_arm_control.hpp:89:57: error: template argument 3 is invalid\n'}
[3.236189] (screw_robot_control) StderrLine: {'line': b'/home/yanji/robot_screwing/src/screw_robot_control/include/screw_robot_control/jaka/right_arm_control.hpp:89:60: error: expected \xe2\x80\x98;\xe2\x80\x99 at end of member declaration\n'}
[3.236220] (screw_robot_control) StderrLine: {'line': b'   89 |     rclcpp::Subscription<robot_msgs::msg::ControlCommand>::SharedPtr command_subs_;\n'}
[3.236250] (screw_robot_control) StderrLine: {'line': b'      |                                                            ^~~~~~~~~\n'}
[3.236279] (screw_robot_control) StderrLine: {'line': b'      |                                                                     ;\n'}
[3.236315] (screw_robot_control) StderrLine: {'line': b'/home/yanji/robot_screwing/src/screw_robot_control/include/screw_robot_control/jaka/right_arm_control.hpp:89:60: error: redeclaration of \xe2\x80\x98int right_arm::RobotAdmittanceControl::SharedPtr\xe2\x80\x99\n'}
[3.236347] (screw_robot_control) StderrLine: {'line': b'/home/yanji/robot_screwing/src/screw_robot_control/include/screw_robot_control/jaka/right_arm_control.hpp:85:54: note: previous declaration \xe2\x80\x98int right_arm::RobotAdmittanceControl::SharedPtr\xe2\x80\x99\n'}
[3.236382] (screw_robot_control) StderrLine: {'line': b'   85 |     rclcpp::Publisher<robot_msgs::msg::RobotStatus>::SharedPtr status_pub_;\n'}
[3.236411] (screw_robot_control) StderrLine: {'line': b'      |                                                      ^~~~~~~~~\n'}
[3.236440] (screw_robot_control) StderrLine: {'line': b'/home/yanji/robot_screwing/src/screw_robot_control/include/screw_robot_control/jaka/right_arm_control.hpp:89:70: error: \xe2\x80\x98command_subs_\xe2\x80\x99 does not name a type\n'}
[3.236475] (screw_robot_control) StderrLine: {'line': b'   89 |     rclcpp::Subscription<robot_msgs::msg::ControlCommand>::SharedPtr command_subs_;\n'}
[3.236506] (screw_robot_control) StderrLine: {'line': b'      |                                                                      ^~~~~~~~~~~~~\n'}
[3.236533] (screw_robot_control) StderrLine: {'line': b'/home/yanji/robot_screwing/src/screw_robot_control/include/screw_robot_control/jaka/right_arm_control.hpp:91:33: error: \xe2\x80\x98srv\xe2\x80\x99 is not a member of \xe2\x80\x98robot_msgs\xe2\x80\x99\n'}
[3.236561] (screw_robot_control) StderrLine: {'line': b'   91 |     rclcpp::Service<robot_msgs::srv::StartPose>::SharedPtr srv_;\n'}
[3.236589] (screw_robot_control) StderrLine: {'line': b'      |                                 ^~~\n'}
[3.236617] (screw_robot_control) StderrLine: {'line': b'/home/yanji/robot_screwing/src/screw_robot_control/include/screw_robot_control/jaka/right_arm_control.hpp:91:33: note: suggested alternatives:\n'}
[3.236648] (screw_robot_control) StderrLine: {'line': b'In file included from /opt/ros/foxy/include/rcl_interfaces/srv/describe_parameters.hpp:7,\n'}
[3.236679] (screw_robot_control) StderrLine: {'line': b'                 from /opt/ros/foxy/include/rclcpp/parameter_client.hpp:26,\n'}
[3.236711] (screw_robot_control) StderrLine: {'line': b'                 from /opt/ros/foxy/include/rclcpp/rclcpp.hpp:151,\n'}
[3.236740] (screw_robot_control) StderrLine: {'line': b'                 from /home/yanji/robot_screwing/src/screw_robot_control/src/right_arm_control.cpp:1:\n'}
[3.236770] (screw_robot_control) StderrLine: {'line': b'/opt/ros/foxy/include/rcl_interfaces/srv/detail/describe_parameters__struct.hpp:26:11: note:   \xe2\x80\x98rcl_interfaces::srv\xe2\x80\x99\n'}
[3.236798] (screw_robot_control) StderrLine: {'line': b'   26 | namespace srv\n'}
[3.236862] (screw_robot_control) StderrLine: {'line': b'      |           ^~~\n'}
[3.236975] (screw_robot_control) StderrLine: {'line': b'In file included from /opt/ros/foxy/include/action_msgs/srv/cancel_goal.hpp:7,\n'}
[3.237053] (screw_robot_control) StderrLine: {'line': b'                 from /home/yanji/robot_screwing/install/robot_msgs/include/robot_msgs/action/detail/screw__struct.hpp:1021,\n'}
[3.237161] (screw_robot_control) StderrLine: {'line': b'                 from /home/yanji/robot_screwing/install/robot_msgs/include/robot_msgs/action/screw.hpp:7,\n'}
[3.237289] (screw_robot_control) StderrLine: {'line': b'                 from /home/yanji/robot_screwing/src/screw_robot_control/include/screw_robot_control/jaka/right_arm_control.hpp:16:\n'}
[3.237346] (screw_robot_control) StderrLine: {'line': b'/opt/ros/foxy/include/action_msgs/srv/detail/cancel_goal__struct.hpp:30:11: note:   \xe2\x80\x98action_msgs::srv\xe2\x80\x99\n'}
[3.237400] (screw_robot_control) StderrLine: {'line': b'   30 | namespace srv\n'}
[3.237484] (screw_robot_control) StderrLine: {'line': b'      |           ^~~\n'}
[3.237874] (screw_robot_control) StderrLine: {'line': b'/home/yanji/robot_screwing/src/screw_robot_control/include/screw_robot_control/jaka/right_arm_control.hpp:91:33: error: \xe2\x80\x98srv\xe2\x80\x99 is not a member of \xe2\x80\x98robot_msgs\xe2\x80\x99\n'}
[3.237947] (screw_robot_control) StderrLine: {'line': b'   91 |     rclcpp::Service<robot_msgs::srv::StartPose>::SharedPtr srv_;\n'}
[3.237994] (screw_robot_control) StderrLine: {'line': b'      |                                 ^~~\n'}
[3.238039] (screw_robot_control) StderrLine: {'line': b'/home/yanji/robot_screwing/src/screw_robot_control/include/screw_robot_control/jaka/right_arm_control.hpp:91:33: note: suggested alternatives:\n'}
[3.238094] (screw_robot_control) StderrLine: {'line': b'/opt/ros/foxy/include/rcl_interfaces/srv/detail/describe_parameters__struct.hpp:26:11: note:   \xe2\x80\x98rcl_interfaces::srv\xe2\x80\x99\n'}
[3.238142] (screw_robot_control) StderrLine: {'line': b'   26 | namespace srv\n'}
[3.238190] (screw_robot_control) StderrLine: {'line': b'      |           ^~~\n'}
[3.238247] (screw_robot_control) StderrLine: {'line': b'/opt/ros/foxy/include/action_msgs/srv/detail/cancel_goal__struct.hpp:30:11: note:   \xe2\x80\x98action_msgs::srv\xe2\x80\x99\n'}
[3.238302] (screw_robot_control) StderrLine: {'line': b'   30 | namespace srv\n'}
[3.238346] (screw_robot_control) StderrLine: {'line': b'      |           ^~~\n'}
[3.238422] (screw_robot_control) StderrLine: {'line': b'/home/yanji/robot_screwing/src/screw_robot_control/include/screw_robot_control/jaka/right_arm_control.hpp:91:47: error: template argument 1 is invalid\n'}
[3.238472] (screw_robot_control) StderrLine: {'line': b'   91 |     rclcpp::Service<robot_msgs::srv::StartPose>::SharedPtr srv_;\n'}
[3.238518] (screw_robot_control) StderrLine: {'line': b'      |                                               ^\n'}
[3.238560] (screw_robot_control) StderrLine: {'line': b'/home/yanji/robot_screwing/src/screw_robot_control/include/screw_robot_control/jaka/right_arm_control.hpp:91:50: error: expected \xe2\x80\x98;\xe2\x80\x99 at end of member declaration\n'}
[3.238601] (screw_robot_control) StderrLine: {'line': b'   91 |     rclcpp::Service<robot_msgs::srv::StartPose>::SharedPtr srv_;\n'}
[3.238640] (screw_robot_control) StderrLine: {'line': b'      |                                                  ^~~~~~~~~\n'}
[3.238680] (screw_robot_control) StderrLine: {'line': b'      |                                                           ;\n'}
[3.238724] (screw_robot_control) StderrLine: {'line': b'/home/yanji/robot_screwing/src/screw_robot_control/include/screw_robot_control/jaka/right_arm_control.hpp:91:50: error: redeclaration of \xe2\x80\x98int right_arm::RobotAdmittanceControl::SharedPtr\xe2\x80\x99\n'}
[3.238766] (screw_robot_control) StderrLine: {'line': b'/home/yanji/robot_screwing/src/screw_robot_control/include/screw_robot_control/jaka/right_arm_control.hpp:85:54: note: previous declaration \xe2\x80\x98int right_arm::RobotAdmittanceControl::SharedPtr\xe2\x80\x99\n'}
[3.238809] (screw_robot_control) StderrLine: {'line': b'   85 |     rclcpp::Publisher<robot_msgs::msg::RobotStatus>::SharedPtr status_pub_;\n'}
[3.238852] (screw_robot_control) StderrLine: {'line': b'      |                                                      ^~~~~~~~~\n'}
[3.238893] (screw_robot_control) StderrLine: {'line': b'/home/yanji/robot_screwing/src/screw_robot_control/include/screw_robot_control/jaka/right_arm_control.hpp:91:60: error: \xe2\x80\x98srv_\xe2\x80\x99 does not name a type\n'}
[3.238936] (screw_robot_control) StderrLine: {'line': b'   91 |     rclcpp::Service<robot_msgs::srv::StartPose>::SharedPtr srv_;\n'}
[3.238976] (screw_robot_control) StderrLine: {'line': b'      |                                                            ^~~~\n'}
[3.239020] (screw_robot_control) StderrLine: {'line': b'/home/yanji/robot_screwing/src/screw_robot_control/include/screw_robot_control/jaka/right_arm_control.hpp:94:22: error: \xe2\x80\x98RobotStatus\xe2\x80\x99 in namespace \xe2\x80\x98robot_msgs::msg\xe2\x80\x99 does not name a type\n'}
[3.239069] (screw_robot_control) StderrLine: {'line': b'   94 |     robot_msgs::msg::RobotStatus status_msg_;\n'}
[3.239113] (screw_robot_control) StderrLine: {'line': b'      |                      ^~~~~~~~~~~\n'}
[3.239156] (screw_robot_control) StderrLine: {'line': b'/home/yanji/robot_screwing/src/screw_robot_control/include/screw_robot_control/jaka/right_arm_control.hpp:95:22: error: \xe2\x80\x98RefStatus\xe2\x80\x99 in namespace \xe2\x80\x98robot_msgs::msg\xe2\x80\x99 does not name a type\n'}
[3.239203] (screw_robot_control) StderrLine: {'line': b'   95 |     robot_msgs::msg::RefStatus ref_msg_;\n'}
[3.239246] (screw_robot_control) StderrLine: {'line': b'      |                      ^~~~~~~~~\n'}
[3.239454] (screw_robot_control) StderrLine: {'line': b'/home/yanji/robot_screwing/src/screw_robot_control/include/screw_robot_control/jaka/right_arm_control.hpp:108:50: error: \xe2\x80\x98ControlCommand\xe2\x80\x99 in namespace \xe2\x80\x98robot_msgs::msg\xe2\x80\x99 does not name a type\n'}
[3.239602] (screw_robot_control) StderrLine: {'line': b'  108 |     void command_callback(const robot_msgs::msg::ControlCommand::SharedPtr msg);\n'}
[3.239663] (screw_robot_control) StderrLine: {'line': b'      |                                                  ^~~~~~~~~~~~~~\n'}
[3.239717] (screw_robot_control) StderrLine: {'line': b'/home/yanji/robot_screwing/src/screw_robot_control/include/screw_robot_control/jaka/right_arm_control.hpp:108:76: error: expected unqualified-id before \xe2\x80\x98msg\xe2\x80\x99\n'}
[3.239840] (screw_robot_control) StderrLine: {'line': b'  108 |     void command_callback(const robot_msgs::msg::ControlCommand::SharedPtr msg);\n'}
[3.239939] (screw_robot_control) StderrLine: {'line': b'      |                                                                            ^~~\n'}
[3.239988] (screw_robot_control) StderrLine: {'line': b'/home/yanji/robot_screwing/src/screw_robot_control/include/screw_robot_control/jaka/right_arm_control.hpp:108:75: error: expected \xe2\x80\x98)\xe2\x80\x99 before \xe2\x80\x98msg\xe2\x80\x99\n'}
[3.240038] (screw_robot_control) StderrLine: {'line': b'  108 |     void command_callback(const robot_msgs::msg::ControlCommand::SharedPtr msg);\n'}
[3.240158] (screw_robot_control) StderrLine: {'line': b'      |                          ~                                                ^~~~\n'}
[3.240285] (screw_robot_control) StderrLine: {'line': b'      |                                                                           )\n'}
[3.240343] (screw_robot_control) StderrLine: {'line': b'/home/yanji/robot_screwing/src/screw_robot_control/include/screw_robot_control/jaka/right_arm_control.hpp:108:66: error: expected \xe2\x80\x98;\xe2\x80\x99 at end of member declaration\n'}
[3.240480] (screw_robot_control) StderrLine: {'line': b'  108 |     void command_callback(const robot_msgs::msg::ControlCommand::SharedPtr msg);\n'}
[3.240567] (screw_robot_control) StderrLine: {'line': b'      |                                                                  ^~~~~~~~~\n'}
[3.240627] (screw_robot_control) StderrLine: {'line': b'      |                                                                           ;\n'}
[3.240818] (screw_robot_control) StderrLine: {'line': b'/home/yanji/robot_screwing/src/screw_robot_control/include/screw_robot_control/jaka/right_arm_control.hpp:108:76: error: \xe2\x80\x98msg\xe2\x80\x99 does not name a type\n'}
[3.240935] (screw_robot_control) StderrLine: {'line': b'  108 |     void command_callback(const robot_msgs::msg::ControlCommand::SharedPtr msg);\n'}
[3.240980] (screw_robot_control) StderrLine: {'line': b'      |                                                                            ^~~\n'}
[3.241031] (screw_robot_control) StderrLine: {'line': b'/home/yanji/robot_screwing/src/screw_robot_control/include/screw_robot_control/jaka/right_arm_control.hpp:110:43: error: \xe2\x80\x98srv\xe2\x80\x99 is not a member of \xe2\x80\x98robot_msgs\xe2\x80\x99\n'}
[3.241150] (screw_robot_control) StderrLine: {'line': b'  110 |         const std::shared_ptr<robot_msgs::srv::StartPose::Request> request,\n'}
[3.241244] (screw_robot_control) StderrLine: {'line': b'      |                                           ^~~\n'}
[3.241294] (screw_robot_control) StderrLine: {'line': b'/home/yanji/robot_screwing/src/screw_robot_control/include/screw_robot_control/jaka/right_arm_control.hpp:110:43: note: suggested alternatives:\n'}
[3.241344] (screw_robot_control) StderrLine: {'line': b'/opt/ros/foxy/include/rcl_interfaces/srv/detail/describe_parameters__struct.hpp:26:11: note:   \xe2\x80\x98rcl_interfaces::srv\xe2\x80\x99\n'}
[3.241446] (screw_robot_control) StderrLine: {'line': b'   26 | namespace srv\n'}
[3.241568] (screw_robot_control) StderrLine: {'line': b'      |           ^~~\n'}
[3.241612] (screw_robot_control) StderrLine: {'line': b'/opt/ros/foxy/include/action_msgs/srv/detail/cancel_goal__struct.hpp:30:11: note:   \xe2\x80\x98action_msgs::srv\xe2\x80\x99\n'}
[3.241699] (screw_robot_control) StderrLine: {'line': b'   30 | namespace srv\n'}
[3.241864] (screw_robot_control) StderrLine: {'line': b'      |           ^~~\n'}
[3.242164] (screw_robot_control) StderrLine: {'line': b'/home/yanji/robot_screwing/src/screw_robot_control/include/screw_robot_control/jaka/right_arm_control.hpp:110:43: error: \xe2\x80\x98srv\xe2\x80\x99 is not a member of \xe2\x80\x98robot_msgs\xe2\x80\x99\n'}
[3.242355] (screw_robot_control) StderrLine: {'line': b'  110 |         const std::shared_ptr<robot_msgs::srv::StartPose::Request> request,\n'}
[3.242409] (screw_robot_control) StderrLine: {'line': b'      |                                           ^~~\n'}
[3.242461] (screw_robot_control) StderrLine: {'line': b'/home/yanji/robot_screwing/src/screw_robot_control/include/screw_robot_control/jaka/right_arm_control.hpp:110:43: note: suggested alternatives:\n'}
[3.242564] (screw_robot_control) StderrLine: {'line': b'/opt/ros/foxy/include/rcl_interfaces/srv/detail/describe_parameters__struct.hpp:26:11: note:   \xe2\x80\x98rcl_interfaces::srv\xe2\x80\x99\n'}
[3.242729] (screw_robot_control) StderrLine: {'line': b'   26 | namespace srv\n'}
[3.242779] (screw_robot_control) StderrLine: {'line': b'      |           ^~~\n'}
[3.242830] (screw_robot_control) StderrLine: {'line': b'/opt/ros/foxy/include/action_msgs/srv/detail/cancel_goal__struct.hpp:30:11: note:   \xe2\x80\x98action_msgs::srv\xe2\x80\x99\n'}
[3.242935] (screw_robot_control) StderrLine: {'line': b'   30 | namespace srv\n'}
[3.243090] (screw_robot_control) StderrLine: {'line': b'      |           ^~~\n'}
[3.243135] (screw_robot_control) StderrLine: {'line': b'/home/yanji/robot_screwing/src/screw_robot_control/include/screw_robot_control/jaka/right_arm_control.hpp:110:66: error: template argument 1 is invalid\n'}
[3.243224] (screw_robot_control) StderrLine: {'line': b'  110 |         const std::shared_ptr<robot_msgs::srv::StartPose::Request> request,\n'}
[3.243378] (screw_robot_control) StderrLine: {'line': b'      |                                                                  ^\n'}
[3.243433] (screw_robot_control) StderrLine: {'line': b'/home/yanji/robot_screwing/src/screw_robot_control/include/screw_robot_control/jaka/right_arm_control.hpp:110:43: error: \xe2\x80\x98srv\xe2\x80\x99 is not a member of \xe2\x80\x98robot_msgs\xe2\x80\x99\n'}
[3.243484] (screw_robot_control) StderrLine: {'line': b'  110 |         const std::shared_ptr<robot_msgs::srv::StartPose::Request> request,\n'}
[3.243587] (screw_robot_control) StderrLine: {'line': b'      |                                           ^~~\n'}
[3.243705] (screw_robot_control) StderrLine: {'line': b'/home/yanji/robot_screwing/src/screw_robot_control/include/screw_robot_control/jaka/right_arm_control.hpp:110:43: note: suggested alternatives:\n'}
[3.243755] (screw_robot_control) StderrLine: {'line': b'/opt/ros/foxy/include/rcl_interfaces/srv/detail/describe_parameters__struct.hpp:26:11: note:   \xe2\x80\x98rcl_interfaces::srv\xe2\x80\x99\n'}
[3.243803] (screw_robot_control) StderrLine: {'line': b'   26 | namespace srv\n'}
[3.243914] (screw_robot_control) StderrLine: {'line': b'      |           ^~~\n'}
[3.243969] (screw_robot_control) StderrLine: {'line': b'/opt/ros/foxy/include/action_msgs/srv/detail/cancel_goal__struct.hpp:30:11: note:   \xe2\x80\x98action_msgs::srv\xe2\x80\x99\n'}
[3.244082] (screw_robot_control) StderrLine: {'line': b'   30 | namespace srv\n'}
[3.244113] (screw_robot_control) StderrLine: {'line': b'      |           ^~~\n'}
[3.244138] (screw_robot_control) StderrLine: {'line': b'/home/yanji/robot_screwing/src/screw_robot_control/include/screw_robot_control/jaka/right_arm_control.hpp:110:43: error: \xe2\x80\x98srv\xe2\x80\x99 is not a member of \xe2\x80\x98robot_msgs\xe2\x80\x99\n'}
[3.244163] (screw_robot_control) StderrLine: {'line': b'  110 |         const std::shared_ptr<robot_msgs::srv::StartPose::Request> request,\n'}
[3.244185] (screw_robot_control) StderrLine: {'line': b'      |                                           ^~~\n'}
[3.244209] (screw_robot_control) StderrLine: {'line': b'/home/yanji/robot_screwing/src/screw_robot_control/include/screw_robot_control/jaka/right_arm_control.hpp:110:43: note: suggested alternatives:\n'}
[3.244232] (screw_robot_control) StderrLine: {'line': b'/opt/ros/foxy/include/rcl_interfaces/srv/detail/describe_parameters__struct.hpp:26:11: note:   \xe2\x80\x98rcl_interfaces::srv\xe2\x80\x99\n'}
[3.244257] (screw_robot_control) StderrLine: {'line': b'   26 | namespace srv\n'}
[3.244279] (screw_robot_control) StderrLine: {'line': b'      |           ^~~\n'}
[3.244301] (screw_robot_control) StderrLine: {'line': b'/opt/ros/foxy/include/action_msgs/srv/detail/cancel_goal__struct.hpp:30:11: note:   \xe2\x80\x98action_msgs::srv\xe2\x80\x99\n'}
[3.244323] (screw_robot_control) StderrLine: {'line': b'   30 | namespace srv\n'}
[3.244346] (screw_robot_control) StderrLine: {'line': b'      |           ^~~\n'}
[3.244369] (screw_robot_control) StderrLine: {'line': b'/home/yanji/robot_screwing/src/screw_robot_control/include/screw_robot_control/jaka/right_arm_control.hpp:110:66: error: template argument 1 is invalid\n'}
[3.244392] (screw_robot_control) StderrLine: {'line': b'  110 |         const std::shared_ptr<robot_msgs::srv::StartPose::Request> request,\n'}
[3.244416] (screw_robot_control) StderrLine: {'line': b'      |                                                                  ^\n'}
[3.244438] (screw_robot_control) StderrLine: {'line': b'/home/yanji/robot_screwing/src/screw_robot_control/include/screw_robot_control/jaka/right_arm_control.hpp:110:43: error: \xe2\x80\x98srv\xe2\x80\x99 is not a member of \xe2\x80\x98robot_msgs\xe2\x80\x99\n'}
[3.244461] (screw_robot_control) StderrLine: {'line': b'  110 |         const std::shared_ptr<robot_msgs::srv::StartPose::Request> request,\n'}
[3.244484] (screw_robot_control) StderrLine: {'line': b'      |                                           ^~~\n'}
[3.244507] (screw_robot_control) StderrLine: {'line': b'/home/yanji/robot_screwing/src/screw_robot_control/include/screw_robot_control/jaka/right_arm_control.hpp:110:43: note: suggested alternatives:\n'}
[3.244530] (screw_robot_control) StderrLine: {'line': b'/opt/ros/foxy/include/rcl_interfaces/srv/detail/describe_parameters__struct.hpp:26:11: note:   \xe2\x80\x98rcl_interfaces::srv\xe2\x80\x99\n'}
[3.244553] (screw_robot_control) StderrLine: {'line': b'   26 | namespace srv\n'}
[3.244575] (screw_robot_control) StderrLine: {'line': b'      |           ^~~\n'}
[3.244598] (screw_robot_control) StderrLine: {'line': b'/opt/ros/foxy/include/action_msgs/srv/detail/cancel_goal__struct.hpp:30:11: note:   \xe2\x80\x98action_msgs::srv\xe2\x80\x99\n'}
[3.244621] (screw_robot_control) StderrLine: {'line': b'   30 | namespace srv\n'}
[3.244643] (screw_robot_control) StderrLine: {'line': b'      |           ^~~\n'}
[3.244665] (screw_robot_control) StderrLine: {'line': b'/home/yanji/robot_screwing/src/screw_robot_control/include/screw_robot_control/jaka/right_arm_control.hpp:110:43: error: \xe2\x80\x98srv\xe2\x80\x99 is not a member of \xe2\x80\x98robot_msgs\xe2\x80\x99\n'}
[3.244689] (screw_robot_control) StderrLine: {'line': b'  110 |         const std::shared_ptr<robot_msgs::srv::StartPose::Request> request,\n'}
[3.244711] (screw_robot_control) StderrLine: {'line': b'      |                                           ^~~\n'}
[3.244735] (screw_robot_control) StderrLine: {'line': b'/home/yanji/robot_screwing/src/screw_robot_control/include/screw_robot_control/jaka/right_arm_control.hpp:110:43: note: suggested alternatives:\n'}
[3.244758] (screw_robot_control) StderrLine: {'line': b'/opt/ros/foxy/include/rcl_interfaces/srv/detail/describe_parameters__struct.hpp:26:11: note:   \xe2\x80\x98rcl_interfaces::srv\xe2\x80\x99\n'}
[3.244780] (screw_robot_control) StderrLine: {'line': b'   26 | namespace srv\n'}
[3.244802] (screw_robot_control) StderrLine: {'line': b'      |           ^~~\n'}
[3.244824] (screw_robot_control) StderrLine: {'line': b'/opt/ros/foxy/include/action_msgs/srv/detail/cancel_goal__struct.hpp:30:11: note:   \xe2\x80\x98action_msgs::srv\xe2\x80\x99\n'}
[3.244847] (screw_robot_control) StderrLine: {'line': b'   30 | namespace srv\n'}
[3.244869] (screw_robot_control) StderrLine: {'line': b'      |           ^~~\n'}
[3.244890] (screw_robot_control) StderrLine: {'line': b'/home/yanji/robot_screwing/src/screw_robot_control/include/screw_robot_control/jaka/right_arm_control.hpp:110:66: error: template argument 1 is invalid\n'}
[3.244913] (screw_robot_control) StderrLine: {'line': b'  110 |         const std::shared_ptr<robot_msgs::srv::StartPose::Request> request,\n'}
[3.244935] (screw_robot_control) StderrLine: {'line': b'      |                                                                  ^\n'}
[3.244958] (screw_robot_control) StderrLine: {'line': b'/home/yanji/robot_screwing/src/screw_robot_control/include/screw_robot_control/jaka/right_arm_control.hpp:110:43: error: \xe2\x80\x98srv\xe2\x80\x99 is not a member of \xe2\x80\x98robot_msgs\xe2\x80\x99\n'}
[3.244980] (screw_robot_control) StderrLine: {'line': b'  110 |         const std::shared_ptr<robot_msgs::srv::StartPose::Request> request,\n'}
[3.245003] (screw_robot_control) StderrLine: {'line': b'      |                                           ^~~\n'}
[3.245025] (screw_robot_control) StderrLine: {'line': b'/home/yanji/robot_screwing/src/screw_robot_control/include/screw_robot_control/jaka/right_arm_control.hpp:110:43: note: suggested alternatives:\n'}
[3.245047] (screw_robot_control) StderrLine: {'line': b'/opt/ros/foxy/include/rcl_interfaces/srv/detail/describe_parameters__struct.hpp:26:11: note:   \xe2\x80\x98rcl_interfaces::srv\xe2\x80\x99\n'}
[3.245079] (screw_robot_control) StderrLine: {'line': b'   26 | namespace srv\n'}
[3.245103] (screw_robot_control) StderrLine: {'line': b'      |           ^~~\n'}
[3.245125] (screw_robot_control) StderrLine: {'line': b'/opt/ros/foxy/include/action_msgs/srv/detail/cancel_goal__struct.hpp:30:11: note:   \xe2\x80\x98action_msgs::srv\xe2\x80\x99\n'}
[3.245147] (screw_robot_control) StderrLine: {'line': b'   30 | namespace srv\n'}
[3.245169] (screw_robot_control) StderrLine: {'line': b'      |           ^~~\n'}
[3.245190] (screw_robot_control) StderrLine: {'line': b'/home/yanji/robot_screwing/src/screw_robot_control/include/screw_robot_control/jaka/right_arm_control.hpp:110:43: error: \xe2\x80\x98srv\xe2\x80\x99 is not a member of \xe2\x80\x98robot_msgs\xe2\x80\x99\n'}
[3.245212] (screw_robot_control) StderrLine: {'line': b'  110 |         const std::shared_ptr<robot_msgs::srv::StartPose::Request> request,\n'}
[3.245233] (screw_robot_control) StderrLine: {'line': b'      |                                           ^~~\n'}
[3.245255] (screw_robot_control) StderrLine: {'line': b'/home/yanji/robot_screwing/src/screw_robot_control/include/screw_robot_control/jaka/right_arm_control.hpp:110:43: note: suggested alternatives:\n'}
[3.245276] (screw_robot_control) StderrLine: {'line': b'/opt/ros/foxy/include/rcl_interfaces/srv/detail/describe_parameters__struct.hpp:26:11: note:   \xe2\x80\x98rcl_interfaces::srv\xe2\x80\x99\n'}
[3.245298] (screw_robot_control) StderrLine: {'line': b'   26 | namespace srv\n'}
[3.245319] (screw_robot_control) StderrLine: {'line': b'      |           ^~~\n'}
[3.245340] (screw_robot_control) StderrLine: {'line': b'/opt/ros/foxy/include/action_msgs/srv/detail/cancel_goal__struct.hpp:30:11: note:   \xe2\x80\x98action_msgs::srv\xe2\x80\x99\n'}
[3.245363] (screw_robot_control) StderrLine: {'line': b'   30 | namespace srv\n'}
[3.245385] (screw_robot_control) StderrLine: {'line': b'      |           ^~~\n'}
[3.245407] (screw_robot_control) StderrLine: {'line': b'/home/yanji/robot_screwing/src/screw_robot_control/include/screw_robot_control/jaka/right_arm_control.hpp:110:66: error: template argument 1 is invalid\n'}
[3.245430] (screw_robot_control) StderrLine: {'line': b'  110 |         const std::shared_ptr<robot_msgs::srv::StartPose::Request> request,\n'}
[3.245454] (screw_robot_control) StderrLine: {'line': b'      |                                                                  ^\n'}
[3.245478] (screw_robot_control) StderrLine: {'line': b'/home/yanji/robot_screwing/src/screw_robot_control/include/screw_robot_control/jaka/right_arm_control.hpp:110:43: error: \xe2\x80\x98srv\xe2\x80\x99 is not a member of \xe2\x80\x98robot_msgs\xe2\x80\x99\n'}
[3.245501] (screw_robot_control) StderrLine: {'line': b'  110 |         const std::shared_ptr<robot_msgs::srv::StartPose::Request> request,\n'}
[3.245524] (screw_robot_control) StderrLine: {'line': b'      |                                           ^~~\n'}
[3.245548] (screw_robot_control) StderrLine: {'line': b'/home/yanji/robot_screwing/src/screw_robot_control/include/screw_robot_control/jaka/right_arm_control.hpp:110:43: note: suggested alternatives:\n'}
[3.245570] (screw_robot_control) StderrLine: {'line': b'/opt/ros/foxy/include/rcl_interfaces/srv/detail/describe_parameters__struct.hpp:26:11: note:   \xe2\x80\x98rcl_interfaces::srv\xe2\x80\x99\n'}
[3.245591] (screw_robot_control) StderrLine: {'line': b'   26 | namespace srv\n'}
[3.245613] (screw_robot_control) StderrLine: {'line': b'      |           ^~~\n'}
[3.245635] (screw_robot_control) StderrLine: {'line': b'/opt/ros/foxy/include/action_msgs/srv/detail/cancel_goal__struct.hpp:30:11: note:   \xe2\x80\x98action_msgs::srv\xe2\x80\x99\n'}
[3.245657] (screw_robot_control) StderrLine: {'line': b'   30 | namespace srv\n'}
[3.245679] (screw_robot_control) StderrLine: {'line': b'      |           ^~~\n'}
[3.245701] (screw_robot_control) StderrLine: {'line': b'/home/yanji/robot_screwing/src/screw_robot_control/include/screw_robot_control/jaka/right_arm_control.hpp:110:43: error: \xe2\x80\x98srv\xe2\x80\x99 is not a member of \xe2\x80\x98robot_msgs\xe2\x80\x99\n'}
[3.245723] (screw_robot_control) StderrLine: {'line': b'  110 |         const std::shared_ptr<robot_msgs::srv::StartPose::Request> request,\n'}
[3.245745] (screw_robot_control) StderrLine: {'line': b'      |                                           ^~~\n'}
[3.245769] (screw_robot_control) StderrLine: {'line': b'/home/yanji/robot_screwing/src/screw_robot_control/include/screw_robot_control/jaka/right_arm_control.hpp:110:43: note: suggested alternatives:\n'}
[3.245790] (screw_robot_control) StderrLine: {'line': b'/opt/ros/foxy/include/rcl_interfaces/srv/detail/describe_parameters__struct.hpp:26:11: note:   \xe2\x80\x98rcl_interfaces::srv\xe2\x80\x99\n'}
[3.245812] (screw_robot_control) StderrLine: {'line': b'   26 | namespace srv\n'}
[3.245833] (screw_robot_control) StderrLine: {'line': b'      |           ^~~\n'}
[3.245854] (screw_robot_control) StderrLine: {'line': b'/opt/ros/foxy/include/action_msgs/srv/detail/cancel_goal__struct.hpp:30:11: note:   \xe2\x80\x98action_msgs::srv\xe2\x80\x99\n'}
[3.245876] (screw_robot_control) StderrLine: {'line': b'   30 | namespace srv\n'}
[3.245898] (screw_robot_control) StderrLine: {'line': b'      |           ^~~\n'}
[3.245920] (screw_robot_control) StderrLine: {'line': b'/home/yanji/robot_screwing/src/screw_robot_control/include/screw_robot_control/jaka/right_arm_control.hpp:110:66: error: template argument 1 is invalid\n'}
[3.245941] (screw_robot_control) StderrLine: {'line': b'  110 |         const std::shared_ptr<robot_msgs::srv::StartPose::Request> request,\n'}
[3.245962] (screw_robot_control) StderrLine: {'line': b'      |                                                                  ^\n'}
[3.245984] (screw_robot_control) StderrLine: {'line': b'/home/yanji/robot_screwing/src/screw_robot_control/include/screw_robot_control/jaka/right_arm_control.hpp:110:15: error: invalid use of template-name \xe2\x80\x98std::shared_ptr\xe2\x80\x99 without an argument list\n'}
[3.246007] (screw_robot_control) StderrLine: {'line': b'  110 |         const std::shared_ptr<robot_msgs::srv::StartPose::Request> request,\n'}
[3.246029] (screw_robot_control) StderrLine: {'line': b'      |               ^~~\n'}
[3.246051] (screw_robot_control) StderrLine: {'line': b'/home/yanji/robot_screwing/src/screw_robot_control/include/screw_robot_control/jaka/right_arm_control.hpp:110:15: note: class template argument deduction is only available with \xe2\x80\x98-std=c++17\xe2\x80\x99 or \xe2\x80\x98-std=gnu++17\xe2\x80\x99\n'}
[3.246084] (screw_robot_control) StderrLine: {'line': b'In file included from /usr/include/c++/13/bits/shared_ptr.h:53,\n'}
[3.246107] (screw_robot_control) StderrLine: {'line': b'                 from /usr/include/c++/13/memory:80,\n'}
[3.246131] (screw_robot_control) StderrLine: {'line': b'                 from /opt/ros/foxy/include/rclcpp/rclcpp.hpp:144:\n'}
[3.246154] (screw_robot_control) StderrLine: {'line': b'/usr/include/c++/13/bits/shared_ptr_base.h:395:11: note: \xe2\x80\x98template<class _Tp> class std::shared_ptr\xe2\x80\x99 declared here\n'}
[3.246176] (screw_robot_control) StderrLine: {'line': b'  395 |     class shared_ptr;\n'}
[3.246199] (screw_robot_control) StderrLine: {'line': b'      |           ^~~~~~~~~~\n'}
[3.246221] (screw_robot_control) StderrLine: {'line': b'/home/yanji/robot_screwing/src/screw_robot_control/include/screw_robot_control/jaka/right_arm_control.hpp:110:30: error: expected \xe2\x80\x98,\xe2\x80\x99 or \xe2\x80\x98...\xe2\x80\x99 before \xe2\x80\x98<\xe2\x80\x99 token\n'}
[3.246243] (screw_robot_control) StderrLine: {'line': b'  110 |         const std::shared_ptr<robot_msgs::srv::StartPose::Request> request,\n'}
[3.246266] (screw_robot_control) StderrLine: {'line': b'      |                              ^\n'}
[3.246289] (screw_robot_control) StderrLine: {'line': b'/home/yanji/robot_screwing/src/screw_robot_control/src/right_arm_control.cpp: In constructor \xe2\x80\x98right_arm::RobotAdmittanceControl::RobotAdmittanceControl()\xe2\x80\x99:\n'}
[3.246311] (screw_robot_control) StderrLine: {'line': b'/home/yanji/robot_screwing/src/screw_robot_control/src/right_arm_control.cpp:19:5: error: \xe2\x80\x98status_pub_\xe2\x80\x99 was not declared in this scope\n'}
[3.246333] (screw_robot_control) StderrLine: {'line': b'   19 |     status_pub_ = this->create_publisher<robot_msgs::msg::RobotStatus>("rob_status", 5);\n'}
[3.246356] (screw_robot_control) StderrLine: {'line': b'      |     ^~~~~~~~~~~\n'}
[3.246378] (screw_robot_control) StderrLine: {'line': b'/home/yanji/robot_screwing/src/screw_robot_control/src/right_arm_control.cpp:19:59: error: \xe2\x80\x98RobotStatus\xe2\x80\x99 is not a member of \xe2\x80\x98robot_msgs::msg\xe2\x80\x99; did you mean \xe2\x80\x98RobotStatus\xe2\x80\x99?\n'}
[3.246400] (screw_robot_control) StderrLine: {'line': b'   19 |     status_pub_ = this->create_publisher<robot_msgs::msg::RobotStatus>("rob_status", 5);\n'}
[3.246422] (screw_robot_control) StderrLine: {'line': b'      |                                                           ^~~~~~~~~~~\n'}
[3.246443] (screw_robot_control) StderrLine: {'line': b'/home/yanji/robot_screwing/src/screw_robot_control/include/screw_robot_control/jaka/jktypes.h:245:3: note: \xe2\x80\x98RobotStatus\xe2\x80\x99 declared here\n'}
[3.246465] (screw_robot_control) StderrLine: {'line': b'  245 | } RobotStatus;\n'}
[3.246486] (screw_robot_control) StderrLine: {'line': b'      |   ^~~~~~~~~~~\n'}
[3.246507] (screw_robot_control) StderrLine: {'line': b'/home/yanji/robot_screwing/src/screw_robot_control/src/right_arm_control.cpp:19:59: error: \xe2\x80\x98RobotStatus\xe2\x80\x99 is not a member of \xe2\x80\x98robot_msgs::msg\xe2\x80\x99; did you mean \xe2\x80\x98RobotStatus\xe2\x80\x99?\n'}
[3.246530] (screw_robot_control) StderrLine: {'line': b'   19 |     status_pub_ = this->create_publisher<robot_msgs::msg::RobotStatus>("rob_status", 5);\n'}
[3.246552] (screw_robot_control) StderrLine: {'line': b'      |                                                           ^~~~~~~~~~~\n'}
[3.246574] (screw_robot_control) StderrLine: {'line': b'/home/yanji/robot_screwing/src/screw_robot_control/include/screw_robot_control/jaka/jktypes.h:245:3: note: \xe2\x80\x98RobotStatus\xe2\x80\x99 declared here\n'}
[3.246597] (screw_robot_control) StderrLine: {'line': b'  245 | } RobotStatus;\n'}
[3.246619] (screw_robot_control) StderrLine: {'line': b'      |   ^~~~~~~~~~~\n'}
[3.246641] (screw_robot_control) StderrLine: {'line': b'/home/yanji/robot_screwing/src/screw_robot_control/src/right_arm_control.cpp:19:71: error: no matching function for call to \xe2\x80\x98right_arm::RobotAdmittanceControl::create_publisher<<expression error> >(const char [11], int)\xe2\x80\x99\n'}
[3.246664] (screw_robot_control) StderrLine: {'line': b'   19 |     status_pub_ = this->create_publisher<robot_msgs::msg::RobotStatus>("rob_status", 5);\n'}
[3.246688] (screw_robot_control) StderrLine: {'line': b'      |                   ~~~~~~~~~~~~~~~~~~~~~~~~~~~~~~~~~~~~~~~~~~~~~~~~~~~~^~~~~~~~~~~~~~~~~\n'}
[3.246709] (screw_robot_control) StderrLine: {'line': b'In file included from /opt/ros/foxy/include/rclcpp/node.hpp:1224,\n'}
[3.246731] (screw_robot_control) StderrLine: {'line': b'                 from /opt/ros/foxy/include/rclcpp/executors/single_threaded_executor.hpp:28,\n'}
[3.246753] (screw_robot_control) StderrLine: {'line': b'                 from /opt/ros/foxy/include/rclcpp/executors.hpp:22,\n'}
[3.246774] (screw_robot_control) StderrLine: {'line': b'                 from /opt/ros/foxy/include/rclcpp/rclcpp.hpp:146:\n'}
[3.246796] (screw_robot_control) StderrLine: {'line': b'/opt/ros/foxy/include/rclcpp/node_impl.hpp:71:1: note: candidate: \xe2\x80\x98template<class MessageT, class AllocatorT, class PublisherT> std::shared_ptr<PublisherT> rclcpp::Node::create_publisher(const std::string&, const rclcpp::QoS&, const rclcpp::PublisherOptionsWithAllocator<AllocatorT>&)\xe2\x80\x99\n'}
[3.246819] (screw_robot_control) StderrLine: {'line': b'   71 | Node::create_publisher(\n'}
[3.246841] (screw_robot_control) StderrLine: {'line': b'      | ^~~~\n'}
[3.246863] (screw_robot_control) StderrLine: {'line': b'/opt/ros/foxy/include/rclcpp/node_impl.hpp:71:1: note:   template argument deduction/substitution failed:\n'}
[3.246885] (screw_robot_control) StderrLine: {'line': b'/home/yanji/robot_screwing/src/screw_robot_control/src/right_arm_control.cpp:19:71: error: template argument 1 is invalid\n'}
[3.246907] (screw_robot_control) StderrLine: {'line': b'   19 |     status_pub_ = this->create_publisher<robot_msgs::msg::RobotStatus>("rob_status", 5);\n'}
[3.246929] (screw_robot_control) StderrLine: {'line': b'      |                   ~~~~~~~~~~~~~~~~~~~~~~~~~~~~~~~~~~~~~~~~~~~~~~~~~~~~^~~~~~~~~~~~~~~~~\n'}
[3.246951] (screw_robot_control) StderrLine: {'line': b'/home/yanji/robot_screwing/src/screw_robot_control/src/right_arm_control.cpp:20:5: error: \xe2\x80\x98ref_pub_\xe2\x80\x99 was not declared in this scope\n'}
[3.246973] (screw_robot_control) StderrLine: {'line': b'   20 |     ref_pub_ = this->create_publisher<robot_msgs::msg::RefStatus>("ref_status", 5);\n'}
[3.246994] (screw_robot_control) StderrLine: {'line': b'      |     ^~~~~~~~\n'}
[3.247016] (screw_robot_control) StderrLine: {'line': b'/home/yanji/robot_screwing/src/screw_robot_control/src/right_arm_control.cpp:20:56: error: \xe2\x80\x98RefStatus\xe2\x80\x99 is not a member of \xe2\x80\x98robot_msgs::msg\xe2\x80\x99\n'}
[3.247039] (screw_robot_control) StderrLine: {'line': b'   20 |     ref_pub_ = this->create_publisher<robot_msgs::msg::RefStatus>("ref_status", 5);\n'}
[3.247090] (screw_robot_control) StderrLine: {'line': b'      |                                                        ^~~~~~~~~\n'}
[3.247115] (screw_robot_control) StderrLine: {'line': b'/home/yanji/robot_screwing/src/screw_robot_control/src/right_arm_control.cpp:20:56: error: \xe2\x80\x98RefStatus\xe2\x80\x99 is not a member of \xe2\x80\x98robot_msgs::msg\xe2\x80\x99\n'}
[3.247137] (screw_robot_control) StderrLine: {'line': b'/home/yanji/robot_screwing/src/screw_robot_control/src/right_arm_control.cpp:20:66: error: no matching function for call to \xe2\x80\x98right_arm::RobotAdmittanceControl::create_publisher<<expression error> >(const char [11], int)\xe2\x80\x99\n'}
[3.247160] (screw_robot_control) StderrLine: {'line': b'   20 |     ref_pub_ = this->create_publisher<robot_msgs::msg::RefStatus>("ref_status", 5);\n'}
[3.247182] (screw_robot_control) StderrLine: {'line': b'      |                ~~~~~~~~~~~~~~~~~~~~~~~~~~~~~~~~~~~~~~~~~~~~~~~~~~^~~~~~~~~~~~~~~~~\n'}
[3.247204] (screw_robot_control) StderrLine: {'line': b'/opt/ros/foxy/include/rclcpp/node_impl.hpp:71:1: note: candidate: \xe2\x80\x98template<class MessageT, class AllocatorT, class PublisherT> std::shared_ptr<PublisherT> rclcpp::Node::create_publisher(const std::string&, const rclcpp::QoS&, const rclcpp::PublisherOptionsWithAllocator<AllocatorT>&)\xe2\x80\x99\n'}
[3.247229] (screw_robot_control) StderrLine: {'line': b'   71 | Node::create_publisher(\n'}
[3.247251] (screw_robot_control) StderrLine: {'line': b'      | ^~~~\n'}
[3.247273] (screw_robot_control) StderrLine: {'line': b'/opt/ros/foxy/include/rclcpp/node_impl.hpp:71:1: note:   template argument deduction/substitution failed:\n'}
[3.247296] (screw_robot_control) StderrLine: {'line': b'/home/yanji/robot_screwing/src/screw_robot_control/src/right_arm_control.cpp:20:66: error: template argument 1 is invalid\n'}
[3.247320] (screw_robot_control) StderrLine: {'line': b'   20 |     ref_pub_ = this->create_publisher<robot_msgs::msg::RefStatus>("ref_status", 5);\n'}
[3.247343] (screw_robot_control) StderrLine: {'line': b'      |                ~~~~~~~~~~~~~~~~~~~~~~~~~~~~~~~~~~~~~~~~~~~~~~~~~~^~~~~~~~~~~~~~~~~\n'}
[3.247366] (screw_robot_control) StderrLine: {'line': b'/home/yanji/robot_screwing/src/screw_robot_control/src/right_arm_control.cpp:21:5: error: \xe2\x80\x98cmd_pub_\xe2\x80\x99 was not declared in this scope\n'}
[3.247388] (screw_robot_control) StderrLine: {'line': b'   21 |     cmd_pub_ = this->create_publisher<robot_msgs::msg::ControlCommand>("cmd_status", 5);\n'}
[3.247410] (screw_robot_control) StderrLine: {'line': b'      |     ^~~~~~~~\n'}
[3.247432] (screw_robot_control) StderrLine: {'line': b'/home/yanji/robot_screwing/src/screw_robot_control/src/right_arm_control.cpp:21:56: error: \xe2\x80\x98ControlCommand\xe2\x80\x99 is not a member of \xe2\x80\x98robot_msgs::msg\xe2\x80\x99\n'}
[3.247454] (screw_robot_control) StderrLine: {'line': b'   21 |     cmd_pub_ = this->create_publisher<robot_msgs::msg::ControlCommand>("cmd_status", 5);\n'}
[3.247476] (screw_robot_control) StderrLine: {'line': b'      |                                                        ^~~~~~~~~~~~~~\n'}
[3.247498] (screw_robot_control) StderrLine: {'line': b'/home/yanji/robot_screwing/src/screw_robot_control/src/right_arm_control.cpp:21:56: error: \xe2\x80\x98ControlCommand\xe2\x80\x99 is not a member of \xe2\x80\x98robot_msgs::msg\xe2\x80\x99\n'}
[3.247523] (screw_robot_control) StderrLine: {'line': b'/home/yanji/robot_screwing/src/screw_robot_control/src/right_arm_control.cpp:21:71: error: no matching function for call to \xe2\x80\x98right_arm::RobotAdmittanceControl::create_publisher<<expression error> >(const char [11], int)\xe2\x80\x99\n'}
[3.247546] (screw_robot_control) StderrLine: {'line': b'   21 |     cmd_pub_ = this->create_publisher<robot_msgs::msg::ControlCommand>("cmd_status", 5);\n'}
[3.247568] (screw_robot_control) StderrLine: {'line': b'      |                ~~~~~~~~~~~~~~~~~~~~~~~~~~~~~~~~~~~~~~~~~~~~~~~~~~~~~~~^~~~~~~~~~~~~~~~~\n'}
[3.247590] (screw_robot_control) StderrLine: {'line': b'/opt/ros/foxy/include/rclcpp/node_impl.hpp:71:1: note: candidate: \xe2\x80\x98template<class MessageT, class AllocatorT, class PublisherT> std::shared_ptr<PublisherT> rclcpp::Node::create_publisher(const std::string&, const rclcpp::QoS&, const rclcpp::PublisherOptionsWithAllocator<AllocatorT>&)\xe2\x80\x99\n'}
[3.247613] (screw_robot_control) StderrLine: {'line': b'   71 | Node::create_publisher(\n'}
[3.247635] (screw_robot_control) StderrLine: {'line': b'      | ^~~~\n'}
[3.247656] (screw_robot_control) StderrLine: {'line': b'/opt/ros/foxy/include/rclcpp/node_impl.hpp:71:1: note:   template argument deduction/substitution failed:\n'}
[3.247679] (screw_robot_control) StderrLine: {'line': b'/home/yanji/robot_screwing/src/screw_robot_control/src/right_arm_control.cpp:21:71: error: template argument 1 is invalid\n'}
[3.247701] (screw_robot_control) StderrLine: {'line': b'   21 |     cmd_pub_ = this->create_publisher<robot_msgs::msg::ControlCommand>("cmd_status", 5);\n'}
[3.247724] (screw_robot_control) StderrLine: {'line': b'      |                ~~~~~~~~~~~~~~~~~~~~~~~~~~~~~~~~~~~~~~~~~~~~~~~~~~~~~~~^~~~~~~~~~~~~~~~~\n'}
[3.247746] (screw_robot_control) StderrLine: {'line': b'/home/yanji/robot_screwing/src/screw_robot_control/src/right_arm_control.cpp:23:5: error: \xe2\x80\x98command_subs_\xe2\x80\x99 was not declared in this scope\n'}
[3.247769] (screw_robot_control) StderrLine: {'line': b'   23 |     command_subs_ = this->create_subscription<robot_msgs::msg::ControlCommand>(\n'}
[3.247791] (screw_robot_control) StderrLine: {'line': b'      |     ^~~~~~~~~~~~~\n'}
[3.247812] (screw_robot_control) StderrLine: {'line': b'/home/yanji/robot_screwing/src/screw_robot_control/src/right_arm_control.cpp:23:64: error: \xe2\x80\x98ControlCommand\xe2\x80\x99 is not a member of \xe2\x80\x98robot_msgs::msg\xe2\x80\x99\n'}
[3.247834] (screw_robot_control) StderrLine: {'line': b'   23 |     command_subs_ = this->create_subscription<robot_msgs::msg::ControlCommand>(\n'}
[3.247856] (screw_robot_control) StderrLine: {'line': b'      |                                                                ^~~~~~~~~~~~~~\n'}
[3.247878] (screw_robot_control) StderrLine: {'line': b'/home/yanji/robot_screwing/src/screw_robot_control/src/right_arm_control.cpp:23:64: error: \xe2\x80\x98ControlCommand\xe2\x80\x99 is not a member of \xe2\x80\x98robot_msgs::msg\xe2\x80\x99\n'}
[3.247902] (screw_robot_control) StderrLine: {'line': b'/home/yanji/robot_screwing/src/screw_robot_control/src/right_arm_control.cpp:23:79: error: no matching function for call to \xe2\x80\x98right_arm::RobotAdmittanceControl::create_subscription<<expression error> >(const char [12], int, std::_Bind_helper<false, void (right_arm::RobotAdmittanceControl::*)(...), right_arm::RobotAdmittanceControl*, const std::_Placeholder<1>&>::type)\xe2\x80\x99\n'}
[3.247927] (screw_robot_control) StderrLine: {'line': b'   23 |     command_subs_ = this->create_subscription<robot_msgs::msg::ControlCommand>(\n'}
[3.247950] (screw_robot_control) StderrLine: {'line': b'      |                     ~~~~~~~~~~~~~~~~~~~~~~~~~~~~~~~~~~~~~~~~~~~~~~~~~~~~~~~~~~^\n'}
[3.247972] (screw_robot_control) StderrLine: {'line': b'   24 |       "rob_command", 1, std::bind(&RobotAdmittanceControl::command_callback, this, std::placeholders::_1));\n'}
[3.247994] (screw_robot_control) StderrLine: {'line': b'      |       ~~~~~~~~~~~~~~~~~~~~~~~~~~~~~~~~~~~~~~~~~~~~~~~~~~~~~~~~~~~~~~~~~~~~~~~~~~~~~~~~~~~~~~~~~~~~~~~~~~~~\n'}
[3.248016] (screw_robot_control) StderrLine: {'line': b'/opt/ros/foxy/include/rclcpp/node.hpp:213:3: note: candidate: \xe2\x80\x98template<class MessageT, class CallbackT, class AllocatorT, class CallbackMessageT, class SubscriptionT, class MessageMemoryStrategyT> std::shared_ptr<SubscriptionT> rclcpp::Node::create_subscription(const std::string&, const rclcpp::QoS&, CallbackT&&, const rclcpp::SubscriptionOptionsWithAllocator<AllocatorT>&, typename MessageMemoryStrategyT::SharedPtr)\xe2\x80\x99\n'}
[3.248041] (screw_robot_control) StderrLine: {'line': b'  213 |   create_subscription(\n'}
[3.248068] (screw_robot_control) StderrLine: {'line': b'      |   ^~~~~~~~~~~~~~~~~~~\n'}
[3.248092] (screw_robot_control) StderrLine: {'line': b'/opt/ros/foxy/include/rclcpp/node.hpp:213:3: note:   template argument deduction/substitution failed:\n'}
[3.248114] (screw_robot_control) StderrLine: {'line': b'/home/yanji/robot_screwing/src/screw_robot_control/src/right_arm_control.cpp:23:79: error: template argument 1 is invalid\n'}
[3.248137] (screw_robot_control) StderrLine: {'line': b'   23 |     command_subs_ = this->create_subscription<robot_msgs::msg::ControlCommand>(\n'}
[3.248160] (screw_robot_control) StderrLine: {'line': b'      |                     ~~~~~~~~~~~~~~~~~~~~~~~~~~~~~~~~~~~~~~~~~~~~~~~~~~~~~~~~~~^\n'}
[3.248182] (screw_robot_control) StderrLine: {'line': b'   24 |       "rob_command", 1, std::bind(&RobotAdmittanceControl::command_callback, this, std::placeholders::_1));\n'}
[3.248204] (screw_robot_control) StderrLine: {'line': b'      |       ~~~~~~~~~~~~~~~~~~~~~~~~~~~~~~~~~~~~~~~~~~~~~~~~~~~~~~~~~~~~~~~~~~~~~~~~~~~~~~~~~~~~~~~~~~~~~~~~~~~~\n'}
[3.248227] (screw_robot_control) StderrLine: {'line': b'/home/yanji/robot_screwing/src/screw_robot_control/src/right_arm_control.cpp:26:5: error: \xe2\x80\x98srv_\xe2\x80\x99 was not declared in this scope\n'}
[3.248250] (screw_robot_control) StderrLine: {'line': b'   26 |     srv_ = this->create_service<robot_msgs::srv::StartPose>(\n'}
[3.248274] (screw_robot_control) StderrLine: {'line': b'      |     ^~~~\n'}
[3.248296] (screw_robot_control) StderrLine: {'line': b'/home/yanji/robot_screwing/src/screw_robot_control/src/right_arm_control.cpp:26:45: error: \xe2\x80\x98srv\xe2\x80\x99 is not a member of \xe2\x80\x98robot_msgs\xe2\x80\x99\n'}
[3.248318] (screw_robot_control) StderrLine: {'line': b'   26 |     srv_ = this->create_service<robot_msgs::srv::StartPose>(\n'}
[3.248341] (screw_robot_control) StderrLine: {'line': b'      |                                             ^~~\n'}
[3.248363] (screw_robot_control) StderrLine: {'line': b'/home/yanji/robot_screwing/src/screw_robot_control/src/right_arm_control.cpp:26:45: note: suggested alternatives:\n'}
[3.248385] (screw_robot_control) StderrLine: {'line': b'/opt/ros/foxy/include/rcl_interfaces/srv/detail/describe_parameters__struct.hpp:26:11: note:   \xe2\x80\x98rcl_interfaces::srv\xe2\x80\x99\n'}
[3.248407] (screw_robot_control) StderrLine: {'line': b'   26 | namespace srv\n'}
[3.248429] (screw_robot_control) StderrLine: {'line': b'      |           ^~~\n'}
[3.248450] (screw_robot_control) StderrLine: {'line': b'/opt/ros/foxy/include/action_msgs/srv/detail/cancel_goal__struct.hpp:30:11: note:   \xe2\x80\x98action_msgs::srv\xe2\x80\x99\n'}
[3.248472] (screw_robot_control) StderrLine: {'line': b'   30 | namespace srv\n'}
[3.248494] (screw_robot_control) StderrLine: {'line': b'      |           ^~~\n'}
[3.248515] (screw_robot_control) StderrLine: {'line': b'/home/yanji/robot_screwing/src/screw_robot_control/src/right_arm_control.cpp:26:45: error: \xe2\x80\x98srv\xe2\x80\x99 is not a member of \xe2\x80\x98robot_msgs\xe2\x80\x99\n'}
[3.248538] (screw_robot_control) StderrLine: {'line': b'   26 |     srv_ = this->create_service<robot_msgs::srv::StartPose>(\n'}
[3.248559] (screw_robot_control) StderrLine: {'line': b'      |                                             ^~~\n'}
[3.248581] (screw_robot_control) StderrLine: {'line': b'/home/yanji/robot_screwing/src/screw_robot_control/src/right_arm_control.cpp:26:45: note: suggested alternatives:\n'}
[3.248604] (screw_robot_control) StderrLine: {'line': b'/opt/ros/foxy/include/rcl_interfaces/srv/detail/describe_parameters__struct.hpp:26:11: note:   \xe2\x80\x98rcl_interfaces::srv\xe2\x80\x99\n'}
[3.248626] (screw_robot_control) StderrLine: {'line': b'   26 | namespace srv\n'}
[3.248647] (screw_robot_control) StderrLine: {'line': b'      |           ^~~\n'}
[3.248669] (screw_robot_control) StderrLine: {'line': b'/opt/ros/foxy/include/action_msgs/srv/detail/cancel_goal__struct.hpp:30:11: note:   \xe2\x80\x98action_msgs::srv\xe2\x80\x99\n'}
[3.248691] (screw_robot_control) StderrLine: {'line': b'   30 | namespace srv\n'}
[3.248712] (screw_robot_control) StderrLine: {'line': b'      |           ^~~\n'}
[3.248734] (screw_robot_control) StderrLine: {'line': b'/home/yanji/robot_screwing/src/screw_robot_control/src/right_arm_control.cpp:26:18: error: parse error in template argument list\n'}
[3.248756] (screw_robot_control) StderrLine: {'line': b'   26 |     srv_ = this->create_service<robot_msgs::srv::StartPose>(\n'}
[3.248778] (screw_robot_control) StderrLine: {'line': b'      |                  ^~~~~~~~~~~~~~~~~~~~~~~~~~~~~~~~~~~~~~~~~~\n'}
[3.248800] (screw_robot_control) StderrLine: {'line': b'In file included from /opt/ros/foxy/include/rclcpp/context.hpp:19,\n'}
[3.248822] (screw_robot_control) StderrLine: {'line': b'                 from /opt/ros/foxy/include/rclcpp/contexts/default_context.hpp:18,\n'}
[3.248844] (screw_robot_control) StderrLine: {'line': b'                 from /opt/ros/foxy/include/rclcpp/executor.hpp:32,\n'}
[3.248866] (screw_robot_control) StderrLine: {'line': b'                 from /opt/ros/foxy/include/rclcpp/executors/multi_threaded_executor.hpp:26,\n'}
[3.248889] (screw_robot_control) StderrLine: {'line': b'                 from /opt/ros/foxy/include/rclcpp/executors.hpp:21:\n'}
[3.248912] (screw_robot_control) StderrLine: {'line': b'/usr/include/c++/13/functional: In instantiation of \xe2\x80\x98struct std::_Bind_check_arity<void (right_arm::RobotAdmittanceControl::*)(int), right_arm::RobotAdmittanceControl*, const std::_Placeholder<1>&, const std::_Placeholder<2>&>\xe2\x80\x99:\n'}
[3.248936] (screw_robot_control) StderrLine: {'line': b'/usr/include/c++/13/functional:859:12:   required from \xe2\x80\x98struct std::_Bind_helper<false, void (right_arm::RobotAdmittanceControl::*)(int), right_arm::RobotAdmittanceControl*, const std::_Placeholder<1>&, const std::_Placeholder<2>&>\xe2\x80\x99\n'}
[3.248960] (screw_robot_control) StderrLine: {'line': b'/usr/include/c++/13/functional:881:5:   required by substitution of \xe2\x80\x98template<class _Func, class ... _BoundArgs> typename std::_Bind_helper<std::__is_socketlike<_Func>::value, _Func, _BoundArgs ...>::type std::bind(_Func&&, _BoundArgs&& ...) [with _Func = void (right_arm::RobotAdmittanceControl::*)(int); _BoundArgs = {right_arm::RobotAdmittanceControl*, const std::_Placeholder<1>&, const std::_Placeholder<2>&}]\xe2\x80\x99\n'}
[3.248984] (screw_robot_control) StderrLine: {'line': b'/home/yanji/robot_screwing/src/screw_robot_control/src/right_arm_control.cpp:27:27:   required from here\n'}
[3.249007] (screw_robot_control) StderrLine: {'line': b'/usr/include/c++/13/functional:847:21: error: static assertion failed: Wrong number of arguments for pointer-to-member\n'}
[3.249030] (screw_robot_control) StderrLine: {'line': b'  846 |       static_assert(_Varargs::value\n'}
[3.249053] (screw_robot_control) StderrLine: {'line': b'      |                               ~~~~~\n'}
[3.249090] (screw_robot_control) StderrLine: {'line': b'  847 |                     ? sizeof...(_BoundArgs) >= _Arity::value + 1\n'}
[3.249112] (screw_robot_control) StderrLine: {'line': b'      |                     ^~~~~~~~~~~~~~~~~~~~~~~~~~~~~~~~~~~~~~~~~~~~\n'}
[3.249134] (screw_robot_control) StderrLine: {'line': b'  848 |                     : sizeof...(_BoundArgs) == _Arity::value + 1,\n'}
[3.249157] (screw_robot_control) StderrLine: {'line': b'      |                     ~~~~~~~~~~~~~~~~~~~~~~~~~~~~~~~~~~~~~~~~~~~~\n'}
[3.249182] (screw_robot_control) StderrLine: {'line': b'/usr/include/c++/13/functional:847:21: note: \xe2\x80\x98(false ? (3 >= (((long unsigned int)std::integral_constant<long unsigned int, 1>::value) + 1)) : (3 == (((long unsigned int)std::integral_constant<long unsigned int, 1>::value) + 1)))\xe2\x80\x99 evaluates to false\n'}
[3.249206] (screw_robot_control) StderrLine: {'line': b'/home/yanji/robot_screwing/src/screw_robot_control/src/right_arm_control.cpp:26:60: error: no matching function for call to \xe2\x80\x98right_arm::RobotAdmittanceControl::create_service<<expression error> >(const char [10], std::_Bind_helper<false, void (right_arm::RobotAdmittanceControl::*)(int), right_arm::RobotAdmittanceControl*, const std::_Placeholder<1>&, const std::_Placeholder<2>&>::type)\xe2\x80\x99\n'}
[3.249232] (screw_robot_control) StderrLine: {'line': b'   26 |     srv_ = this->create_service<robot_msgs::srv::StartPose>(\n'}
[3.249256] (screw_robot_control) StderrLine: {'line': b'      |            ~~~~~~~~~~~~~~~~~~~~~~~~~~~~~~~~~~~~~~~~~~~~~~~~^\n'}
[3.249278] (screw_robot_control) StderrLine: {'line': b'   27 |     "get_param", std::bind(&RobotAdmittanceControl::ready_callback, this, std::placeholders::_1, std::placeholders::_2));\n'}
[3.249301] (screw_robot_control) StderrLine: {'line': b'      |     ~~~~~~~~~~~~~~~~~~~~~~~~~~~~~~~~~~~~~~~~~~~~~~~~~~~~~~~~~~~~~~~~~~~~~~~~~~~~~~~~~~~~~~~~~~~~~~~~~~~~~~~~~~~~~~~~~~~~\n'}
[3.249324] (screw_robot_control) StderrLine: {'line': b'/opt/ros/foxy/include/rclcpp/node.hpp:261:3: note: candidate: \xe2\x80\x98template<class ServiceT, class CallbackT> typename rclcpp::Service<ServiceT>::SharedPtr rclcpp::Node::create_service(const std::string&, CallbackT&&, const rmw_qos_profile_t&, rclcpp::CallbackGroup::SharedPtr)\xe2\x80\x99\n'}
[3.249348] (screw_robot_control) StderrLine: {'line': b'  261 |   create_service(\n'}
[3.249370] (screw_robot_control) StderrLine: {'line': b'      |   ^~~~~~~~~~~~~~\n'}
[3.249393] (screw_robot_control) StderrLine: {'line': b'/opt/ros/foxy/include/rclcpp/node.hpp:261:3: note:   template argument deduction/substitution failed:\n'}
[3.249414] (screw_robot_control) StderrLine: {'line': b'/home/yanji/robot_screwing/src/screw_robot_control/src/right_arm_control.cpp:26:60: error: template argument 1 is invalid\n'}
[3.249437] (screw_robot_control) StderrLine: {'line': b'   26 |     srv_ = this->create_service<robot_msgs::srv::StartPose>(\n'}
[3.249458] (screw_robot_control) StderrLine: {'line': b'      |            ~~~~~~~~~~~~~~~~~~~~~~~~~~~~~~~~~~~~~~~~~~~~~~~~^\n'}
[3.249480] (screw_robot_control) StderrLine: {'line': b'   27 |     "get_param", std::bind(&RobotAdmittanceControl::ready_callback, this, std::placeholders::_1, std::placeholders::_2));\n'}
[3.249503] (screw_robot_control) StderrLine: {'line': b'      |     ~~~~~~~~~~~~~~~~~~~~~~~~~~~~~~~~~~~~~~~~~~~~~~~~~~~~~~~~~~~~~~~~~~~~~~~~~~~~~~~~~~~~~~~~~~~~~~~~~~~~~~~~~~~~~~~~~~~~\n'}
[3.249525] (screw_robot_control) StderrLine: {'line': b'/home/yanji/robot_screwing/src/screw_robot_control/src/right_arm_control.cpp:53:5: error: \xe2\x80\x98cout\xe2\x80\x99 was not declared in this scope; did you mean \xe2\x80\x98std::cout\xe2\x80\x99?\n'}
[3.249547] (screw_robot_control) StderrLine: {'line': b'   53 |     cout << "k" << adm_k[0] <<endl;\n'}
[3.249570] (screw_robot_control) StderrLine: {'line': b'      |     ^~~~\n'}
[3.249591] (screw_robot_control) StderrLine: {'line': b'      |     std::cout\n'}
[3.249613] (screw_robot_control) StderrLine: {'line': b'In file included from /opt/ros/foxy/include/rclcpp/executor.hpp:22:\n'}
[3.249635] (screw_robot_control) StderrLine: {'line': b'/usr/include/c++/13/iostream:63:18: note: \xe2\x80\x98std::cout\xe2\x80\x99 declared here\n'}
[3.249656] (screw_robot_control) StderrLine: {'line': b'   63 |   extern ostream cout;          ///< Linked to standard output\n'}
[3.249678] (screw_robot_control) StderrLine: {'line': b'      |                  ^~~~\n'}
[3.249701] (screw_robot_control) StderrLine: {'line': b'/home/yanji/robot_screwing/src/screw_robot_control/src/right_arm_control.cpp:53:31: error: \xe2\x80\x98endl\xe2\x80\x99 was not declared in this scope; did you mean \xe2\x80\x98std::endl\xe2\x80\x99?\n'}
[3.249723] (screw_robot_control) StderrLine: {'line': b'   53 |     cout << "k" << adm_k[0] <<endl;\n'}
[3.249746] (screw_robot_control) StderrLine: {'line': b'      |                               ^~~~\n'}
[3.249768] (screw_robot_control) StderrLine: {'line': b'      |                               std::endl\n'}
[3.249790] (screw_robot_control) StderrLine: {'line': b'In file included from /usr/include/c++/13/iostream:41:\n'}
[3.249811] (screw_robot_control) StderrLine: {'line': b'/usr/include/c++/13/ostream:735:5: note: \xe2\x80\x98std::endl\xe2\x80\x99 declared here\n'}
[3.249834] (screw_robot_control) StderrLine: {'line': b'  735 |     endl(basic_ostream<_CharT, _Traits>& __os)\n'}
[3.249856] (screw_robot_control) StderrLine: {'line': b'      |     ^~~~\n'}
[3.249877] (screw_robot_control) StderrLine: {'line': b'/home/yanji/robot_screwing/src/screw_robot_control/src/right_arm_control.cpp:68:5: error: \xe2\x80\x98sleep\xe2\x80\x99 was not declared in this scope\n'}
[3.249899] (screw_robot_control) StderrLine: {'line': b'   68 |     sleep(1);\n'}
[3.249921] (screw_robot_control) StderrLine: {'line': b'      |     ^~~~~\n'}
[3.249943] (screw_robot_control) StderrLine: {'line': b'/home/yanji/robot_screwing/src/screw_robot_control/src/right_arm_control.cpp: At global scope:\n'}
[3.249965] (screw_robot_control) StderrLine: {'line': b'/home/yanji/robot_screwing/src/screw_robot_control/src/right_arm_control.cpp:117:70: error: \xe2\x80\x98ControlCommand\xe2\x80\x99 in namespace \xe2\x80\x98robot_msgs::msg\xe2\x80\x99 does not name a type\n'}
[3.249988] (screw_robot_control) StderrLine: {'line': b'  117 | void RobotAdmittanceControl::command_callback(const robot_msgs::msg::ControlCommand::SharedPtr msg) {\n'}
[3.250010] (screw_robot_control) StderrLine: {'line': b'      |                                                                      ^~~~~~~~~~~~~~\n'}
[3.250033] (screw_robot_control) StderrLine: {'line': b'/home/yanji/robot_screwing/src/screw_robot_control/src/right_arm_control.cpp:117:96: error: expected unqualified-id before \xe2\x80\x98msg\xe2\x80\x99\n'}
[3.250063] (screw_robot_control) StderrLine: {'line': b'  117 | void RobotAdmittanceControl::command_callback(const robot_msgs::msg::ControlCommand::SharedPtr msg) {\n'}
[3.250087] (screw_robot_control) StderrLine: {'line': b'      |                                                                                                ^~~\n'}
[3.250109] (screw_robot_control) StderrLine: {'line': b'/home/yanji/robot_screwing/src/screw_robot_control/src/right_arm_control.cpp:117:95: error: expected \xe2\x80\x98)\xe2\x80\x99 before \xe2\x80\x98msg\xe2\x80\x99\n'}
[3.250131] (screw_robot_control) StderrLine: {'line': b'  117 | void RobotAdmittanceControl::command_callback(const robot_msgs::msg::ControlCommand::SharedPtr msg) {\n'}
[3.250153] (screw_robot_control) StderrLine: {'line': b'      |                                              ~                                                ^~~~\n'}
[3.250174] (screw_robot_control) StderrLine: {'line': b'      |                                                                                               )\n'}
[3.250196] (screw_robot_control) StderrLine: {'line': b'/home/yanji/robot_screwing/src/screw_robot_control/src/right_arm_control.cpp:117:96: error: expected initializer before \xe2\x80\x98msg\xe2\x80\x99\n'}
[3.250217] (screw_robot_control) StderrLine: {'line': b'  117 | void RobotAdmittanceControl::command_callback(const robot_msgs::msg::ControlCommand::SharedPtr msg) {\n'}
[3.250240] (screw_robot_control) StderrLine: {'line': b'      |                                                                                                ^~~\n'}
[3.250262] (screw_robot_control) StderrLine: {'line': b'/home/yanji/robot_screwing/src/screw_robot_control/src/right_arm_control.cpp:125:41: error: \xe2\x80\x98srv\xe2\x80\x99 is not a member of \xe2\x80\x98robot_msgs\xe2\x80\x99\n'}
[3.250284] (screw_robot_control) StderrLine: {'line': b'  125 |       const std::shared_ptr<robot_msgs::srv::StartPose::Request>,\n'}
[3.250306] (screw_robot_control) StderrLine: {'line': b'      |                                         ^~~\n'}
[3.250327] (screw_robot_control) StderrLine: {'line': b'/home/yanji/robot_screwing/src/screw_robot_control/src/right_arm_control.cpp:125:41: note: suggested alternatives:\n'}
[3.250348] (screw_robot_control) StderrLine: {'line': b'/opt/ros/foxy/include/rcl_interfaces/srv/detail/describe_parameters__struct.hpp:26:11: note:   \xe2\x80\x98rcl_interfaces::srv\xe2\x80\x99\n'}
[3.250369] (screw_robot_control) StderrLine: {'line': b'   26 | namespace srv\n'}
[3.250390] (screw_robot_control) StderrLine: {'line': b'      |           ^~~\n'}
[3.250411] (screw_robot_control) StderrLine: {'line': b'/opt/ros/foxy/include/action_msgs/srv/detail/cancel_goal__struct.hpp:30:11: note:   \xe2\x80\x98action_msgs::srv\xe2\x80\x99\n'}
[3.250432] (screw_robot_control) StderrLine: {'line': b'   30 | namespace srv\n'}
[3.250454] (screw_robot_control) StderrLine: {'line': b'      |           ^~~\n'}
[3.250476] (screw_robot_control) StderrLine: {'line': b'/home/yanji/robot_screwing/src/screw_robot_control/src/right_arm_control.cpp:125:41: error: \xe2\x80\x98srv\xe2\x80\x99 is not a member of \xe2\x80\x98robot_msgs\xe2\x80\x99\n'}
[3.250499] (screw_robot_control) StderrLine: {'line': b'  125 |       const std::shared_ptr<robot_msgs::srv::StartPose::Request>,\n'}
[3.250522] (screw_robot_control) StderrLine: {'line': b'      |                                         ^~~\n'}
[3.250544] (screw_robot_control) StderrLine: {'line': b'/home/yanji/robot_screwing/src/screw_robot_control/src/right_arm_control.cpp:125:41: note: suggested alternatives:\n'}
[3.250567] (screw_robot_control) StderrLine: {'line': b'/opt/ros/foxy/include/rcl_interfaces/srv/detail/describe_parameters__struct.hpp:26:11: note:   \xe2\x80\x98rcl_interfaces::srv\xe2\x80\x99\n'}
[3.250589] (screw_robot_control) StderrLine: {'line': b'   26 | namespace srv\n'}
[3.250612] (screw_robot_control) StderrLine: {'line': b'      |           ^~~\n'}
[3.250633] (screw_robot_control) StderrLine: {'line': b'/opt/ros/foxy/include/action_msgs/srv/detail/cancel_goal__struct.hpp:30:11: note:   \xe2\x80\x98action_msgs::srv\xe2\x80\x99\n'}
[3.250655] (screw_robot_control) StderrLine: {'line': b'   30 | namespace srv\n'}
[3.250676] (screw_robot_control) StderrLine: {'line': b'      |           ^~~\n'}
[3.250698] (screw_robot_control) StderrLine: {'line': b'/home/yanji/robot_screwing/src/screw_robot_control/src/right_arm_control.cpp:125:64: error: template argument 1 is invalid\n'}
[3.250721] (screw_robot_control) StderrLine: {'line': b'  125 |       const std::shared_ptr<robot_msgs::srv::StartPose::Request>,\n'}
[3.250742] (screw_robot_control) StderrLine: {'line': b'      |                                                                ^\n'}
[3.250764] (screw_robot_control) StderrLine: {'line': b'/home/yanji/robot_screwing/src/screw_robot_control/src/right_arm_control.cpp:125:41: error: \xe2\x80\x98srv\xe2\x80\x99 is not a member of \xe2\x80\x98robot_msgs\xe2\x80\x99\n'}
[3.250786] (screw_robot_control) StderrLine: {'line': b'  125 |       const std::shared_ptr<robot_msgs::srv::StartPose::Request>,\n'}
[3.250811] (screw_robot_control) StderrLine: {'line': b'      |                                         ^~~\n'}
[3.250834] (screw_robot_control) StderrLine: {'line': b'/home/yanji/robot_screwing/src/screw_robot_control/src/right_arm_control.cpp:125:41: note: suggested alternatives:\n'}
[3.250855] (screw_robot_control) StderrLine: {'line': b'/opt/ros/foxy/include/rcl_interfaces/srv/detail/describe_parameters__struct.hpp:26:11: note:   \xe2\x80\x98rcl_interfaces::srv\xe2\x80\x99\n'}
[3.250877] (screw_robot_control) StderrLine: {'line': b'   26 | namespace srv\n'}
[3.250899] (screw_robot_control) StderrLine: {'line': b'      |           ^~~\n'}
[3.250921] (screw_robot_control) StderrLine: {'line': b'/opt/ros/foxy/include/action_msgs/srv/detail/cancel_goal__struct.hpp:30:11: note:   \xe2\x80\x98action_msgs::srv\xe2\x80\x99\n'}
[3.250943] (screw_robot_control) StderrLine: {'line': b'   30 | namespace srv\n'}
[3.250964] (screw_robot_control) StderrLine: {'line': b'      |           ^~~\n'}
[3.250986] (screw_robot_control) StderrLine: {'line': b'/home/yanji/robot_screwing/src/screw_robot_control/src/right_arm_control.cpp:125:41: error: \xe2\x80\x98srv\xe2\x80\x99 is not a member of \xe2\x80\x98robot_msgs\xe2\x80\x99\n'}
[3.251009] (screw_robot_control) StderrLine: {'line': b'  125 |       const std::shared_ptr<robot_msgs::srv::StartPose::Request>,\n'}
[3.251032] (screw_robot_control) StderrLine: {'line': b'      |                                         ^~~\n'}
[3.251059] (screw_robot_control) StderrLine: {'line': b'/home/yanji/robot_screwing/src/screw_robot_control/src/right_arm_control.cpp:125:41: note: suggested alternatives:\n'}
[3.251083] (screw_robot_control) StderrLine: {'line': b'/opt/ros/foxy/include/rcl_interfaces/srv/detail/describe_parameters__struct.hpp:26:11: note:   \xe2\x80\x98rcl_interfaces::srv\xe2\x80\x99\n'}
[3.251105] (screw_robot_control) StderrLine: {'line': b'   26 | namespace srv\n'}
[3.251128] (screw_robot_control) StderrLine: {'line': b'      |           ^~~\n'}
[3.251149] (screw_robot_control) StderrLine: {'line': b'/opt/ros/foxy/include/action_msgs/srv/detail/cancel_goal__struct.hpp:30:11: note:   \xe2\x80\x98action_msgs::srv\xe2\x80\x99\n'}
[3.251171] (screw_robot_control) StderrLine: {'line': b'   30 | namespace srv\n'}
[3.251192] (screw_robot_control) StderrLine: {'line': b'      |           ^~~\n'}
[3.251214] (screw_robot_control) StderrLine: {'line': b'/home/yanji/robot_screwing/src/screw_robot_control/src/right_arm_control.cpp:125:64: error: template argument 1 is invalid\n'}
[3.251235] (screw_robot_control) StderrLine: {'line': b'  125 |       const std::shared_ptr<robot_msgs::srv::StartPose::Request>,\n'}
[3.251256] (screw_robot_control) StderrLine: {'line': b'      |                                                                ^\n'}
[3.251278] (screw_robot_control) StderrLine: {'line': b'/home/yanji/robot_screwing/src/screw_robot_control/src/right_arm_control.cpp:125:41: error: \xe2\x80\x98srv\xe2\x80\x99 is not a member of \xe2\x80\x98robot_msgs\xe2\x80\x99\n'}
[3.251300] (screw_robot_control) StderrLine: {'line': b'  125 |       const std::shared_ptr<robot_msgs::srv::StartPose::Request>,\n'}
[3.251321] (screw_robot_control) StderrLine: {'line': b'      |                                         ^~~\n'}
[3.251342] (screw_robot_control) StderrLine: {'line': b'/home/yanji/robot_screwing/src/screw_robot_control/src/right_arm_control.cpp:125:41: note: suggested alternatives:\n'}
[3.251364] (screw_robot_control) StderrLine: {'line': b'/opt/ros/foxy/include/rcl_interfaces/srv/detail/describe_parameters__struct.hpp:26:11: note:   \xe2\x80\x98rcl_interfaces::srv\xe2\x80\x99\n'}
[3.251385] (screw_robot_control) StderrLine: {'line': b'   26 | namespace srv\n'}
[3.251406] (screw_robot_control) StderrLine: {'line': b'      |           ^~~\n'}
[3.251428] (screw_robot_control) StderrLine: {'line': b'/opt/ros/foxy/include/action_msgs/srv/detail/cancel_goal__struct.hpp:30:11: note:   \xe2\x80\x98action_msgs::srv\xe2\x80\x99\n'}
[3.251450] (screw_robot_control) StderrLine: {'line': b'   30 | namespace srv\n'}
[3.251471] (screw_robot_control) StderrLine: {'line': b'      |           ^~~\n'}
[3.251492] (screw_robot_control) StderrLine: {'line': b'/home/yanji/robot_screwing/src/screw_robot_control/src/right_arm_control.cpp:125:41: error: \xe2\x80\x98srv\xe2\x80\x99 is not a member of \xe2\x80\x98robot_msgs\xe2\x80\x99\n'}
[3.251512] (screw_robot_control) StderrLine: {'line': b'  125 |       const std::shared_ptr<robot_msgs::srv::StartPose::Request>,\n'}
[3.251534] (screw_robot_control) StderrLine: {'line': b'      |                                         ^~~\n'}
[3.251555] (screw_robot_control) StderrLine: {'line': b'/home/yanji/robot_screwing/src/screw_robot_control/src/right_arm_control.cpp:125:41: note: suggested alternatives:\n'}
[3.251577] (screw_robot_control) StderrLine: {'line': b'/opt/ros/foxy/include/rcl_interfaces/srv/detail/describe_parameters__struct.hpp:26:11: note:   \xe2\x80\x98rcl_interfaces::srv\xe2\x80\x99\n'}
[3.251598] (screw_robot_control) StderrLine: {'line': b'   26 | namespace srv\n'}
[3.251621] (screw_robot_control) StderrLine: {'line': b'      |           ^~~\n'}
[3.251644] (screw_robot_control) StderrLine: {'line': b'/opt/ros/foxy/include/action_msgs/srv/detail/cancel_goal__struct.hpp:30:11: note:   \xe2\x80\x98action_msgs::srv\xe2\x80\x99\n'}
[3.251667] (screw_robot_control) StderrLine: {'line': b'   30 | namespace srv\n'}
[3.251689] (screw_robot_control) StderrLine: {'line': b'      |           ^~~\n'}
[3.251711] (screw_robot_control) StderrLine: {'line': b'/home/yanji/robot_screwing/src/screw_robot_control/src/right_arm_control.cpp:125:64: error: template argument 1 is invalid\n'}
[3.251733] (screw_robot_control) StderrLine: {'line': b'  125 |       const std::shared_ptr<robot_msgs::srv::StartPose::Request>,\n'}
[3.251754] (screw_robot_control) StderrLine: {'line': b'      |                                                                ^\n'}
[3.251776] (screw_robot_control) StderrLine: {'line': b'/home/yanji/robot_screwing/src/screw_robot_control/src/right_arm_control.cpp:125:41: error: \xe2\x80\x98srv\xe2\x80\x99 is not a member of \xe2\x80\x98robot_msgs\xe2\x80\x99\n'}
[3.251797] (screw_robot_control) StderrLine: {'line': b'  125 |       const std::shared_ptr<robot_msgs::srv::StartPose::Request>,\n'}
[3.251818] (screw_robot_control) StderrLine: {'line': b'      |                                         ^~~\n'}
[3.251840] (screw_robot_control) StderrLine: {'line': b'/home/yanji/robot_screwing/src/screw_robot_control/src/right_arm_control.cpp:125:41: note: suggested alternatives:\n'}
[3.251861] (screw_robot_control) StderrLine: {'line': b'/opt/ros/foxy/include/rcl_interfaces/srv/detail/describe_parameters__struct.hpp:26:11: note:   \xe2\x80\x98rcl_interfaces::srv\xe2\x80\x99\n'}
[3.251883] (screw_robot_control) StderrLine: {'line': b'   26 | namespace srv\n'}
[3.251907] (screw_robot_control) StderrLine: {'line': b'      |           ^~~\n'}
[3.251928] (screw_robot_control) StderrLine: {'line': b'/opt/ros/foxy/include/action_msgs/srv/detail/cancel_goal__struct.hpp:30:11: note:   \xe2\x80\x98action_msgs::srv\xe2\x80\x99\n'}
[3.251950] (screw_robot_control) StderrLine: {'line': b'   30 | namespace srv\n'}
[3.251971] (screw_robot_control) StderrLine: {'line': b'      |           ^~~\n'}
[3.251994] (screw_robot_control) StderrLine: {'line': b'/home/yanji/robot_screwing/src/screw_robot_control/src/right_arm_control.cpp:125:41: error: \xe2\x80\x98srv\xe2\x80\x99 is not a member of \xe2\x80\x98robot_msgs\xe2\x80\x99\n'}
[3.252016] (screw_robot_control) StderrLine: {'line': b'  125 |       const std::shared_ptr<robot_msgs::srv::StartPose::Request>,\n'}
[3.252038] (screw_robot_control) StderrLine: {'line': b'      |                                         ^~~\n'}
[3.252063] (screw_robot_control) StderrLine: {'line': b'/home/yanji/robot_screwing/src/screw_robot_control/src/right_arm_control.cpp:125:41: note: suggested alternatives:\n'}
[3.252086] (screw_robot_control) StderrLine: {'line': b'/opt/ros/foxy/include/rcl_interfaces/srv/detail/describe_parameters__struct.hpp:26:11: note:   \xe2\x80\x98rcl_interfaces::srv\xe2\x80\x99\n'}
[3.252107] (screw_robot_control) StderrLine: {'line': b'   26 | namespace srv\n'}
[3.252129] (screw_robot_control) StderrLine: {'line': b'      |           ^~~\n'}
[3.252151] (screw_robot_control) StderrLine: {'line': b'/opt/ros/foxy/include/action_msgs/srv/detail/cancel_goal__struct.hpp:30:11: note:   \xe2\x80\x98action_msgs::srv\xe2\x80\x99\n'}
[3.252174] (screw_robot_control) StderrLine: {'line': b'   30 | namespace srv\n'}
[3.252196] (screw_robot_control) StderrLine: {'line': b'      |           ^~~\n'}
[3.252218] (screw_robot_control) StderrLine: {'line': b'/home/yanji/robot_screwing/src/screw_robot_control/src/right_arm_control.cpp:125:64: error: template argument 1 is invalid\n'}
[3.252240] (screw_robot_control) StderrLine: {'line': b'  125 |       const std::shared_ptr<robot_msgs::srv::StartPose::Request>,\n'}
[3.252261] (screw_robot_control) StderrLine: {'line': b'      |                                                                ^\n'}
[3.252282] (screw_robot_control) StderrLine: {'line': b'/home/yanji/robot_screwing/src/screw_robot_control/src/right_arm_control.cpp:125:41: error: \xe2\x80\x98srv\xe2\x80\x99 is not a member of \xe2\x80\x98robot_msgs\xe2\x80\x99\n'}
[3.252304] (screw_robot_control) StderrLine: {'line': b'  125 |       const std::shared_ptr<robot_msgs::srv::StartPose::Request>,\n'}
[3.252325] (screw_robot_control) StderrLine: {'line': b'      |                                         ^~~\n'}
[3.252347] (screw_robot_control) StderrLine: {'line': b'/home/yanji/robot_screwing/src/screw_robot_control/src/right_arm_control.cpp:125:41: note: suggested alternatives:\n'}
[3.252369] (screw_robot_control) StderrLine: {'line': b'/opt/ros/foxy/include/rcl_interfaces/srv/detail/describe_parameters__struct.hpp:26:11: note:   \xe2\x80\x98rcl_interfaces::srv\xe2\x80\x99\n'}
[3.252391] (screw_robot_control) StderrLine: {'line': b'   26 | namespace srv\n'}
[3.252412] (screw_robot_control) StderrLine: {'line': b'      |           ^~~\n'}
[3.252434] (screw_robot_control) StderrLine: {'line': b'/opt/ros/foxy/include/action_msgs/srv/detail/cancel_goal__struct.hpp:30:11: note:   \xe2\x80\x98action_msgs::srv\xe2\x80\x99\n'}
[3.252456] (screw_robot_control) StderrLine: {'line': b'   30 | namespace srv\n'}
[3.252477] (screw_robot_control) StderrLine: {'line': b'      |           ^~~\n'}
[3.252499] (screw_robot_control) StderrLine: {'line': b'/home/yanji/robot_screwing/src/screw_robot_control/src/right_arm_control.cpp:125:41: error: \xe2\x80\x98srv\xe2\x80\x99 is not a member of \xe2\x80\x98robot_msgs\xe2\x80\x99\n'}
[3.252521] (screw_robot_control) StderrLine: {'line': b'  125 |       const std::shared_ptr<robot_msgs::srv::StartPose::Request>,\n'}
[3.252543] (screw_robot_control) StderrLine: {'line': b'      |                                         ^~~\n'}
[3.252566] (screw_robot_control) StderrLine: {'line': b'/home/yanji/robot_screwing/src/screw_robot_control/src/right_arm_control.cpp:125:41: note: suggested alternatives:\n'}
[3.252587] (screw_robot_control) StderrLine: {'line': b'/opt/ros/foxy/include/rcl_interfaces/srv/detail/describe_parameters__struct.hpp:26:11: note:   \xe2\x80\x98rcl_interfaces::srv\xe2\x80\x99\n'}
[3.252608] (screw_robot_control) StderrLine: {'line': b'   26 | namespace srv\n'}
[3.252630] (screw_robot_control) StderrLine: {'line': b'      |           ^~~\n'}
[3.252652] (screw_robot_control) StderrLine: {'line': b'/opt/ros/foxy/include/action_msgs/srv/detail/cancel_goal__struct.hpp:30:11: note:   \xe2\x80\x98action_msgs::srv\xe2\x80\x99\n'}
[3.252674] (screw_robot_control) StderrLine: {'line': b'   30 | namespace srv\n'}
[3.252694] (screw_robot_control) StderrLine: {'line': b'      |           ^~~\n'}
[3.252715] (screw_robot_control) StderrLine: {'line': b'/home/yanji/robot_screwing/src/screw_robot_control/src/right_arm_control.cpp:125:64: error: template argument 1 is invalid\n'}
[3.252737] (screw_robot_control) StderrLine: {'line': b'  125 |       const std::shared_ptr<robot_msgs::srv::StartPose::Request>,\n'}
[3.252758] (screw_robot_control) StderrLine: {'line': b'      |                                                                ^\n'}
[3.252780] (screw_robot_control) StderrLine: {'line': b'/home/yanji/robot_screwing/src/screw_robot_control/src/right_arm_control.cpp:125:13: error: invalid use of template-name \xe2\x80\x98std::shared_ptr\xe2\x80\x99 without an argument list\n'}
[3.252801] (screw_robot_control) StderrLine: {'line': b'  125 |       const std::shared_ptr<robot_msgs::srv::StartPose::Request>,\n'}
[3.252823] (screw_robot_control) StderrLine: {'line': b'      |             ^~~\n'}
[3.252845] (screw_robot_control) StderrLine: {'line': b'/home/yanji/robot_screwing/src/screw_robot_control/src/right_arm_control.cpp:125:13: note: class template argument deduction is only available with \xe2\x80\x98-std=c++17\xe2\x80\x99 or \xe2\x80\x98-std=gnu++17\xe2\x80\x99\n'}
[3.252867] (screw_robot_control) StderrLine: {'line': b'/usr/include/c++/13/bits/shared_ptr_base.h:395:11: note: \xe2\x80\x98template<class _Tp> class std::shared_ptr\xe2\x80\x99 declared here\n'}
[3.252889] (screw_robot_control) StderrLine: {'line': b'  395 |     class shared_ptr;\n'}
[3.252911] (screw_robot_control) StderrLine: {'line': b'      |           ^~~~~~~~~~\n'}
[3.252932] (screw_robot_control) StderrLine: {'line': b'/home/yanji/robot_screwing/src/screw_robot_control/src/right_arm_control.cpp:125:28: error: expected \xe2\x80\x98,\xe2\x80\x99 or \xe2\x80\x98...\xe2\x80\x99 before \xe2\x80\x98<\xe2\x80\x99 token\n'}
[3.252954] (screw_robot_control) StderrLine: {'line': b'  125 |       const std::shared_ptr<robot_msgs::srv::StartPose::Request>,\n'}
[3.252975] (screw_robot_control) StderrLine: {'line': b'      |                            ^\n'}
[3.252996] (screw_robot_control) StderrLine: {'line': b'/home/yanji/robot_screwing/src/screw_robot_control/src/right_arm_control.cpp: In member function \xe2\x80\x98void right_arm::RobotAdmittanceControl::ready_callback(int)\xe2\x80\x99:\n'}
[3.253017] (screw_robot_control) StderrLine: {'line': b'/home/yanji/robot_screwing/src/screw_robot_control/src/right_arm_control.cpp:134:5: error: \xe2\x80\x98response\xe2\x80\x99 was not declared in this scope\n'}
[3.253039] (screw_robot_control) StderrLine: {'line': b'  134 |     response->success = true;\n'}
[3.253066] (screw_robot_control) StderrLine: {'line': b'      |     ^~~~~~~~\n'}
[3.253089] (screw_robot_control) StderrLine: {'line': b'/home/yanji/robot_screwing/src/screw_robot_control/src/right_arm_control.cpp: In member function \xe2\x80\x98void right_arm::RobotAdmittanceControl::print_eef(char)\xe2\x80\x99:\n'}
[3.253110] (screw_robot_control) StderrLine: {'line': b'/home/yanji/robot_screwing/src/screw_robot_control/src/right_arm_control.cpp:268:3: error: \xe2\x80\x98cout\xe2\x80\x99 was not declared in this scope; did you mean \xe2\x80\x98std::cout\xe2\x80\x99?\n'}
[3.253134] (screw_robot_control) StderrLine: {'line': b'  268 |   cout << "eef_offset" << eef_offset << endl;\n'}
[3.253156] (screw_robot_control) StderrLine: {'line': b'      |   ^~~~\n'}
[3.253179] (screw_robot_control) StderrLine: {'line': b'      |   std::cout\n'}
[3.253200] (screw_robot_control) StderrLine: {'line': b'/usr/include/c++/13/iostream:63:18: note: \xe2\x80\x98std::cout\xe2\x80\x99 declared here\n'}
[3.253223] (screw_robot_control) StderrLine: {'line': b'   63 |   extern ostream cout;          ///< Linked to standard output\n'}
[3.253244] (screw_robot_control) StderrLine: {'line': b'      |                  ^~~~\n'}
[3.253266] (screw_robot_control) StderrLine: {'line': b'/home/yanji/robot_screwing/src/screw_robot_control/src/right_arm_control.cpp:268:41: error: \xe2\x80\x98endl\xe2\x80\x99 was not declared in this scope; did you mean \xe2\x80\x98std::endl\xe2\x80\x99?\n'}
[3.253287] (screw_robot_control) StderrLine: {'line': b'  268 |   cout << "eef_offset" << eef_offset << endl;\n'}
[3.253309] (screw_robot_control) StderrLine: {'line': b'      |                                         ^~~~\n'}
[3.253331] (screw_robot_control) StderrLine: {'line': b'      |                                         std::endl\n'}
[3.253352] (screw_robot_control) StderrLine: {'line': b'/usr/include/c++/13/ostream:735:5: note: \xe2\x80\x98std::endl\xe2\x80\x99 declared here\n'}
[3.253373] (screw_robot_control) StderrLine: {'line': b'  735 |     endl(basic_ostream<_CharT, _Traits>& __os)\n'}
[3.253395] (screw_robot_control) StderrLine: {'line': b'      |     ^~~~\n'}
[3.253416] (screw_robot_control) StderrLine: {'line': b'/home/yanji/robot_screwing/src/screw_robot_control/src/right_arm_control.cpp: In member function \xe2\x80\x98void right_arm::RobotAdmittanceControl::tcp_admittance_run()\xe2\x80\x99:\n'}
[3.253438] (screw_robot_control) StderrLine: {'line': b'/home/yanji/robot_screwing/src/screw_robot_control/src/right_arm_control.cpp:287:3: error: \xe2\x80\x98cout\xe2\x80\x99 was not declared in this scope; did you mean \xe2\x80\x98std::cout\xe2\x80\x99?\n'}
[3.253460] (screw_robot_control) StderrLine: {'line': b'  287 |   cout << "eef_offset" << eef_offset << endl;\n'}
[3.253482] (screw_robot_control) StderrLine: {'line': b'      |   ^~~~\n'}
[3.253504] (screw_robot_control) StderrLine: {'line': b'      |   std::cout\n'}
[3.253527] (screw_robot_control) StderrLine: {'line': b'/usr/include/c++/13/iostream:63:18: note: \xe2\x80\x98std::cout\xe2\x80\x99 declared here\n'}
[3.253548] (screw_robot_control) StderrLine: {'line': b'   63 |   extern ostream cout;          ///< Linked to standard output\n'}
[3.253570] (screw_robot_control) StderrLine: {'line': b'      |                  ^~~~\n'}
[3.253593] (screw_robot_control) StderrLine: {'line': b'/home/yanji/robot_screwing/src/screw_robot_control/src/right_arm_control.cpp:287:41: error: \xe2\x80\x98endl\xe2\x80\x99 was not declared in this scope; did you mean \xe2\x80\x98std::endl\xe2\x80\x99?\n'}
[3.253614] (screw_robot_control) StderrLine: {'line': b'  287 |   cout << "eef_offset" << eef_offset << endl;\n'}
[3.253636] (screw_robot_control) StderrLine: {'line': b'      |                                         ^~~~\n'}
[3.253658] (screw_robot_control) StderrLine: {'line': b'      |                                         std::endl\n'}
[3.253680] (screw_robot_control) StderrLine: {'line': b'/usr/include/c++/13/ostream:735:5: note: \xe2\x80\x98std::endl\xe2\x80\x99 declared here\n'}
[3.253703] (screw_robot_control) StderrLine: {'line': b'  735 |     endl(basic_ostream<_CharT, _Traits>& __os)\n'}
[3.253725] (screw_robot_control) StderrLine: {'line': b'      |     ^~~~\n'}
[3.253747] (screw_robot_control) StderrLine: {'line': b'/home/yanji/robot_screwing/src/screw_robot_control/src/right_arm_control.cpp:296:29: error: \xe2\x80\x98ros\xe2\x80\x99 has not been declared\n'}
[3.253769] (screw_robot_control) StderrLine: {'line': b'  296 |   while ((item < 7000) &&  (ros::ok()))\n'}
[3.253791] (screw_robot_control) StderrLine: {'line': b'      |                             ^~~\n'}
[3.253815] (screw_robot_control) StderrLine: {'line': b'/home/yanji/robot_screwing/src/screw_robot_control/src/right_arm_control.cpp: In member function \xe2\x80\x98void right_arm::RobotAdmittanceControl::linear_search(char)\xe2\x80\x99:\n'}
[3.253837] (screw_robot_control) StderrLine: {'line': b'/home/yanji/robot_screwing/src/screw_robot_control/src/right_arm_control.cpp:385:3: error: \xe2\x80\x98cout\xe2\x80\x99 was not declared in this scope; did you mean \xe2\x80\x98std::cout\xe2\x80\x99?\n'}
[3.253861] (screw_robot_control) StderrLine: {'line': b'  385 |   cout << "eef_offset" << eef_offset << endl;\n'}
[3.253883] (screw_robot_control) StderrLine: {'line': b'      |   ^~~~\n'}
[3.253904] (screw_robot_control) StderrLine: {'line': b'      |   std::cout\n'}
[3.253926] (screw_robot_control) StderrLine: {'line': b'/usr/include/c++/13/iostream:63:18: note: \xe2\x80\x98std::cout\xe2\x80\x99 declared here\n'}
[3.253948] (screw_robot_control) StderrLine: {'line': b'   63 |   extern ostream cout;          ///< Linked to standard output\n'}
[3.253971] (screw_robot_control) StderrLine: {'line': b'      |                  ^~~~\n'}
[3.254002] (screw_robot_control) StderrLine: {'line': b'/home/yanji/robot_screwing/src/screw_robot_control/src/right_arm_control.cpp:385:41: error: \xe2\x80\x98endl\xe2\x80\x99 was not declared in this scope; did you mean \xe2\x80\x98std::endl\xe2\x80\x99?\n'}
[3.254028] (screw_robot_control) StderrLine: {'line': b'  385 |   cout << "eef_offset" << eef_offset << endl;\n'}
[3.254051] (screw_robot_control) StderrLine: {'line': b'      |                                         ^~~~\n'}
[3.254079] (screw_robot_control) StderrLine: {'line': b'      |                                         std::endl\n'}
[3.254102] (screw_robot_control) StderrLine: {'line': b'/usr/include/c++/13/ostream:735:5: note: \xe2\x80\x98std::endl\xe2\x80\x99 declared here\n'}
[3.254124] (screw_robot_control) StderrLine: {'line': b'  735 |     endl(basic_ostream<_CharT, _Traits>& __os)\n'}
[3.254146] (screw_robot_control) StderrLine: {'line': b'      |     ^~~~\n'}
[3.254180] (screw_robot_control) StderrLine: {'line': b'/home/yanji/robot_screwing/src/screw_robot_control/src/right_arm_control.cpp:398:28: error: \xe2\x80\x98ros\xe2\x80\x99 has not been declared\n'}
[3.254202] (screw_robot_control) StderrLine: {'line': b'  398 |   while ((item < 7000) && (ros::ok()))\n'}
[3.254224] (screw_robot_control) StderrLine: {'line': b'      |                            ^~~\n'}
[3.254247] (screw_robot_control) StderrLine: {'line': b'/home/yanji/robot_screwing/src/screw_robot_control/src/right_arm_control.cpp:417:7: error: \xe2\x80\x98pose_p\xe2\x80\x99 was not declared in this scope\n'}
[3.254269] (screw_robot_control) StderrLine: {'line': b'  417 |       pose_p.X = eef_pos[0];\n'}
[3.254291] (screw_robot_control) StderrLine: {'line': b'      |       ^~~~~~\n'}
[3.254313] (screw_robot_control) StderrLine: {'line': b'/home/yanji/robot_screwing/src/screw_robot_control/src/right_arm_control.cpp:427:7: error: \xe2\x80\x98pos_pub_6\xe2\x80\x99 was not declared in this scope\n'}
[3.254337] (screw_robot_control) StderrLine: {'line': b'  427 |       pos_pub_6.publish(pose_p);\n'}
[3.254359] (screw_robot_control) StderrLine: {'line': b'      |       ^~~~~~~~~\n'}
[3.254381] (screw_robot_control) StderrLine: {'line': b'/home/yanji/robot_screwing/src/screw_robot_control/src/right_arm_control.cpp: In member function \xe2\x80\x98void right_arm::RobotAdmittanceControl::passive_fine()\xe2\x80\x99:\n'}
[3.254405] (screw_robot_control) StderrLine: {'line': b'/home/yanji/robot_screwing/src/screw_robot_control/src/right_arm_control.cpp:478:3: error: \xe2\x80\x98screw_execute_status\xe2\x80\x99 was not declared in this scope; did you mean \xe2\x80\x98screw_execute_status_\xe2\x80\x99?\n'}
[3.254428] (screw_robot_control) StderrLine: {'line': b'  478 |   screw_execute_status = 2; //\xe5\x88\x9d\xe5\xa7\x8b\xe5\x8c\x96\xef\xbc\x8c\xe8\x82\xaf\xe5\xae\x9a\xe6\x98\xaf\xe6\x9c\xaa\xe8\xbf\x90\xe8\xa1\x8c\xe7\x9a\x84\xef\xbc\x9b\n'}
[3.254452] (screw_robot_control) StderrLine: {'line': b'      |   ^~~~~~~~~~~~~~~~~~~~\n'}
[3.254474] (screw_robot_control) StderrLine: {'line': b'      |   screw_execute_status_\n'}
[3.254495] (screw_robot_control) StderrLine: {'line': b'/home/yanji/robot_screwing/src/screw_robot_control/src/right_arm_control.cpp:481:3: error: \xe2\x80\x98screw_execute_result\xe2\x80\x99 was not declared in this scope; did you mean \xe2\x80\x98screw_execute_result_\xe2\x80\x99?\n'}
[3.254519] (screw_robot_control) StderrLine: {'line': b'  481 |   screw_execute_result = 9; //\xe4\xb8\x8d\xe9\x9c\x80\xe8\xa6\x81\xe5\xaf\xb9\xe5\x85\xb6\xe8\xbf\x9b\xe8\xa1\x8c\xe5\x88\x9d\xe5\xa7\x8b\xe5\x8c\x96\xef\xbc\x8c\xe4\xb8\x80\xe5\xbc\x80\xe5\xa7\x8b\xe4\xbb\x96\xe6\xb2\xa1\xe6\x9c\x89\xe7\xbb\x93\xe6\x9e\x9c\n'}
[3.254541] (screw_robot_control) StderrLine: {'line': b'      |   ^~~~~~~~~~~~~~~~~~~~\n'}
[3.254563] (screw_robot_control) StderrLine: {'line': b'      |   screw_execute_result_\n'}
[3.254586] (screw_robot_control) StderrLine: {'line': b'/home/yanji/robot_screwing/src/screw_robot_control/src/right_arm_control.cpp:482:3: error: \xe2\x80\x98real_robot_control\xe2\x80\x99 has not been declared\n'}
[3.254608] (screw_robot_control) StderrLine: {'line': b'  482 |   real_robot_control::screwGoal goal;\n'}
[3.254631] (screw_robot_control) StderrLine: {'line': b'      |   ^~~~~~~~~~~~~~~~~~\n'}
[3.254652] (screw_robot_control) StderrLine: {'line': b'/home/yanji/robot_screwing/src/screw_robot_control/src/right_arm_control.cpp:487:10: error: \xe2\x80\x98ros\xe2\x80\x99 has not been declared\n'}
[3.254674] (screw_robot_control) StderrLine: {'line': b'  487 |   while (ros::ok()){\n'}
[3.254696] (screw_robot_control) StderrLine: {'line': b'      |          ^~~\n'}
[3.254717] (screw_robot_control) StderrLine: {'line': b'/home/yanji/robot_screwing/src/screw_robot_control/src/right_arm_control.cpp:491:11: error: \xe2\x80\x98cout\xe2\x80\x99 was not declared in this scope; did you mean \xe2\x80\x98std::cout\xe2\x80\x99?\n'}
[3.254740] (screw_robot_control) StderrLine: {'line': b'  491 |           cout << "\xe8\xa3\x85\xe9\x85\x8d\xe5\xae\x8c\xe6\x88\x90\xef\xbc\x8c\xe9\x80\x80\xe5\x87\xba" << endl;\n'}
[3.254763] (screw_robot_control) StderrLine: {'line': b'      |           ^~~~\n'}
[3.254785] (screw_robot_control) StderrLine: {'line': b'      |           std::cout\n'}
[3.254809] (screw_robot_control) StderrLine: {'line': b'/usr/include/c++/13/iostream:63:18: note: \xe2\x80\x98std::cout\xe2\x80\x99 declared here\n'}
[3.254830] (screw_robot_control) StderrLine: {'line': b'   63 |   extern ostream cout;          ///< Linked to standard output\n'}
[3.254852] (screw_robot_control) StderrLine: {'line': b'      |                  ^~~~\n'}
[3.254874] (screw_robot_control) StderrLine: {'line': b'/home/yanji/robot_screwing/src/screw_robot_control/src/right_arm_control.cpp:491:39: error: \xe2\x80\x98endl\xe2\x80\x99 was not declared in this scope; did you mean \xe2\x80\x98std::endl\xe2\x80\x99?\n'}
[3.254897] (screw_robot_control) StderrLine: {'line': b'  491 |           cout << "\xe8\xa3\x85\xe9\x85\x8d\xe5\xae\x8c\xe6\x88\x90\xef\xbc\x8c\xe9\x80\x80\xe5\x87\xba" << endl;\n'}
[3.254920] (screw_robot_control) StderrLine: {'line': b'      |                                       ^~~~\n'}
[3.254942] (screw_robot_control) StderrLine: {'line': b'      |                                       std::endl\n'}
[3.254964] (screw_robot_control) StderrLine: {'line': b'/usr/include/c++/13/ostream:735:5: note: \xe2\x80\x98std::endl\xe2\x80\x99 declared here\n'}
[3.254987] (screw_robot_control) StderrLine: {'line': b'  735 |     endl(basic_ostream<_CharT, _Traits>& __os)\n'}
[3.255009] (screw_robot_control) StderrLine: {'line': b'      |     ^~~~\n'}
[3.255032] (screw_robot_control) StderrLine: {'line': b'/home/yanji/robot_screwing/src/screw_robot_control/src/right_arm_control.cpp:497:11: error: \xe2\x80\x98cout\xe2\x80\x99 was not declared in this scope; did you mean \xe2\x80\x98std::cout\xe2\x80\x99?\n'}
[3.255054] (screw_robot_control) StderrLine: {'line': b'  497 |           cout << "delta_height[2] = " << delta_height[2] << endl;\n'}
[3.255083] (screw_robot_control) StderrLine: {'line': b'      |           ^~~~\n'}
[3.255105] (screw_robot_control) StderrLine: {'line': b'      |           std::cout\n'}
[3.255129] (screw_robot_control) StderrLine: {'line': b'/usr/include/c++/13/iostream:63:18: note: \xe2\x80\x98std::cout\xe2\x80\x99 declared here\n'}
[3.255152] (screw_robot_control) StderrLine: {'line': b'   63 |   extern ostream cout;          ///< Linked to standard output\n'}
[3.255174] (screw_robot_control) StderrLine: {'line': b'      |                  ^~~~\n'}
[3.255196] (screw_robot_control) StderrLine: {'line': b'/home/yanji/robot_screwing/src/screw_robot_control/src/right_arm_control.cpp:497:62: error: \xe2\x80\x98endl\xe2\x80\x99 was not declared in this scope; did you mean \xe2\x80\x98std::endl\xe2\x80\x99?\n'}
[3.255219] (screw_robot_control) StderrLine: {'line': b'  497 |           cout << "delta_height[2] = " << delta_height[2] << endl;\n'}
[3.255241] (screw_robot_control) StderrLine: {'line': b'      |                                                              ^~~~\n'}
[3.255263] (screw_robot_control) StderrLine: {'line': b'      |                                                              std::endl\n'}
[3.255284] (screw_robot_control) StderrLine: {'line': b'/usr/include/c++/13/ostream:735:5: note: \xe2\x80\x98std::endl\xe2\x80\x99 declared here\n'}
[3.255307] (screw_robot_control) StderrLine: {'line': b'  735 |     endl(basic_ostream<_CharT, _Traits>& __os)\n'}
[3.255328] (screw_robot_control) StderrLine: {'line': b'      |     ^~~~\n'}
[3.255351] (screw_robot_control) StderrLine: {'line': b'/home/yanji/robot_screwing/src/screw_robot_control/src/right_arm_control.cpp:508:11: error: \xe2\x80\x98cout\xe2\x80\x99 was not declared in this scope; did you mean \xe2\x80\x98std::cout\xe2\x80\x99?\n'}
[3.255375] (screw_robot_control) StderrLine: {'line': b'  508 |           cout << "delta_height[2] = " << delta_height[2] << endl;\n'}
[3.255397] (screw_robot_control) StderrLine: {'line': b'      |           ^~~~\n'}
[3.255420] (screw_robot_control) StderrLine: {'line': b'      |           std::cout\n'}
[3.255442] (screw_robot_control) StderrLine: {'line': b'/usr/include/c++/13/iostream:63:18: note: \xe2\x80\x98std::cout\xe2\x80\x99 declared here\n'}
[3.255465] (screw_robot_control) StderrLine: {'line': b'   63 |   extern ostream cout;          ///< Linked to standard output\n'}
[3.255487] (screw_robot_control) StderrLine: {'line': b'      |                  ^~~~\n'}
[3.255509] (screw_robot_control) StderrLine: {'line': b'/home/yanji/robot_screwing/src/screw_robot_control/src/right_arm_control.cpp:508:62: error: \xe2\x80\x98endl\xe2\x80\x99 was not declared in this scope; did you mean \xe2\x80\x98std::endl\xe2\x80\x99?\n'}
[3.255533] (screw_robot_control) StderrLine: {'line': b'  508 |           cout << "delta_height[2] = " << delta_height[2] << endl;\n'}
[3.255555] (screw_robot_control) StderrLine: {'line': b'      |                                                              ^~~~\n'}
[3.255576] (screw_robot_control) StderrLine: {'line': b'      |                                                              std::endl\n'}
[3.255599] (screw_robot_control) StderrLine: {'line': b'/usr/include/c++/13/ostream:735:5: note: \xe2\x80\x98std::endl\xe2\x80\x99 declared here\n'}
[3.255620] (screw_robot_control) StderrLine: {'line': b'  735 |     endl(basic_ostream<_CharT, _Traits>& __os)\n'}
[3.255642] (screw_robot_control) StderrLine: {'line': b'      |     ^~~~\n'}
[3.255664] (screw_robot_control) StderrLine: {'line': b'/home/yanji/robot_screwing/src/screw_robot_control/src/right_arm_control.cpp:514:11: error: \xe2\x80\x98cout\xe2\x80\x99 was not declared in this scope; did you mean \xe2\x80\x98std::cout\xe2\x80\x99?\n'}
[3.255685] (screw_robot_control) StderrLine: {'line': b'  514 |           cout << "flag = 2, \xe5\x8d\xa1\xe4\xbd\x8f\xe4\xba\x86\xef\xbc\x8c\xe5\x9b\x9e\xe9\x80\x80\xef\xbc\x8c\xe8\xbf\x9b\xe5\x85\xa5\xe4\xb8\x8b\xe4\xb8\x80\xe4\xb8\xaa\xe6\x90\x9c\xe7\xb4\xa2" << endl;\n'}
[3.255709] (screw_robot_control) StderrLine: {'line': b'      |           ^~~~\n'}
[3.255730] (screw_robot_control) StderrLine: {'line': b'      |           std::cout\n'}
[3.255752] (screw_robot_control) StderrLine: {'line': b'/usr/include/c++/13/iostream:63:18: note: \xe2\x80\x98std::cout\xe2\x80\x99 declared here\n'}
[3.255774] (screw_robot_control) StderrLine: {'line': b'   63 |   extern ostream cout;          ///< Linked to standard output\n'}
[3.255796] (screw_robot_control) StderrLine: {'line': b'      |                  ^~~~\n'}
[3.255817] (screw_robot_control) StderrLine: {'line': b'/home/yanji/robot_screwing/src/screw_robot_control/src/right_arm_control.cpp:514:63: error: \xe2\x80\x98endl\xe2\x80\x99 was not declared in this scope; did you mean \xe2\x80\x98std::endl\xe2\x80\x99?\n'}
[3.255841] (screw_robot_control) StderrLine: {'line': b'  514 |           cout << "flag = 2, \xe5\x8d\xa1\xe4\xbd\x8f\xe4\xba\x86\xef\xbc\x8c\xe5\x9b\x9e\xe9\x80\x80\xef\xbc\x8c\xe8\xbf\x9b\xe5\x85\xa5\xe4\xb8\x8b\xe4\xb8\x80\xe4\xb8\xaa\xe6\x90\x9c\xe7\xb4\xa2" << endl;\n'}
[3.255863] (screw_robot_control) StderrLine: {'line': b'      |                                                               ^~~~\n'}
[3.255885] (screw_robot_control) StderrLine: {'line': b'      |                                                               std::endl\n'}
[3.255906] (screw_robot_control) StderrLine: {'line': b'/usr/include/c++/13/ostream:735:5: note: \xe2\x80\x98std::endl\xe2\x80\x99 declared here\n'}
[3.255927] (screw_robot_control) StderrLine: {'line': b'  735 |     endl(basic_ostream<_CharT, _Traits>& __os)\n'}
[3.255949] (screw_robot_control) StderrLine: {'line': b'      |     ^~~~\n'}
[3.255970] (screw_robot_control) StderrLine: {'line': b'/home/yanji/robot_screwing/src/screw_robot_control/src/right_arm_control.cpp:522:7: error: \xe2\x80\x98cout\xe2\x80\x99 was not declared in this scope; did you mean \xe2\x80\x98std::cout\xe2\x80\x99?\n'}
[3.255992] (screw_robot_control) StderrLine: {'line': b'  522 |       cout << "\xe5\xbc\x80\xe5\xa7\x8b\xe8\xbf\x90\xe8\xa1\x8c" << endl;\n'}
[3.256014] (screw_robot_control) StderrLine: {'line': b'      |       ^~~~\n'}
[3.256035] (screw_robot_control) StderrLine: {'line': b'      |       std::cout\n'}
[3.256057] (screw_robot_control) StderrLine: {'line': b'/usr/include/c++/13/iostream:63:18: note: \xe2\x80\x98std::cout\xe2\x80\x99 declared here\n'}
[3.256080] (screw_robot_control) StderrLine: {'line': b'   63 |   extern ostream cout;          ///< Linked to standard output\n'}
[3.256102] (screw_robot_control) StderrLine: {'line': b'      |                  ^~~~\n'}
[3.256122] (screw_robot_control) StderrLine: {'line': b'/home/yanji/robot_screwing/src/screw_robot_control/src/right_arm_control.cpp:522:29: error: \xe2\x80\x98endl\xe2\x80\x99 was not declared in this scope; did you mean \xe2\x80\x98std::endl\xe2\x80\x99?\n'}
[3.256144] (screw_robot_control) StderrLine: {'line': b'  522 |       cout << "\xe5\xbc\x80\xe5\xa7\x8b\xe8\xbf\x90\xe8\xa1\x8c" << endl;\n'}
[3.256166] (screw_robot_control) StderrLine: {'line': b'      |                             ^~~~\n'}
[3.256188] (screw_robot_control) StderrLine: {'line': b'      |                             std::endl\n'}
[3.256209] (screw_robot_control) StderrLine: {'line': b'/usr/include/c++/13/ostream:735:5: note: \xe2\x80\x98std::endl\xe2\x80\x99 declared here\n'}
[3.256231] (screw_robot_control) StderrLine: {'line': b'  735 |     endl(basic_ostream<_CharT, _Traits>& __os)\n'}
[3.256252] (screw_robot_control) StderrLine: {'line': b'      |     ^~~~\n'}
[3.256274] (screw_robot_control) StderrLine: {'line': b'/home/yanji/robot_screwing/src/screw_robot_control/src/right_arm_control.cpp:526:32: error: \xe2\x80\x98ros\xe2\x80\x99 has not been declared\n'}
[3.256295] (screw_robot_control) StderrLine: {'line': b'  526 |       while ((item < 5000)&&  (ros::ok()))\n'}
[3.256320] (screw_robot_control) StderrLine: {'line': b'      |                                ^~~\n'}
[3.256349] (screw_robot_control) StderrLine: {'line': b'/home/yanji/robot_screwing/src/screw_robot_control/src/right_arm_control.cpp:530:57: error: \xe2\x80\x98flush\xe2\x80\x99 was not declared in this scope; did you mean \xe2\x80\x98std::flush\xe2\x80\x99?\n'}
[3.256375] (screw_robot_control) StderrLine: {'line': b'  530 |             cout << "\\r" <<" start to send message " << flush;\n'}
[3.256396] (screw_robot_control) StderrLine: {'line': b'      |                                                         ^~~~~\n'}
[3.256418] (screw_robot_control) StderrLine: {'line': b'      |                                                         std::flush\n'}
[3.256439] (screw_robot_control) StderrLine: {'line': b'/usr/include/c++/13/ostream:757:5: note: \xe2\x80\x98std::flush\xe2\x80\x99 declared here\n'}
[3.256461] (screw_robot_control) StderrLine: {'line': b'  757 |     flush(basic_ostream<_CharT, _Traits>& __os)\n'}
[3.256482] (screw_robot_control) StderrLine: {'line': b'      |     ^~~~~\n'}
[3.256505] (screw_robot_control) StderrLine: {'line': b'/home/yanji/robot_screwing/src/screw_robot_control/src/right_arm_control.cpp:534:13: error: \xe2\x80\x98goal_msg\xe2\x80\x99 was not declared in this scope\n'}
[3.256527] (screw_robot_control) StderrLine: {'line': b'  534 |             goal_msg.num = flag; // 0 \xe7\x9b\xb4\xe6\x8e\xa5\xe8\xbf\x90\xe8\xa1\x8c\xe5\x90\x8e\xe7\xbb\xad\xe8\xa3\x85\xe9\x85\x8d\xe8\xbf\x87\xe7\xa8\x8b 1 \xe8\xbf\x90\xe8\xa1\x8c\xe7\xac\xac\xe4\xb8\x80\xe9\x98\xb6\xe6\xae\xb5\xef\xbc\x8c\xe6\x8e\xa5\xe7\x9d\x80\xe6\x90\x9c\xe7\xb4\xa2 2 \xe5\x87\xba\xe7\x8e\xb0\xe9\x94\x99\xe8\xaf\xaf\xef\xbc\x8c\xe5\x9b\x9e\xe9\x80\x80\n'}
[3.256550] (screw_robot_control) StderrLine: {'line': b'      |             ^~~~~~~~\n'}
[3.256572] (screw_robot_control) StderrLine: {'line': b'/home/yanji/robot_screwing/src/screw_robot_control/src/right_arm_control.cpp:539:115: error: no match for \xe2\x80\x98operator=\xe2\x80\x99 (operand types are \xe2\x80\x98rclcpp_action::Client<robot_msgs::action::Screw>::FeedbackCallback\xe2\x80\x99 {aka \xe2\x80\x98std::function<void(std::shared_ptr<rclcpp_action::ClientGoalHandle<robot_msgs::action::Screw> >, std::shared_ptr<const robot_msgs::action::Screw_Feedback_<std::allocator<void> > >)>\xe2\x80\x99} and \xe2\x80\x98std::_Bind_helper<false, void (right_arm::RobotAdmittanceControl::*)(const std::shared_ptr<rclcpp_action::ClientGoalHandle<robot_msgs::action::Screw> >&, const std::shared_ptr<robot_msgs::action::Screw_Feedback_<std::allocator<void> > >&), right_arm::RobotAdmittanceControl*, const std::_Placeholder<1>&, const std::_Placeholder<2>&>::type\xe2\x80\x99)\n'}
[3.256599] (screw_robot_control) StderrLine: {'line': b'  539 |                 std::bind(&RobotAdmittanceControl::feedback_cb, this, std::placeholders::_1, std::placeholders::_2);\n'}
[3.256621] (screw_robot_control) StderrLine: {'line': b'      |                                                                                                                   ^\n'}
[3.256642] (screw_robot_control) StderrLine: {'line': b'In file included from /usr/include/c++/13/future:50,\n'}
[3.256664] (screw_robot_control) StderrLine: {'line': b'                 from /opt/ros/foxy/include/rclcpp/executors.hpp:18:\n'}
[3.256685] (screw_robot_control) StderrLine: {'line': b'/usr/include/c++/13/bits/std_function.h:531:9: note: candidate: \xe2\x80\x98template<class _Functor> std::function<_Res(_ArgTypes ...)>::_Requires<std::function<_Res(_ArgTypes ...)>::_Callable<_Functor>, std::function<_Res(_ArgTypes ...)>&> std::function<_Res(_ArgTypes ...)>::operator=(_Functor&&) [with _Res = void; _ArgTypes = {std::shared_ptr<rclcpp_action::ClientGoalHandle<robot_msgs::action::Screw> >, std::shared_ptr<const robot_msgs::action::Screw_Feedback_<std::allocator<void> > >}]\xe2\x80\x99\n'}
[3.256709] (screw_robot_control) StderrLine: {'line': b'  531 |         operator=(_Functor&& __f)\n'}
[3.256733] (screw_robot_control) StderrLine: {'line': b'      |         ^~~~~~~~\n'}
[3.256754] (screw_robot_control) StderrLine: {'line': b'/usr/include/c++/13/bits/std_function.h:531:9: note:   template argument deduction/substitution failed:\n'}
[3.256776] (screw_robot_control) StderrLine: {'line': b'In file included from /usr/include/c++/13/bits/move.h:37,\n'}
[3.256799] (screw_robot_control) StderrLine: {'line': b'                 from /usr/include/c++/13/bits/new_allocator.h:36,\n'}
[3.256821] (screw_robot_control) StderrLine: {'line': b'                 from /usr/include/x86_64-linux-gnu/c++/13/bits/c++allocator.h:33,\n'}
[3.256842] (screw_robot_control) StderrLine: {'line': b'                 from /usr/include/c++/13/bits/allocator.h:46,\n'}
[3.256863] (screw_robot_control) StderrLine: {'line': b'                 from /usr/include/c++/13/memory:65:\n'}
[3.256884] (screw_robot_control) StderrLine: {'line': b'/usr/include/c++/13/type_traits: In substitution of \xe2\x80\x98template<bool _Cond, class _Tp> using std::__enable_if_t = typename std::enable_if::type [with bool _Cond = false; _Tp = std::function<void(std::shared_ptr<rclcpp_action::ClientGoalHandle<robot_msgs::action::Screw> >, std::shared_ptr<const robot_msgs::action::Screw_Feedback_<std::allocator<void> > >)>&]\xe2\x80\x99:\n'}
[3.256907] (screw_robot_control) StderrLine: {'line': b'/usr/include/c++/13/bits/std_function.h:353:8:   required by substitution of \xe2\x80\x98template<class _Res, class ... _ArgTypes> template<class _Cond, class _Tp> using std::function<_Res(_ArgTypes ...)>::_Requires = std::__enable_if_t<_Cond::value, _Tp> [with _Cond = std::function<void(std::shared_ptr<rclcpp_action::ClientGoalHandle<robot_msgs::action::Screw> >, std::shared_ptr<const robot_msgs::action::Screw_Feedback_<std::allocator<void> > >)>::_Callable<std::_Bind<void (right_arm::RobotAdmittanceControl::*(right_arm::RobotAdmittanceControl*, std::_Placeholder<1>, std::_Placeholder<2>))(const std::shared_ptr<rclcpp_action::ClientGoalHandle<robot_msgs::action::Screw> >&, const std::shared_ptr<robot_msgs::action::Screw_Feedback_<std::allocator<void> > >&)>, std::_Bind<void (right_arm::RobotAdmittanceControl::*(right_arm::RobotAdmittanceControl*, std::_Placeholder<1>, std::_Placeholder<2>))(const std::shared_ptr<rclcpp_action::ClientGoalHandle<robot_msgs::action::Screw> >&, const std::shared_ptr<robot_msgs::action::Screw_Feedback_<std::allocator<void> > >&)>, std::__invoke_result<std::_Bind<void (right_arm::RobotAdmittanceControl::*(right_arm::RobotAdmittanceControl*, std::_Placeholder<1>, std::_Placeholder<2>))(const std::shared_ptr<rclcpp_action::ClientGoalHandle<robot_msgs::action::Screw> >&, const std::shared_ptr<robot_msgs::action::Screw_Feedback_<std::allocator<void> > >&)>&, std::shared_ptr<rclcpp_action::ClientGoalHandle<robot_msgs::action::Screw> >, std::shared_ptr<const robot_msgs::action::Screw_Feedback_<std::allocator<void> > > > >; _Tp = std::function<void(std::shared_ptr<rclcpp_action::ClientGoalHandle<robot_msgs::action::Screw> >, std::shared_ptr<const robot_msgs::action::Screw_Feedback_<std::allocator<void> > >)>&; _Res = void; _ArgTypes = {std::shared_ptr<rclcpp_action::ClientGoalHandle<robot_msgs::action::Screw> >, std::shared_ptr<const robot_msgs::action::Screw_Feedback_<std::allocator<void> > >}]\xe2\x80\x99\n'}
[3.256939] (screw_robot_control) StderrLine: {'line': b'/usr/include/c++/13/bits/std_function.h:531:2:   required by substitution of \xe2\x80\x98template<class _Functor> std::function<void(std::shared_ptr<rclcpp_action::ClientGoalHandle<robot_msgs::action::Screw> >, std::shared_ptr<const robot_msgs::action::Screw_Feedback_<std::allocator<void> > >)>::_Requires<std::function<void(std::shared_ptr<rclcpp_action::ClientGoalHandle<robot_msgs::action::Screw> >, std::shared_ptr<const robot_msgs::action::Screw_Feedback_<std::allocator<void> > >)>::_Callable<_Functor, typename std::enable_if<(! std::is_same<typename std::remove_cv<typename std::remove_reference<_Tp>::type>::type, std::function<void(std::shared_ptr<rclcpp_action::ClientGoalHandle<robot_msgs::action::Screw> >, std::shared_ptr<const robot_msgs::action::Screw_Feedback_<std::allocator<void> > >)> >::value), std::decay<_Ex> >::type::type, std::__invoke_result<typename std::enable_if<(! std::is_same<typename std::remove_cv<typename std::remove_reference<_Tp>::type>::type, std::function<void(std::shared_ptr<rclcpp_action::ClientGoalHandle<robot_msgs::action::Screw> >, std::shared_ptr<const robot_msgs::action::Screw_Feedback_<std::allocator<void> > >)> >::value), std::decay<_Ex> >::type::type&, std::shared_ptr<rclcpp_action::ClientGoalHandle<robot_msgs::action::Screw> >, std::shared_ptr<const robot_msgs::action::Screw_Feedback_<std::allocator<void> > > > >, std::function<void(std::shared_ptr<rclcpp_action::ClientGoalHandle<robot_msgs::action::Screw> >, std::shared_ptr<const robot_msgs::action::Screw_Feedback_<std::allocator<void> > >)>&> std::function<void(std::shared_ptr<rclcpp_action::ClientGoalHandle<robot_msgs::action::Screw> >, std::shared_ptr<const robot_msgs::action::Screw_Feedback_<std::allocator<void> > >)>::operator=(_Functor&&) [with _Functor = std::_Bind<void (right_arm::RobotAdmittanceControl::*(right_arm::RobotAdmittanceControl*, std::_Placeholder<1>, std::_Placeholder<2>))(const std::shared_ptr<rclcpp_action::ClientGoalHandle<robot_msgs::action::Screw> >&, const std::shared_ptr<robot_msgs::action::Screw_Feedback_<std::allocator<void> > >&)>]\xe2\x80\x99\n'}
[3.256969] (screw_robot_control) StderrLine: {'line': b'/home/yanji/robot_screwing/src/screw_robot_control/src/right_arm_control.cpp:539:115:   required from here\n'}
[3.256991] (screw_robot_control) StderrLine: {'line': b'/usr/include/c++/13/type_traits:116:11: error: no type named \xe2\x80\x98type\xe2\x80\x99 in \xe2\x80\x98struct std::enable_if<false, std::function<void(std::shared_ptr<rclcpp_action::ClientGoalHandle<robot_msgs::action::Screw> >, std::shared_ptr<const robot_msgs::action::Screw_Feedback_<std::allocator<void> > >)>&>\xe2\x80\x99\n'}
[3.257013] (screw_robot_control) StderrLine: {'line': b'  116 |     using __enable_if_t = typename enable_if<_Cond, _Tp>::type;\n'}
[3.257034] (screw_robot_control) StderrLine: {'line': b'      |           ^~~~~~~~~~~~~\n'}
[3.257062] (screw_robot_control) StderrLine: {'line': b'/usr/include/c++/13/bits/std_function.h:541:9: note: candidate: \xe2\x80\x98template<class _Functor> std::function<_Res(_ArgTypes ...)>& std::function<_Res(_ArgTypes ...)>::operator=(std::reference_wrapper<_Functor>) [with _Res = void; _ArgTypes = {std::shared_ptr<rclcpp_action::ClientGoalHandle<robot_msgs::action::Screw> >, std::shared_ptr<const robot_msgs::action::Screw_Feedback_<std::allocator<void> > >}]\xe2\x80\x99\n'}
[3.257088] (screw_robot_control) StderrLine: {'line': b'  541 |         operator=(reference_wrapper<_Functor> __f) noexcept\n'}
[3.257110] (screw_robot_control) StderrLine: {'line': b'      |         ^~~~~~~~\n'}
[3.257131] (screw_robot_control) StderrLine: {'line': b'/usr/include/c++/13/bits/std_function.h:541:9: note:   template argument deduction/substitution failed:\n'}
[3.257153] (screw_robot_control) StderrLine: {'line': b'/home/yanji/robot_screwing/src/screw_robot_control/src/right_arm_control.cpp:539:115: note:   \xe2\x80\x98std::_Bind<void (right_arm::RobotAdmittanceControl::*(right_arm::RobotAdmittanceControl*, std::_Placeholder<1>, std::_Placeholder<2>))(const std::shared_ptr<rclcpp_action::ClientGoalHandle<robot_msgs::action::Screw> >&, const std::shared_ptr<robot_msgs::action::Screw_Feedback_<std::allocator<void> > >&)>\xe2\x80\x99 is not derived from \xe2\x80\x98std::reference_wrapper<_Tp>\xe2\x80\x99\n'}
[3.257178] (screw_robot_control) StderrLine: {'line': b'  539 |                 std::bind(&RobotAdmittanceControl::feedback_cb, this, std::placeholders::_1, std::placeholders::_2);\n'}
[3.257201] (screw_robot_control) StderrLine: {'line': b'      |                                                                                                                   ^\n'}
[3.257222] (screw_robot_control) StderrLine: {'line': b'/usr/include/c++/13/bits/std_function.h:469:7: note: candidate: \xe2\x80\x98std::function<_Res(_ArgTypes ...)>& std::function<_Res(_ArgTypes ...)>::operator=(const std::function<_Res(_ArgTypes ...)>&) [with _Res = void; _ArgTypes = {std::shared_ptr<rclcpp_action::ClientGoalHandle<robot_msgs::action::Screw> >, std::shared_ptr<const robot_msgs::action::Screw_Feedback_<std::allocator<void> > >}]\xe2\x80\x99\n'}
[3.257247] (screw_robot_control) StderrLine: {'line': b'  469 |       operator=(const function& __x)\n'}
[3.257270] (screw_robot_control) StderrLine: {'line': b'      |       ^~~~~~~~\n'}
[3.257293] (screw_robot_control) StderrLine: {'line': b'/usr/include/c++/13/bits/std_function.h:469:33: note:   no known conversion for argument 1 from \xe2\x80\x98std::_Bind_helper<false, void (right_arm::RobotAdmittanceControl::*)(const std::shared_ptr<rclcpp_action::ClientGoalHandle<robot_msgs::action::Screw> >&, const std::shared_ptr<robot_msgs::action::Screw_Feedback_<std::allocator<void> > >&), right_arm::RobotAdmittanceControl*, const std::_Placeholder<1>&, const std::_Placeholder<2>&>::type\xe2\x80\x99 to \xe2\x80\x98const std::function<void(std::shared_ptr<rclcpp_action::ClientGoalHandle<robot_msgs::action::Screw> >, std::shared_ptr<const robot_msgs::action::Screw_Feedback_<std::allocator<void> > >)>&\xe2\x80\x99\n'}
[3.257318] (screw_robot_control) StderrLine: {'line': b'  469 |       operator=(const function& __x)\n'}
[3.257342] (screw_robot_control) StderrLine: {'line': b'      |                 ~~~~~~~~~~~~~~~~^~~\n'}
[3.257364] (screw_robot_control) StderrLine: {'line': b'/usr/include/c++/13/bits/std_function.h:487:7: note: candidate: \xe2\x80\x98std::function<_Res(_ArgTypes ...)>& std::function<_Res(_ArgTypes ...)>::operator=(std::function<_Res(_ArgTypes ...)>&&) [with _Res = void; _ArgTypes = {std::shared_ptr<rclcpp_action::ClientGoalHandle<robot_msgs::action::Screw> >, std::shared_ptr<const robot_msgs::action::Screw_Feedback_<std::allocator<void> > >}]\xe2\x80\x99\n'}
[3.257389] (screw_robot_control) StderrLine: {'line': b'  487 |       operator=(function&& __x) noexcept\n'}
[3.257411] (screw_robot_control) StderrLine: {'line': b'      |       ^~~~~~~~\n'}
[3.257433] (screw_robot_control) StderrLine: {'line': b'/usr/include/c++/13/bits/std_function.h:487:28: note:   no known conversion for argument 1 from \xe2\x80\x98std::_Bind_helper<false, void (right_arm::RobotAdmittanceControl::*)(const std::shared_ptr<rclcpp_action::ClientGoalHandle<robot_msgs::action::Screw> >&, const std::shared_ptr<robot_msgs::action::Screw_Feedback_<std::allocator<void> > >&), right_arm::RobotAdmittanceControl*, const std::_Placeholder<1>&, const std::_Placeholder<2>&>::type\xe2\x80\x99 to \xe2\x80\x98std::function<void(std::shared_ptr<rclcpp_action::ClientGoalHandle<robot_msgs::action::Screw> >, std::shared_ptr<const robot_msgs::action::Screw_Feedback_<std::allocator<void> > >)>&&\xe2\x80\x99\n'}
[3.257457] (screw_robot_control) StderrLine: {'line': b'  487 |       operator=(function&& __x) noexcept\n'}
[3.257479] (screw_robot_control) StderrLine: {'line': b'      |                 ~~~~~~~~~~~^~~\n'}
[3.257502] (screw_robot_control) StderrLine: {'line': b'/usr/include/c++/13/bits/std_function.h:501:7: note: candidate: \xe2\x80\x98std::function<_Res(_ArgTypes ...)>& std::function<_Res(_ArgTypes ...)>::operator=(std::nullptr_t) [with _Res = void; _ArgTypes = {std::shared_ptr<rclcpp_action::ClientGoalHandle<robot_msgs::action::Screw> >, std::shared_ptr<const robot_msgs::action::Screw_Feedback_<std::allocator<void> > >}; std::nullptr_t = std::nullptr_t]\xe2\x80\x99\n'}
[3.257525] (screw_robot_control) StderrLine: {'line': b'  501 |       operator=(nullptr_t) noexcept\n'}
[3.257546] (screw_robot_control) StderrLine: {'line': b'      |       ^~~~~~~~\n'}
[3.257567] (screw_robot_control) StderrLine: {'line': b'/usr/include/c++/13/bits/std_function.h:501:17: note:   no known conversion for argument 1 from \xe2\x80\x98std::_Bind_helper<false, void (right_arm::RobotAdmittanceControl::*)(const std::shared_ptr<rclcpp_action::ClientGoalHandle<robot_msgs::action::Screw> >&, const std::shared_ptr<robot_msgs::action::Screw_Feedback_<std::allocator<void> > >&), right_arm::RobotAdmittanceControl*, const std::_Placeholder<1>&, const std::_Placeholder<2>&>::type\xe2\x80\x99 to \xe2\x80\x98std::nullptr_t\xe2\x80\x99\n'}
[3.257590] (screw_robot_control) StderrLine: {'line': b'  501 |       operator=(nullptr_t) noexcept\n'}
[3.257613] (screw_robot_control) StderrLine: {'line': b'      |                 ^~~~~~~~~\n'}
[3.257635] (screw_robot_control) StderrLine: {'line': b'/home/yanji/robot_screwing/src/screw_robot_control/src/right_arm_control.cpp:541:111: error: no match for \xe2\x80\x98operator=\xe2\x80\x99 (operand types are \xe2\x80\x98rclcpp_action::Client<robot_msgs::action::Screw>::ResultCallback\xe2\x80\x99 {aka \xe2\x80\x98std::function<void(const rclcpp_action::ClientGoalHandle<robot_msgs::action::Screw>::WrappedResult&)>\xe2\x80\x99} and \xe2\x80\x98std::_Bind_helper<false, void (right_arm::RobotAdmittanceControl::*)(const std::shared_ptr<rclcpp_action::ClientGoalHandle<robot_msgs::action::Screw> >&, const std::shared_ptr<robot_msgs::action::Screw_Result_<std::allocator<void> > >&), right_arm::RobotAdmittanceControl*, const std::_Placeholder<1>&, const std::_Placeholder<2>&>::type\xe2\x80\x99)\n'}
[3.257662] (screw_robot_control) StderrLine: {'line': b'  541 |                 std::bind(&RobotAdmittanceControl::done_cb, this, std::placeholders::_1, std::placeholders::_2);\n'}
[3.257684] (screw_robot_control) StderrLine: {'line': b'      |                                                                                                               ^\n'}
[3.257707] (screw_robot_control) StderrLine: {'line': b'/usr/include/c++/13/bits/std_function.h:531:9: note: candidate: \xe2\x80\x98template<class _Functor> std::function<_Res(_ArgTypes ...)>::_Requires<std::function<_Res(_ArgTypes ...)>::_Callable<_Functor>, std::function<_Res(_ArgTypes ...)>&> std::function<_Res(_ArgTypes ...)>::operator=(_Functor&&) [with _Res = void; _ArgTypes = {const rclcpp_action::ClientGoalHandle<robot_msgs::action::Screw>::WrappedResult&}]\xe2\x80\x99\n'}
[3.257730] (screw_robot_control) StderrLine: {'line': b'  531 |         operator=(_Functor&& __f)\n'}
[3.257751] (screw_robot_control) StderrLine: {'line': b'      |         ^~~~~~~~\n'}
[3.257773] (screw_robot_control) StderrLine: {'line': b'/usr/include/c++/13/bits/std_function.h:531:9: note:   template argument deduction/substitution failed:\n'}
[3.257794] (screw_robot_control) StderrLine: {'line': b'/usr/include/c++/13/type_traits: In substitution of \xe2\x80\x98template<bool _Cond, class _Tp> using std::__enable_if_t = typename std::enable_if::type [with bool _Cond = false; _Tp = std::function<void(const rclcpp_action::ClientGoalHandle<robot_msgs::action::Screw>::WrappedResult&)>&]\xe2\x80\x99:\n'}
[3.257816] (screw_robot_control) StderrLine: {'line': b'/usr/include/c++/13/bits/std_function.h:353:8:   required by substitution of \xe2\x80\x98template<class _Res, class ... _ArgTypes> template<class _Cond, class _Tp> using std::function<_Res(_ArgTypes ...)>::_Requires = std::__enable_if_t<_Cond::value, _Tp> [with _Cond = std::function<void(const rclcpp_action::ClientGoalHandle<robot_msgs::action::Screw>::WrappedResult&)>::_Callable<std::_Bind<void (right_arm::RobotAdmittanceControl::*(right_arm::RobotAdmittanceControl*, std::_Placeholder<1>, std::_Placeholder<2>))(const std::shared_ptr<rclcpp_action::ClientGoalHandle<robot_msgs::action::Screw> >&, const std::shared_ptr<robot_msgs::action::Screw_Result_<std::allocator<void> > >&)>, std::_Bind<void (right_arm::RobotAdmittanceControl::*(right_arm::RobotAdmittanceControl*, std::_Placeholder<1>, std::_Placeholder<2>))(const std::shared_ptr<rclcpp_action::ClientGoalHandle<robot_msgs::action::Screw> >&, const std::shared_ptr<robot_msgs::action::Screw_Result_<std::allocator<void> > >&)>, std::__invoke_result<std::_Bind<void (right_arm::RobotAdmittanceControl::*(right_arm::RobotAdmittanceControl*, std::_Placeholder<1>, std::_Placeholder<2>))(const std::shared_ptr<rclcpp_action::ClientGoalHandle<robot_msgs::action::Screw> >&, const std::shared_ptr<robot_msgs::action::Screw_Result_<std::allocator<void> > >&)>&, const rclcpp_action::ClientGoalHandle<robot_msgs::action::Screw>::WrappedResult&> >; _Tp = std::function<void(const rclcpp_action::ClientGoalHandle<robot_msgs::action::Screw>::WrappedResult&)>&; _Res = void; _ArgTypes = {const rclcpp_action::ClientGoalHandle<robot_msgs::action::Screw>::WrappedResult&}]\xe2\x80\x99\n'}
[3.257844] (screw_robot_control) StderrLine: {'line': b'/usr/include/c++/13/bits/std_function.h:531:2:   required by substitution of \xe2\x80\x98template<class _Functor> std::function<void(const rclcpp_action::ClientGoalHandle<robot_msgs::action::Screw>::WrappedResult&)>::_Requires<std::function<void(const rclcpp_action::ClientGoalHandle<robot_msgs::action::Screw>::WrappedResult&)>::_Callable<_Functor, typename std::enable_if<(! std::is_same<typename std::remove_cv<typename std::remove_reference<_Tp>::type>::type, std::function<void(const rclcpp_action::ClientGoalHandle<robot_msgs::action::Screw>::WrappedResult&)> >::value), std::decay<_Ex> >::type::type, std::__invoke_result<typename std::enable_if<(! std::is_same<typename std::remove_cv<typename std::remove_reference<_Tp>::type>::type, std::function<void(const rclcpp_action::ClientGoalHandle<robot_msgs::action::Screw>::WrappedResult&)> >::value), std::decay<_Ex> >::type::type&, const rclcpp_action::ClientGoalHandle<robot_msgs::action::Screw>::WrappedResult&> >, std::function<void(const rclcpp_action::ClientGoalHandle<robot_msgs::action::Screw>::WrappedResult&)>&> std::function<void(const rclcpp_action::ClientGoalHandle<robot_msgs::action::Screw>::WrappedResult&)>::operator=(_Functor&&) [with _Functor = std::_Bind<void (right_arm::RobotAdmittanceControl::*(right_arm::RobotAdmittanceControl*, std::_Placeholder<1>, std::_Placeholder<2>))(const std::shared_ptr<rclcpp_action::ClientGoalHandle<robot_msgs::action::Screw> >&, const std::shared_ptr<robot_msgs::action::Screw_Result_<std::allocator<void> > >&)>]\xe2\x80\x99\n'}
[3.257872] (screw_robot_control) StderrLine: {'line': b'/home/yanji/robot_screwing/src/screw_robot_control/src/right_arm_control.cpp:541:111:   required from here\n'}
[3.257895] (screw_robot_control) StderrLine: {'line': b'/usr/include/c++/13/type_traits:116:11: error: no type named \xe2\x80\x98type\xe2\x80\x99 in \xe2\x80\x98struct std::enable_if<false, std::function<void(const rclcpp_action::ClientGoalHandle<robot_msgs::action::Screw>::WrappedResult&)>&>\xe2\x80\x99\n'}
[3.257918] (screw_robot_control) StderrLine: {'line': b'  116 |     using __enable_if_t = typename enable_if<_Cond, _Tp>::type;\n'}
[3.257940] (screw_robot_control) StderrLine: {'line': b'      |           ^~~~~~~~~~~~~\n'}
[3.257961] (screw_robot_control) StderrLine: {'line': b'/usr/include/c++/13/bits/std_function.h:541:9: note: candidate: \xe2\x80\x98template<class _Functor> std::function<_Res(_ArgTypes ...)>& std::function<_Res(_ArgTypes ...)>::operator=(std::reference_wrapper<_Functor>) [with _Res = void; _ArgTypes = {const rclcpp_action::ClientGoalHandle<robot_msgs::action::Screw>::WrappedResult&}]\xe2\x80\x99\n'}
[3.257984] (screw_robot_control) StderrLine: {'line': b'  541 |         operator=(reference_wrapper<_Functor> __f) noexcept\n'}
[3.258007] (screw_robot_control) StderrLine: {'line': b'      |         ^~~~~~~~\n'}
[3.258028] (screw_robot_control) StderrLine: {'line': b'/usr/include/c++/13/bits/std_function.h:541:9: note:   template argument deduction/substitution failed:\n'}
[3.258049] (screw_robot_control) StderrLine: {'line': b'/home/yanji/robot_screwing/src/screw_robot_control/src/right_arm_control.cpp:541:111: note:   \xe2\x80\x98std::_Bind<void (right_arm::RobotAdmittanceControl::*(right_arm::RobotAdmittanceControl*, std::_Placeholder<1>, std::_Placeholder<2>))(const std::shared_ptr<rclcpp_action::ClientGoalHandle<robot_msgs::action::Screw> >&, const std::shared_ptr<robot_msgs::action::Screw_Result_<std::allocator<void> > >&)>\xe2\x80\x99 is not derived from \xe2\x80\x98std::reference_wrapper<_Tp>\xe2\x80\x99\n'}
[3.258081] (screw_robot_control) StderrLine: {'line': b'  541 |                 std::bind(&RobotAdmittanceControl::done_cb, this, std::placeholders::_1, std::placeholders::_2);\n'}
[3.258106] (screw_robot_control) StderrLine: {'line': b'      |                                                                                                               ^\n'}
[3.258128] (screw_robot_control) StderrLine: {'line': b'/usr/include/c++/13/bits/std_function.h:469:7: note: candidate: \xe2\x80\x98std::function<_Res(_ArgTypes ...)>& std::function<_Res(_ArgTypes ...)>::operator=(const std::function<_Res(_ArgTypes ...)>&) [with _Res = void; _ArgTypes = {const rclcpp_action::ClientGoalHandle<robot_msgs::action::Screw>::WrappedResult&}]\xe2\x80\x99\n'}
[3.258152] (screw_robot_control) StderrLine: {'line': b'  469 |       operator=(const function& __x)\n'}
[3.258174] (screw_robot_control) StderrLine: {'line': b'      |       ^~~~~~~~\n'}
[3.258197] (screw_robot_control) StderrLine: {'line': b'/usr/include/c++/13/bits/std_function.h:469:33: note:   no known conversion for argument 1 from \xe2\x80\x98std::_Bind_helper<false, void (right_arm::RobotAdmittanceControl::*)(const std::shared_ptr<rclcpp_action::ClientGoalHandle<robot_msgs::action::Screw> >&, const std::shared_ptr<robot_msgs::action::Screw_Result_<std::allocator<void> > >&), right_arm::RobotAdmittanceControl*, const std::_Placeholder<1>&, const std::_Placeholder<2>&>::type\xe2\x80\x99 to \xe2\x80\x98const std::function<void(const rclcpp_action::ClientGoalHandle<robot_msgs::action::Screw>::WrappedResult&)>&\xe2\x80\x99\n'}
[3.258221] (screw_robot_control) StderrLine: {'line': b'  469 |       operator=(const function& __x)\n'}
[3.258242] (screw_robot_control) StderrLine: {'line': b'      |                 ~~~~~~~~~~~~~~~~^~~\n'}
[3.258264] (screw_robot_control) StderrLine: {'line': b'/usr/include/c++/13/bits/std_function.h:487:7: note: candidate: \xe2\x80\x98std::function<_Res(_ArgTypes ...)>& std::function<_Res(_ArgTypes ...)>::operator=(std::function<_Res(_ArgTypes ...)>&&) [with _Res = void; _ArgTypes = {const rclcpp_action::ClientGoalHandle<robot_msgs::action::Screw>::WrappedResult&}]\xe2\x80\x99\n'}
[3.258286] (screw_robot_control) StderrLine: {'line': b'  487 |       operator=(function&& __x) noexcept\n'}
[3.258308] (screw_robot_control) StderrLine: {'line': b'      |       ^~~~~~~~\n'}
[3.258329] (screw_robot_control) StderrLine: {'line': b'/usr/include/c++/13/bits/std_function.h:487:28: note:   no known conversion for argument 1 from \xe2\x80\x98std::_Bind_helper<false, void (right_arm::RobotAdmittanceControl::*)(const std::shared_ptr<rclcpp_action::ClientGoalHandle<robot_msgs::action::Screw> >&, const std::shared_ptr<robot_msgs::action::Screw_Result_<std::allocator<void> > >&), right_arm::RobotAdmittanceControl*, const std::_Placeholder<1>&, const std::_Placeholder<2>&>::type\xe2\x80\x99 to \xe2\x80\x98std::function<void(const rclcpp_action::ClientGoalHandle<robot_msgs::action::Screw>::WrappedResult&)>&&\xe2\x80\x99\n'}
[3.258356] (screw_robot_control) StderrLine: {'line': b'  487 |       operator=(function&& __x) noexcept\n'}
[3.258377] (screw_robot_control) StderrLine: {'line': b'      |                 ~~~~~~~~~~~^~~\n'}
[3.258398] (screw_robot_control) StderrLine: {'line': b'/usr/include/c++/13/bits/std_function.h:501:7: note: candidate: \xe2\x80\x98std::function<_Res(_ArgTypes ...)>& std::function<_Res(_ArgTypes ...)>::operator=(std::nullptr_t) [with _Res = void; _ArgTypes = {const rclcpp_action::ClientGoalHandle<robot_msgs::action::Screw>::WrappedResult&}; std::nullptr_t = std::nullptr_t]\xe2\x80\x99\n'}
[3.258421] (screw_robot_control) StderrLine: {'line': b'  501 |       operator=(nullptr_t) noexcept\n'}
[3.258442] (screw_robot_control) StderrLine: {'line': b'      |       ^~~~~~~~\n'}
[3.258464] (screw_robot_control) StderrLine: {'line': b'/usr/include/c++/13/bits/std_function.h:501:17: note:   no known conversion for argument 1 from \xe2\x80\x98std::_Bind_helper<false, void (right_arm::RobotAdmittanceControl::*)(const std::shared_ptr<rclcpp_action::ClientGoalHandle<robot_msgs::action::Screw> >&, const std::shared_ptr<robot_msgs::action::Screw_Result_<std::allocator<void> > >&), right_arm::RobotAdmittanceControl*, const std::_Placeholder<1>&, const std::_Placeholder<2>&>::type\xe2\x80\x99 to \xe2\x80\x98std::nullptr_t\xe2\x80\x99\n'}
[3.258486] (screw_robot_control) StderrLine: {'line': b'  501 |       operator=(nullptr_t) noexcept\n'}
[3.258509] (screw_robot_control) StderrLine: {'line': b'      |                 ^~~~~~~~~\n'}
[3.258530] (screw_robot_control) StderrLine: {'line': b'/home/yanji/robot_screwing/src/screw_robot_control/src/right_arm_control.cpp:570:11: error: \xe2\x80\x98pose_p\xe2\x80\x99 was not declared in this scope\n'}
[3.258552] (screw_robot_control) StderrLine: {'line': b'  570 |           pose_p.X = eef_pos[0];\n'}
[3.258574] (screw_robot_control) StderrLine: {'line': b'      |           ^~~~~~\n'}
[3.258596] (screw_robot_control) StderrLine: {'line': b'/home/yanji/robot_screwing/src/screw_robot_control/src/right_arm_control.cpp:580:11: error: \xe2\x80\x98pos_pub_6\xe2\x80\x99 was not declared in this scope\n'}
[3.258617] (screw_robot_control) StderrLine: {'line': b'  580 |           pos_pub_6.publish(pose_p);\n'}
[3.258639] (screw_robot_control) StderrLine: {'line': b'      |           ^~~~~~~~~\n'}
[3.258660] (screw_robot_control) StderrLine: {'line': b'/home/yanji/robot_screwing/src/screw_robot_control/src/right_arm_control.cpp:607:11: error: \xe2\x80\x98ros\xe2\x80\x99 has not been declared\n'}
[3.258682] (screw_robot_control) StderrLine: {'line': b'  607 |           ros::spinOnce();\n'}
[3.258704] (screw_robot_control) StderrLine: {'line': b'      |           ^~~\n'}
[3.258725] (screw_robot_control) StderrLine: {'line': b'/home/yanji/robot_screwing/src/screw_robot_control/src/right_arm_control.cpp: In member function \xe2\x80\x98void right_arm::RobotAdmittanceControl::grasp_obj()\xe2\x80\x99:\n'}
[3.258747] (screw_robot_control) StderrLine: {'line': b'/home/yanji/robot_screwing/src/screw_robot_control/src/right_arm_control.cpp:613:3: error: \xe2\x80\x98real_robot_control\xe2\x80\x99 has not been declared\n'}
[3.258770] (screw_robot_control) StderrLine: {'line': b'  613 |   real_robot_control::screwGoal goal;\n'}
[3.258794] (screw_robot_control) StderrLine: {'line': b'      |   ^~~~~~~~~~~~~~~~~~\n'}
[3.258815] (screw_robot_control) StderrLine: {'line': b'/home/yanji/robot_screwing/src/screw_robot_control/src/right_arm_control.cpp:615:3: error: \xe2\x80\x98goal\xe2\x80\x99 was not declared in this scope\n'}
[3.258836] (screw_robot_control) StderrLine: {'line': b'  615 |   goal.num = 5;\n'}
[3.258857] (screw_robot_control) StderrLine: {'line': b'      |   ^~~~\n'}
[3.258878] (screw_robot_control) StderrLine: {'line': b'/home/yanji/robot_screwing/src/screw_robot_control/src/right_arm_control.cpp:616:3: error: \xe2\x80\x98client\xe2\x80\x99 was not declared in this scope; did you mean \xe2\x80\x98client_\xe2\x80\x99?\n'}
[3.258901] (screw_robot_control) StderrLine: {'line': b'  616 |   client.sendGoal(goal,\n'}
[3.258922] (screw_robot_control) StderrLine: {'line': b'      |   ^~~~~~\n'}
[3.258943] (screw_robot_control) StderrLine: {'line': b'      |   client_\n'}
[3.258965] (screw_robot_control) StderrLine: {'line': b'/usr/include/c++/13/functional: In instantiation of \xe2\x80\x98struct std::_Bind_check_arity<void (right_arm::RobotAdmittanceControl::*)(const std::shared_ptr<rclcpp_action::ClientGoalHandle<robot_msgs::action::Screw> >&, const std::shared_ptr<robot_msgs::action::Screw_Feedback_<std::allocator<void> > >&), right_arm::RobotAdmittanceControl*, const std::_Placeholder<1>&>\xe2\x80\x99:\n'}
[3.258988] (screw_robot_control) StderrLine: {'line': b'/usr/include/c++/13/functional:859:12:   required from \xe2\x80\x98struct std::_Bind_helper<false, void (right_arm::RobotAdmittanceControl::*)(const std::shared_ptr<rclcpp_action::ClientGoalHandle<robot_msgs::action::Screw> >&, const std::shared_ptr<robot_msgs::action::Screw_Feedback_<std::allocator<void> > >&), right_arm::RobotAdmittanceControl*, const std::_Placeholder<1>&>\xe2\x80\x99\n'}
[3.259011] (screw_robot_control) StderrLine: {'line': b'/usr/include/c++/13/functional:881:5:   required by substitution of \xe2\x80\x98template<class _Func, class ... _BoundArgs> typename std::_Bind_helper<std::__is_socketlike<_Func>::value, _Func, _BoundArgs ...>::type std::bind(_Func&&, _BoundArgs&& ...) [with _Func = void (right_arm::RobotAdmittanceControl::*)(const std::shared_ptr<rclcpp_action::ClientGoalHandle<robot_msgs::action::Screw> >&, const std::shared_ptr<robot_msgs::action::Screw_Feedback_<std::allocator<void> > >&); _BoundArgs = {right_arm::RobotAdmittanceControl*, const std::_Placeholder<1>&}]\xe2\x80\x99\n'}
[3.259038] (screw_robot_control) StderrLine: {'line': b'/home/yanji/robot_screwing/src/screw_robot_control/src/right_arm_control.cpp:619:28:   required from here\n'}
[3.259064] (screw_robot_control) StderrLine: {'line': b'/usr/include/c++/13/functional:847:21: error: static assertion failed: Wrong number of arguments for pointer-to-member\n'}
[3.259088] (screw_robot_control) StderrLine: {'line': b'  846 |       static_assert(_Varargs::value\n'}
[3.259110] (screw_robot_control) StderrLine: {'line': b'      |                               ~~~~~\n'}
[3.259132] (screw_robot_control) StderrLine: {'line': b'  847 |                     ? sizeof...(_BoundArgs) >= _Arity::value + 1\n'}
[3.259156] (screw_robot_control) StderrLine: {'line': b'      |                     ^~~~~~~~~~~~~~~~~~~~~~~~~~~~~~~~~~~~~~~~~~~~\n'}
[3.259178] (screw_robot_control) StderrLine: {'line': b'  848 |                     : sizeof...(_BoundArgs) == _Arity::value + 1,\n'}
[3.259201] (screw_robot_control) StderrLine: {'line': b'      |                     ~~~~~~~~~~~~~~~~~~~~~~~~~~~~~~~~~~~~~~~~~~~~\n'}
[3.259224] (screw_robot_control) StderrLine: {'line': b'/usr/include/c++/13/functional:847:21: note: \xe2\x80\x98(false ? (2 >= (((long unsigned int)std::integral_constant<long unsigned int, 2>::value) + 1)) : (2 == (((long unsigned int)std::integral_constant<long unsigned int, 2>::value) + 1)))\xe2\x80\x99 evaluates to false\n'}
[3.259247] (screw_robot_control) StderrLine: {'line': b'/home/yanji/robot_screwing/src/screw_robot_control/src/right_arm_control.cpp:621:10: error: \xe2\x80\x98ros\xe2\x80\x99 has not been declared\n'}
[3.259269] (screw_robot_control) StderrLine: {'line': b'  621 |   while (ros::ok()){\n'}
[3.259291] (screw_robot_control) StderrLine: {'line': b'      |          ^~~\n'}
[3.259312] (screw_robot_control) StderrLine: {'line': b'/home/yanji/robot_screwing/src/screw_robot_control/src/right_arm_control.cpp:622:7: error: \xe2\x80\x98ros\xe2\x80\x99 has not been declared\n'}
[3.259334] (screw_robot_control) StderrLine: {'line': b'  622 |       ros::spinOnce(); //\xe5\xa4\x84\xe7\x90\x86\xe4\xb8\x80\xe4\xb8\x8b\xe4\xb8\x8a\xe9\x9d\xa2\xe7\x9a\x84\xe5\x9b\x9e\xe8\xb0\x83\xe5\x87\xbd\xe6\x95\xb0\n'}
[3.259356] (screw_robot_control) StderrLine: {'line': b'      |       ^~~\n'}
[3.259377] (screw_robot_control) StderrLine: {'line': b'/home/yanji/robot_screwing/src/screw_robot_control/src/right_arm_control.cpp:623:11: error: \xe2\x80\x98screw_execute_status\xe2\x80\x99 was not declared in this scope; did you mean \xe2\x80\x98screw_execute_status_\xe2\x80\x99?\n'}
[3.259400] (screw_robot_control) StderrLine: {'line': b'  623 |       if (screw_execute_status == 0){\n'}
[3.259422] (screw_robot_control) StderrLine: {'line': b'      |           ^~~~~~~~~~~~~~~~~~~~\n'}
[3.259444] (screw_robot_control) StderrLine: {'line': b'      |           screw_execute_status_\n'}
[3.259466] (screw_robot_control) StderrLine: {'line': b'/home/yanji/robot_screwing/src/screw_robot_control/src/right_arm_control.cpp:624:11: error: \xe2\x80\x98cout\xe2\x80\x99 was not declared in this scope; did you mean \xe2\x80\x98std::cout\xe2\x80\x99?\n'}
[3.259488] (screw_robot_control) StderrLine: {'line': b'  624 |           cout<<"the obj is grasped"<<endl; break;}}\n'}
[3.259510] (screw_robot_control) StderrLine: {'line': b'      |           ^~~~\n'}
[3.259532] (screw_robot_control) StderrLine: {'line': b'      |           std::cout\n'}
[3.259554] (screw_robot_control) StderrLine: {'line': b'/usr/include/c++/13/iostream:63:18: note: \xe2\x80\x98std::cout\xe2\x80\x99 declared here\n'}
[3.259576] (screw_robot_control) StderrLine: {'line': b'   63 |   extern ostream cout;          ///< Linked to standard output\n'}
[3.259597] (screw_robot_control) StderrLine: {'line': b'      |                  ^~~~\n'}
[3.259618] (screw_robot_control) StderrLine: {'line': b'/home/yanji/robot_screwing/src/screw_robot_control/src/right_arm_control.cpp:624:39: error: \xe2\x80\x98endl\xe2\x80\x99 was not declared in this scope; did you mean \xe2\x80\x98std::endl\xe2\x80\x99?\n'}
[3.259642] (screw_robot_control) StderrLine: {'line': b'  624 |           cout<<"the obj is grasped"<<endl; break;}}\n'}
[3.259664] (screw_robot_control) StderrLine: {'line': b'      |                                       ^~~~\n'}
[3.259685] (screw_robot_control) StderrLine: {'line': b'      |                                       std::endl\n'}
[3.259707] (screw_robot_control) StderrLine: {'line': b'/usr/include/c++/13/ostream:735:5: note: \xe2\x80\x98std::endl\xe2\x80\x99 declared here\n'}
[3.259728] (screw_robot_control) StderrLine: {'line': b'  735 |     endl(basic_ostream<_CharT, _Traits>& __os)\n'}
[3.259748] (screw_robot_control) StderrLine: {'line': b'      |     ^~~~\n'}
[3.259770] (screw_robot_control) StderrLine: {'line': b'/home/yanji/robot_screwing/src/screw_robot_control/src/right_arm_control.cpp: In member function \xe2\x80\x98void right_arm::RobotAdmittanceControl::robot_finish()\xe2\x80\x99:\n'}
[3.259791] (screw_robot_control) StderrLine: {'line': b'/home/yanji/robot_screwing/src/screw_robot_control/src/right_arm_control.cpp:628:3: error: \xe2\x80\x98real_robot_control\xe2\x80\x99 has not been declared\n'}
[3.259812] (screw_robot_control) StderrLine: {'line': b'  628 |   real_robot_control::screwGoal goal;\n'}
[3.259832] (screw_robot_control) StderrLine: {'line': b'      |   ^~~~~~~~~~~~~~~~~~\n'}
[3.259852] (screw_robot_control) StderrLine: {'line': b'/home/yanji/robot_screwing/src/screw_robot_control/src/right_arm_control.cpp:643:3: error: \xe2\x80\x98goal\xe2\x80\x99 was not declared in this scope\n'}
[3.259873] (screw_robot_control) StderrLine: {'line': b'  643 |   goal.num = 4;\n'}
[3.259893] (screw_robot_control) StderrLine: {'line': b'      |   ^~~~\n'}
[3.259914] (screw_robot_control) StderrLine: {'line': b'/home/yanji/robot_screwing/src/screw_robot_control/src/right_arm_control.cpp:644:3: error: \xe2\x80\x98client\xe2\x80\x99 was not declared in this scope; did you mean \xe2\x80\x98client_\xe2\x80\x99?\n'}
[3.259936] (screw_robot_control) StderrLine: {'line': b'  644 |   client.sendGoal(goal,\n'}
[3.259958] (screw_robot_control) StderrLine: {'line': b'      |   ^~~~~~\n'}
[3.259979] (screw_robot_control) StderrLine: {'line': b'      |   client_\n'}
[3.260000] (screw_robot_control) StderrLine: {'line': b'/home/yanji/robot_screwing/src/screw_robot_control/src/right_arm_control.cpp:648:10: error: \xe2\x80\x98ros\xe2\x80\x99 has not been declared\n'}
[3.260022] (screw_robot_control) StderrLine: {'line': b'  648 |   while (ros::ok()){\n'}
[3.260044] (screw_robot_control) StderrLine: {'line': b'      |          ^~~\n'}
[3.260069] (screw_robot_control) StderrLine: {'line': b'/home/yanji/robot_screwing/src/screw_robot_control/src/right_arm_control.cpp:649:7: error: \xe2\x80\x98ros\xe2\x80\x99 has not been declared\n'}
[3.260091] (screw_robot_control) StderrLine: {'line': b'  649 |       ros::spinOnce(); //\xe5\xa4\x84\xe7\x90\x86\xe4\xb8\x80\xe4\xb8\x8b\xe4\xb8\x8a\xe9\x9d\xa2\xe7\x9a\x84\xe5\x9b\x9e\xe8\xb0\x83\xe5\x87\xbd\xe6\x95\xb0\n'}
[3.260114] (screw_robot_control) StderrLine: {'line': b'      |       ^~~\n'}
[3.260135] (screw_robot_control) StderrLine: {'line': b'/home/yanji/robot_screwing/src/screw_robot_control/src/right_arm_control.cpp:650:11: error: \xe2\x80\x98screw_execute_result\xe2\x80\x99 was not declared in this scope; did you mean \xe2\x80\x98screw_execute_result_\xe2\x80\x99?\n'}
[3.260157] (screw_robot_control) StderrLine: {'line': b'  650 |       if (screw_execute_result == 4){\n'}
[3.260179] (screw_robot_control) StderrLine: {'line': b'      |           ^~~~~~~~~~~~~~~~~~~~\n'}
[3.260200] (screw_robot_control) StderrLine: {'line': b'      |           screw_execute_result_\n'}
[3.260222] (screw_robot_control) StderrLine: {'line': b'/home/yanji/robot_screwing/src/screw_robot_control/src/right_arm_control.cpp: In member function \xe2\x80\x98void right_arm::RobotAdmittanceControl::go_to_pose(char)\xe2\x80\x99:\n'}
[3.260245] (screw_robot_control) StderrLine: {'line': b'/home/yanji/robot_screwing/src/screw_robot_control/src/right_arm_control.cpp:775:7: error: \xe2\x80\x98cout\xe2\x80\x99 was not declared in this scope; did you mean \xe2\x80\x98std::cout\xe2\x80\x99?\n'}
[3.260266] (screw_robot_control) StderrLine: {'line': b'  775 |       cout << new_pos.tran.x <<" "<< new_pos.tran.y <<" "<< new_pos.tran.z << endl;\n'}
[3.260288] (screw_robot_control) StderrLine: {'line': b'      |       ^~~~\n'}
[3.260308] (screw_robot_control) StderrLine: {'line': b'      |       std::cout\n'}
[3.260329] (screw_robot_control) StderrLine: {'line': b'/usr/include/c++/13/iostream:63:18: note: \xe2\x80\x98std::cout\xe2\x80\x99 declared here\n'}
[3.260352] (screw_robot_control) StderrLine: {'line': b'   63 |   extern ostream cout;          ///< Linked to standard output\n'}
[3.260373] (screw_robot_control) StderrLine: {'line': b'      |                  ^~~~\n'}
[3.260394] (screw_robot_control) StderrLine: {'line': b'/home/yanji/robot_screwing/src/screw_robot_control/src/right_arm_control.cpp:775:79: error: \xe2\x80\x98endl\xe2\x80\x99 was not declared in this scope; did you mean \xe2\x80\x98std::endl\xe2\x80\x99?\n'}
[3.260417] (screw_robot_control) StderrLine: {'line': b'  775 |       cout << new_pos.tran.x <<" "<< new_pos.tran.y <<" "<< new_pos.tran.z << endl;\n'}
[3.260438] (screw_robot_control) StderrLine: {'line': b'      |                                                                               ^~~~\n'}
[3.260459] (screw_robot_control) StderrLine: {'line': b'      |                                                                               std::endl\n'}
[3.260480] (screw_robot_control) StderrLine: {'line': b'/usr/include/c++/13/ostream:735:5: note: \xe2\x80\x98std::endl\xe2\x80\x99 declared here\n'}
[3.260501] (screw_robot_control) StderrLine: {'line': b'  735 |     endl(basic_ostream<_CharT, _Traits>& __os)\n'}
[3.260522] (screw_robot_control) StderrLine: {'line': b'      |     ^~~~\n'}
[3.260544] (screw_robot_control) StderrLine: {'line': b'/home/yanji/robot_screwing/src/screw_robot_control/src/right_arm_control.cpp: In member function \xe2\x80\x98void right_arm::RobotAdmittanceControl::reset()\xe2\x80\x99:\n'}
[3.260565] (screw_robot_control) StderrLine: {'line': b'/home/yanji/robot_screwing/src/screw_robot_control/src/right_arm_control.cpp:783:3: error: \xe2\x80\x98cout\xe2\x80\x99 was not declared in this scope; did you mean \xe2\x80\x98std::cout\xe2\x80\x99?\n'}
[3.260587] (screw_robot_control) StderrLine: {'line': b'  783 |   cout<< "reset the robot"<<endl;\n'}
[3.260611] (screw_robot_control) StderrLine: {'line': b'      |   ^~~~\n'}
[3.260632] (screw_robot_control) StderrLine: {'line': b'      |   std::cout\n'}
[3.260654] (screw_robot_control) StderrLine: {'line': b'/usr/include/c++/13/iostream:63:18: note: \xe2\x80\x98std::cout\xe2\x80\x99 declared here\n'}
[3.260675] (screw_robot_control) StderrLine: {'line': b'   63 |   extern ostream cout;          ///< Linked to standard output\n'}
[3.260696] (screw_robot_control) StderrLine: {'line': b'      |                  ^~~~\n'}
[3.260717] (screw_robot_control) StderrLine: {'line': b'/home/yanji/robot_screwing/src/screw_robot_control/src/right_arm_control.cpp:783:29: error: \xe2\x80\x98endl\xe2\x80\x99 was not declared in this scope; did you mean \xe2\x80\x98std::endl\xe2\x80\x99?\n'}
[3.260739] (screw_robot_control) StderrLine: {'line': b'  783 |   cout<< "reset the robot"<<endl;\n'}
[3.260760] (screw_robot_control) StderrLine: {'line': b'      |                             ^~~~\n'}
[3.260781] (screw_robot_control) StderrLine: {'line': b'      |                             std::endl\n'}
[3.260802] (screw_robot_control) StderrLine: {'line': b'/usr/include/c++/13/ostream:735:5: note: \xe2\x80\x98std::endl\xe2\x80\x99 declared here\n'}
[3.260823] (screw_robot_control) StderrLine: {'line': b'  735 |     endl(basic_ostream<_CharT, _Traits>& __os)\n'}
[3.260844] (screw_robot_control) StderrLine: {'line': b'      |     ^~~~\n'}
[3.260867] (screw_robot_control) StderrLine: {'line': b'make[2]: *** [CMakeFiles/right_arm_control.dir/build.make:63\xef\xbc\x9aCMakeFiles/right_arm_control.dir/src/right_arm_control.cpp.o] \xe9\x94\x99\xe8\xaf\xaf 1\n'}
[3.260889] (screw_robot_control) StderrLine: {'line': b'make[1]: *** [CMakeFiles/Makefile2:78\xef\xbc\x9aCMakeFiles/right_arm_control.dir/all] \xe9\x94\x99\xe8\xaf\xaf 2\n'}
[3.260910] (screw_robot_control) StderrLine: {'line': b'make: *** [Makefile:141\xef\xbc\x9aall] \xe9\x94\x99\xe8\xaf\xaf 2\n'}
[3.260933] (screw_robot_control) CommandEnded: {'returncode': 2}
[3.261085] (screw_robot_control) JobEnded: {'identifier': 'screw_robot_control', 'rc': 2}
[3.264429] (-) EventReactorShutdown: {}
