[0.000000] (-) TimerEvent: {}
[0.000129] (mj_sim) JobQueued: {'identifier': 'mj_sim', 'dependencies': OrderedDict()}
[0.000169] (real_robot) JobQueued: {'identifier': 'real_robot', 'dependencies': OrderedDict()}
[0.000255] (robot_msgs) JobQueued: {'identifier': 'robot_msgs', 'dependencies': OrderedDict()}
[0.000305] (screw_robot_control) JobQueued: {'identifier': 'screw_robot_control', 'dependencies': OrderedDict([('robot_msgs', '/home/yanji/robot_screwing/install/robot_msgs')])}
[0.000352] (robot_msgs) JobStarted: {'identifier': 'robot_msgs'}
[0.003558] (mj_sim) JobStarted: {'identifier': 'mj_sim'}
[0.006649] (real_robot) JobStarted: {'identifier': 'real_robot'}
[0.010370] (robot_msgs) JobProgress: {'identifier': 'robot_msgs', 'progress': 'cmake'}
[0.010695] (robot_msgs) JobProgress: {'identifier': 'robot_msgs', 'progress': 'build'}
[0.010973] (robot_msgs) Command: {'cmd': ['/usr/bin/cmake', '--build', '/home/yanji/robot_screwing/build/robot_msgs', '--', '-j24', '-l24'], 'cwd': '/home/yanji/robot_screwing/build/robot_msgs', 'env': OrderedDict([('LESSOPEN', '| /usr/bin/lesspipe %s'), ('LIBRARY_PATH', '/home/yanji/jaka_python:/home/yanji/jaka_python::/usr/local/cuda/lib64:/usr/local/cuda/lib64'), ('CONDA_PROMPT_MODIFIER', '(screwrobot)'), ('HTTPS_PROXY', 'http://127.0.0.1:7890/'), ('no_proxy', 'localhost,127.0.0.0/8,::1'), ('LANGUAGE', 'zh_CN:en'), ('USER', 'yanji'), ('LC_TIME', 'en_US.UTF-8'), ('all_proxy', 'socks://127.0.0.1:7891/'), ('SSH_AGENT_PID', '2001'), ('XDG_SESSION_TYPE', 'x11'), ('GIT_ASKPASS', '/usr/share/code/resources/app/extensions/git/dist/askpass.sh'), ('SHLVL', '2'), ('LD_LIBRARY_PATH', '/lib/x86_64-linux-gnu:/usr/lib/x86_64-linux-gnu:/home/yanji/robot_screwing/install/screw_robot_control/lib:/home/yanji/robot_screwing/install/robot_msgs/lib:/opt/ros/foxy/opt/yaml_cpp_vendor/lib:/opt/ros/foxy/opt/rviz_ogre_vendor/lib:/opt/ros/foxy/lib/x86_64-linux-gnu:/opt/ros/foxy/lib:/lib/x86_64-linux-gnu:/usr/lib/x86_64-linux-gnu::/usr/local/cuda/lib64:/usr/local/cuda/lib64'), ('HOME', '/home/yanji'), ('CHROME_DESKTOP', 'code.desktop'), ('CONDA_SHLVL', '1'), ('TERM_PROGRAM_VERSION', '1.97.2'), ('DESKTOP_SESSION', 'ubuntu'), ('NO_PROXY', 'localhost,127.0.0.0/8,::1'), ('ROS_PYTHON_VERSION', '3'), ('GNOME_SHELL_SESSION_MODE', 'ubuntu'), ('GTK_MODULES', 'gail:atk-bridge'), ('XDG_SEAT_PATH', '/org/freedesktop/DisplayManager/Seat0'), ('VSCODE_GIT_ASKPASS_MAIN', '/usr/share/code/resources/app/extensions/git/dist/askpass-main.js'), ('PS1', '\\[\x1b]633;A\x07\\](screwrobot) \\[\\e]0;\\u@\\h: \\w\\a\\]${debian_chroot:+($debian_chroot)}\\[\\033[01;32m\\]\\u@\\h\\[\\033[00m\\]:\\[\\033[01;34m\\]\\w\\[\\033[00m\\]\\$ \\[\x1b]633;B\x07\\]'), ('LC_MONETARY', 'en_US.UTF-8'), ('VSCODE_GIT_ASKPASS_NODE', '/usr/share/code/code'), ('MANAGERPID', '1913'), ('PYDEVD_DISABLE_FILE_VALIDATION', '1'), ('BUNDLED_DEBUGPY_PATH', '/home/yanji/.vscode/extensions/ms-python.debugpy-2025.8.0-linux-x64/bundled/libs/debugpy'), ('DBUS_SESSION_BUS_ADDRESS', 'unix:path=/run/user/1000/bus'), ('COLORTERM', 'truecolor'), ('_CE_M', ''), ('IM_CONFIG_PHASE', '1'), ('https_proxy', 'http://127.0.0.1:7890/'), ('COLCON_PREFIX_PATH', '/home/yanji/robot_screwing/install'), ('ROS_DISTRO', 'foxy'), ('LOGNAME', 'yanji'), ('CONDA_ROOT', '/home/yanji/anaconda3'), ('ALL_PROXY', 'socks://127.0.0.1:7891/'), ('http_proxy', 'http://127.0.0.1:7890/'), ('JOURNAL_STREAM', '8:55105'), ('_', '/usr/bin/colcon'), ('ROS_VERSION', '2'), ('XDG_SESSION_CLASS', 'user'), ('TERM', 'xterm-256color'), ('GNOME_DESKTOP_SESSION_ID', 'this-is-deprecated'), ('_CE_CONDA', ''), ('ROS_LOCALHOST_ONLY', '0'), ('PATH', '/home/yanji/anaconda3/envs/screwrobot/bin:/opt/ros/foxy/bin:/usr/lib/ccache:/home/yanji/anaconda3/condabin:/home/yanji/.local/bin:/usr/local/sbin:/usr/local/bin:/usr/sbin:/usr/bin:/sbin:/bin:/usr/games:/usr/local/games:/snap/bin:/usr/local/cuda/bin:/home/yanji/pycharm/bin:/opt/ros/foxy/bin:/usr/lib/ccache:/home/yanji/anaconda3/envs/screwrobot/bin:/usr/lib/ccache:/home/yanji/anaconda3/condabin:/home/yanji/.local/bin:/usr/local/sbin:/usr/local/bin:/usr/sbin:/usr/bin:/sbin:/bin:/usr/games:/usr/local/games:/snap/bin:/usr/local/cuda/bin:/home/yanji/pycharm/bin:/home/yanji/anaconda3/envs/screwrobot/bin:/usr/lib/ccache:/home/yanji/anaconda3/condabin:/home/yanji/.local/bin:/usr/local/sbin:/usr/local/bin:/usr/sbin:/usr/bin:/sbin:/bin:/usr/games:/usr/local/games:/snap/bin:/usr/local/cuda/bin:/home/yanji/pycharm/bin/:/usr/local/cuda/bin:/home/yanji/pycharm/bin/'), ('SESSION_MANAGER', 'local/yanji-server:@/tmp/.ICE-unix/2037,unix/yanji-server:/tmp/.ICE-unix/2037'), ('GDM_LANG', 'zh_CN'), ('INVOCATION_ID', 'f74828f496264434998967c741588413'), ('PAPERSIZE', 'letter'), ('XDG_SESSION_PATH', '/org/freedesktop/DisplayManager/Session0'), ('XDG_MENU_PREFIX', 'gnome-'), ('LC_ADDRESS', 'en_US.UTF-8'), ('GNOME_TERMINAL_SCREEN', '/org/gnome/Terminal/screen/337b567d_41aa_4403_9182_7d1dab657401'), ('XDG_RUNTIME_DIR', '/run/user/1000'), ('GDK_BACKEND', 'x11'), ('DISPLAY', ':0'), ('VSCODE_DEBUGPY_ADAPTER_ENDPOINTS', '/home/yanji/.vscode/extensions/ms-python.debugpy-2025.8.0-linux-x64/.noConfigDebugAdapterEndpoints/endpoint-35e173d817dea6ca.txt'), ('LANG', 'zh_CN.UTF-8'), ('XDG_CURRENT_DESKTOP', 'Unity'), ('LC_TELEPHONE', 'en_US.UTF-8'), ('XMODIFIERS', '@im=ibus'), ('XDG_SESSION_DESKTOP', 'ubuntu'), ('XAUTHORITY', '/home/yanji/.Xauthority'), ('LS_COLORS', 'rs=0:di=01;34:ln=01;36:mh=00:pi=40;33:so=01;35:do=01;35:bd=40;33;01:cd=40;33;01:or=40;31;01:mi=00:su=37;41:sg=30;43:ca=30;41:tw=30;42:ow=34;42:st=37;44:ex=01;32:*.tar=01;31:*.tgz=01;31:*.arc=01;31:*.arj=01;31:*.taz=01;31:*.lha=01;31:*.lz4=01;31:*.lzh=01;31:*.lzma=01;31:*.tlz=01;31:*.txz=01;31:*.tzo=01;31:*.t7z=01;31:*.zip=01;31:*.z=01;31:*.dz=01;31:*.gz=01;31:*.lrz=01;31:*.lz=01;31:*.lzo=01;31:*.xz=01;31:*.zst=01;31:*.tzst=01;31:*.bz2=01;31:*.bz=01;31:*.tbz=01;31:*.tbz2=01;31:*.tz=01;31:*.deb=01;31:*.rpm=01;31:*.jar=01;31:*.war=01;31:*.ear=01;31:*.sar=01;31:*.rar=01;31:*.alz=01;31:*.ace=01;31:*.zoo=01;31:*.cpio=01;31:*.7z=01;31:*.rz=01;31:*.cab=01;31:*.wim=01;31:*.swm=01;31:*.dwm=01;31:*.esd=01;31:*.jpg=01;35:*.jpeg=01;35:*.mjpg=01;35:*.mjpeg=01;35:*.gif=01;35:*.bmp=01;35:*.pbm=01;35:*.pgm=01;35:*.ppm=01;35:*.tga=01;35:*.xbm=01;35:*.xpm=01;35:*.tif=01;35:*.tiff=01;35:*.png=01;35:*.svg=01;35:*.svgz=01;35:*.mng=01;35:*.pcx=01;35:*.mov=01;35:*.mpg=01;35:*.mpeg=01;35:*.m2v=01;35:*.mkv=01;35:*.webm=01;35:*.ogm=01;35:*.mp4=01;35:*.m4v=01;35:*.mp4v=01;35:*.vob=01;35:*.qt=01;35:*.nuv=01;35:*.wmv=01;35:*.asf=01;35:*.rm=01;35:*.rmvb=01;35:*.flc=01;35:*.avi=01;35:*.fli=01;35:*.flv=01;35:*.gl=01;35:*.dl=01;35:*.xcf=01;35:*.xwd=01;35:*.yuv=01;35:*.cgm=01;35:*.emf=01;35:*.ogv=01;35:*.ogx=01;35:*.aac=00;36:*.au=00;36:*.flac=00;36:*.m4a=00;36:*.mid=00;36:*.midi=00;36:*.mka=00;36:*.mp3=00;36:*.mpc=00;36:*.ogg=00;36:*.ra=00;36:*.wav=00;36:*.oga=00;36:*.opus=00;36:*.spx=00;36:*.xspf=00;36:'), ('VSCODE_GIT_IPC_HANDLE', '/run/user/1000/vscode-git-51992ed709.sock'), ('GNOME_TERMINAL_SERVICE', ':1.82'), ('TERM_PROGRAM', 'vscode'), ('SSH_AUTH_SOCK', '/run/user/1000/keyring/ssh'), ('XDG_GREETER_DATA_DIR', '/var/lib/lightdm-data/yanji'), ('AMENT_PREFIX_PATH', '/home/yanji/robot_screwing/install/screw_robot_control:/home/yanji/robot_screwing/install/robot_msgs:/home/yanji/robot_screwing/install/real_robot:/home/yanji/robot_screwing/install/mj_sim:/opt/ros/foxy'), ('CONDA_PYTHON_EXE', '/home/yanji/anaconda3/bin/python'), ('ORIGINAL_XDG_CURRENT_DESKTOP', 'ubuntu:GNOME'), ('SHELL', '/bin/bash'), ('LC_NAME', 'en_US.UTF-8'), ('QT_ACCESSIBILITY', '1'), ('GDMSESSION', 'ubuntu'), ('LESSCLOSE', '/usr/bin/lesspipe %s %s'), ('CONDA_DEFAULT_ENV', 'screwrobot'), ('LC_MEASUREMENT', 'en_US.UTF-8'), ('GPG_AGENT_INFO', '/run/user/1000/gnupg/S.gpg-agent:0:1'), ('LC_IDENTIFICATION', 'en_US.UTF-8'), ('VSCODE_GIT_ASKPASS_EXTRA_ARGS', ''), ('QT_IM_MODULE', 'ibus'), ('PWD', '/home/yanji/robot_screwing/build/robot_msgs'), ('LC_ALL', 'en_US.UTF-8'), ('XDG_CONFIG_DIRS', '/etc/xdg/xdg-ubuntu:/etc/xdg'), ('CONDA_EXE', '/home/yanji/anaconda3/bin/conda'), ('XDG_DATA_DIRS', '/usr/share/ubuntu:/home/yanji/.local/share/flatpak/exports/share:/var/lib/flatpak/exports/share:/usr/local/share:/usr/share:/var/lib/snapd/desktop'), ('PYTHONPATH', '/home/yanji/robot_screwing/install/robot_msgs/lib/python3.8/site-packages:/home/yanji/robot_screwing/install/real_robot/lib/python3.8/site-packages:/home/yanji/robot_screwing/install/mj_sim/lib/python3.8/site-packages:/opt/ros/foxy/lib/python3.8/site-packages'), ('HTTP_PROXY', 'http://127.0.0.1:7890/'), ('LC_NUMERIC', 'en_US.UTF-8'), ('CONDA_PREFIX', '/home/yanji/anaconda3/envs/screwrobot'), ('LC_PAPER', 'en_US.UTF-8'), ('COLCON', '1'), ('VTE_VERSION', '6003'), ('CMAKE_PREFIX_PATH', '/home/yanji/robot_screwing/install/screw_robot_control:/home/yanji/robot_screwing/install/robot_msgs:/home/yanji/robot_screwing/install/real_robot:/home/yanji/robot_screwing/install/mj_sim:/opt/ros/foxy')]), 'shell': False}
[0.099953] (-) TimerEvent: {}
[0.200249] (-) TimerEvent: {}
[0.236492] (robot_msgs) StdoutLine: {'line': b'[  1%] Built target robot_msgs__cpp\n'}
[0.236781] (robot_msgs) StdoutLine: {'line': b'[ 12%] Built target robot_msgs__rosidl_generator_c\n'}
[0.237140] (robot_msgs) StdoutLine: {'line': b'[ 24%] Built target robot_msgs__rosidl_typesupport_cpp\n'}
[0.237191] (robot_msgs) StdoutLine: {'line': b'[ 35%] Built target robot_msgs__rosidl_typesupport_introspection_cpp\n'}
[0.237298] (robot_msgs) StdoutLine: {'line': b'[ 47%] Built target robot_msgs__rosidl_typesupport_c\n'}
[0.237400] (robot_msgs) StdoutLine: {'line': b'[ 58%] Built target robot_msgs__rosidl_typesupport_introspection_c\n'}
[0.237950] (robot_msgs) StdoutLine: {'line': b'[ 70%] Built target robot_msgs__rosidl_typesupport_fastrtps_cpp\n'}
[0.238018] (robot_msgs) StdoutLine: {'line': b'[ 81%] Built target robot_msgs__rosidl_typesupport_fastrtps_c\n'}
[0.238045] (robot_msgs) StdoutLine: {'line': b'[ 81%] Built target robot_msgs\n'}
[0.238070] (robot_msgs) StdoutLine: {'line': b'[ 82%] Built target robot_msgs__py\n'}
[0.238096] (robot_msgs) StdoutLine: {'line': b'[ 93%] Built target robot_msgs__python\n'}
[0.238120] (robot_msgs) StdoutLine: {'line': b'[ 95%] Built target robot_msgs__rosidl_typesupport_introspection_c__pyext\n'}
[0.238144] (robot_msgs) StdoutLine: {'line': b'[ 97%] Built target robot_msgs__rosidl_typesupport_c__pyext\n'}
[0.238169] (robot_msgs) StdoutLine: {'line': b'[100%] Built target robot_msgs__rosidl_typesupport_fastrtps_c__pyext\n'}
[0.238197] (robot_msgs) CommandEnded: {'returncode': 0}
[0.238422] (robot_msgs) JobProgress: {'identifier': 'robot_msgs', 'progress': 'install'}
[0.241704] (robot_msgs) Command: {'cmd': ['/usr/bin/cmake', '--install', '/home/yanji/robot_screwing/build/robot_msgs'], 'cwd': '/home/yanji/robot_screwing/build/robot_msgs', 'env': OrderedDict([('LESSOPEN', '| /usr/bin/lesspipe %s'), ('LIBRARY_PATH', '/home/yanji/jaka_python:/home/yanji/jaka_python::/usr/local/cuda/lib64:/usr/local/cuda/lib64'), ('CONDA_PROMPT_MODIFIER', '(screwrobot)'), ('HTTPS_PROXY', 'http://127.0.0.1:7890/'), ('no_proxy', 'localhost,127.0.0.0/8,::1'), ('LANGUAGE', 'zh_CN:en'), ('USER', 'yanji'), ('LC_TIME', 'en_US.UTF-8'), ('all_proxy', 'socks://127.0.0.1:7891/'), ('SSH_AGENT_PID', '2001'), ('XDG_SESSION_TYPE', 'x11'), ('GIT_ASKPASS', '/usr/share/code/resources/app/extensions/git/dist/askpass.sh'), ('SHLVL', '2'), ('LD_LIBRARY_PATH', '/lib/x86_64-linux-gnu:/usr/lib/x86_64-linux-gnu:/home/yanji/robot_screwing/install/screw_robot_control/lib:/home/yanji/robot_screwing/install/robot_msgs/lib:/opt/ros/foxy/opt/yaml_cpp_vendor/lib:/opt/ros/foxy/opt/rviz_ogre_vendor/lib:/opt/ros/foxy/lib/x86_64-linux-gnu:/opt/ros/foxy/lib:/lib/x86_64-linux-gnu:/usr/lib/x86_64-linux-gnu::/usr/local/cuda/lib64:/usr/local/cuda/lib64'), ('HOME', '/home/yanji'), ('CHROME_DESKTOP', 'code.desktop'), ('CONDA_SHLVL', '1'), ('TERM_PROGRAM_VERSION', '1.97.2'), ('DESKTOP_SESSION', 'ubuntu'), ('NO_PROXY', 'localhost,127.0.0.0/8,::1'), ('ROS_PYTHON_VERSION', '3'), ('GNOME_SHELL_SESSION_MODE', 'ubuntu'), ('GTK_MODULES', 'gail:atk-bridge'), ('XDG_SEAT_PATH', '/org/freedesktop/DisplayManager/Seat0'), ('VSCODE_GIT_ASKPASS_MAIN', '/usr/share/code/resources/app/extensions/git/dist/askpass-main.js'), ('PS1', '\\[\x1b]633;A\x07\\](screwrobot) \\[\\e]0;\\u@\\h: \\w\\a\\]${debian_chroot:+($debian_chroot)}\\[\\033[01;32m\\]\\u@\\h\\[\\033[00m\\]:\\[\\033[01;34m\\]\\w\\[\\033[00m\\]\\$ \\[\x1b]633;B\x07\\]'), ('LC_MONETARY', 'en_US.UTF-8'), ('VSCODE_GIT_ASKPASS_NODE', '/usr/share/code/code'), ('MANAGERPID', '1913'), ('PYDEVD_DISABLE_FILE_VALIDATION', '1'), ('BUNDLED_DEBUGPY_PATH', '/home/yanji/.vscode/extensions/ms-python.debugpy-2025.8.0-linux-x64/bundled/libs/debugpy'), ('DBUS_SESSION_BUS_ADDRESS', 'unix:path=/run/user/1000/bus'), ('COLORTERM', 'truecolor'), ('_CE_M', ''), ('IM_CONFIG_PHASE', '1'), ('https_proxy', 'http://127.0.0.1:7890/'), ('COLCON_PREFIX_PATH', '/home/yanji/robot_screwing/install'), ('ROS_DISTRO', 'foxy'), ('LOGNAME', 'yanji'), ('CONDA_ROOT', '/home/yanji/anaconda3'), ('ALL_PROXY', 'socks://127.0.0.1:7891/'), ('http_proxy', 'http://127.0.0.1:7890/'), ('JOURNAL_STREAM', '8:55105'), ('_', '/usr/bin/colcon'), ('ROS_VERSION', '2'), ('XDG_SESSION_CLASS', 'user'), ('TERM', 'xterm-256color'), ('GNOME_DESKTOP_SESSION_ID', 'this-is-deprecated'), ('_CE_CONDA', ''), ('ROS_LOCALHOST_ONLY', '0'), ('PATH', '/home/yanji/anaconda3/envs/screwrobot/bin:/opt/ros/foxy/bin:/usr/lib/ccache:/home/yanji/anaconda3/condabin:/home/yanji/.local/bin:/usr/local/sbin:/usr/local/bin:/usr/sbin:/usr/bin:/sbin:/bin:/usr/games:/usr/local/games:/snap/bin:/usr/local/cuda/bin:/home/yanji/pycharm/bin:/opt/ros/foxy/bin:/usr/lib/ccache:/home/yanji/anaconda3/envs/screwrobot/bin:/usr/lib/ccache:/home/yanji/anaconda3/condabin:/home/yanji/.local/bin:/usr/local/sbin:/usr/local/bin:/usr/sbin:/usr/bin:/sbin:/bin:/usr/games:/usr/local/games:/snap/bin:/usr/local/cuda/bin:/home/yanji/pycharm/bin:/home/yanji/anaconda3/envs/screwrobot/bin:/usr/lib/ccache:/home/yanji/anaconda3/condabin:/home/yanji/.local/bin:/usr/local/sbin:/usr/local/bin:/usr/sbin:/usr/bin:/sbin:/bin:/usr/games:/usr/local/games:/snap/bin:/usr/local/cuda/bin:/home/yanji/pycharm/bin/:/usr/local/cuda/bin:/home/yanji/pycharm/bin/'), ('SESSION_MANAGER', 'local/yanji-server:@/tmp/.ICE-unix/2037,unix/yanji-server:/tmp/.ICE-unix/2037'), ('GDM_LANG', 'zh_CN'), ('INVOCATION_ID', 'f74828f496264434998967c741588413'), ('PAPERSIZE', 'letter'), ('XDG_SESSION_PATH', '/org/freedesktop/DisplayManager/Session0'), ('XDG_MENU_PREFIX', 'gnome-'), ('LC_ADDRESS', 'en_US.UTF-8'), ('GNOME_TERMINAL_SCREEN', '/org/gnome/Terminal/screen/337b567d_41aa_4403_9182_7d1dab657401'), ('XDG_RUNTIME_DIR', '/run/user/1000'), ('GDK_BACKEND', 'x11'), ('DISPLAY', ':0'), ('VSCODE_DEBUGPY_ADAPTER_ENDPOINTS', '/home/yanji/.vscode/extensions/ms-python.debugpy-2025.8.0-linux-x64/.noConfigDebugAdapterEndpoints/endpoint-35e173d817dea6ca.txt'), ('LANG', 'zh_CN.UTF-8'), ('XDG_CURRENT_DESKTOP', 'Unity'), ('LC_TELEPHONE', 'en_US.UTF-8'), ('XMODIFIERS', '@im=ibus'), ('XDG_SESSION_DESKTOP', 'ubuntu'), ('XAUTHORITY', '/home/yanji/.Xauthority'), ('LS_COLORS', 'rs=0:di=01;34:ln=01;36:mh=00:pi=40;33:so=01;35:do=01;35:bd=40;33;01:cd=40;33;01:or=40;31;01:mi=00:su=37;41:sg=30;43:ca=30;41:tw=30;42:ow=34;42:st=37;44:ex=01;32:*.tar=01;31:*.tgz=01;31:*.arc=01;31:*.arj=01;31:*.taz=01;31:*.lha=01;31:*.lz4=01;31:*.lzh=01;31:*.lzma=01;31:*.tlz=01;31:*.txz=01;31:*.tzo=01;31:*.t7z=01;31:*.zip=01;31:*.z=01;31:*.dz=01;31:*.gz=01;31:*.lrz=01;31:*.lz=01;31:*.lzo=01;31:*.xz=01;31:*.zst=01;31:*.tzst=01;31:*.bz2=01;31:*.bz=01;31:*.tbz=01;31:*.tbz2=01;31:*.tz=01;31:*.deb=01;31:*.rpm=01;31:*.jar=01;31:*.war=01;31:*.ear=01;31:*.sar=01;31:*.rar=01;31:*.alz=01;31:*.ace=01;31:*.zoo=01;31:*.cpio=01;31:*.7z=01;31:*.rz=01;31:*.cab=01;31:*.wim=01;31:*.swm=01;31:*.dwm=01;31:*.esd=01;31:*.jpg=01;35:*.jpeg=01;35:*.mjpg=01;35:*.mjpeg=01;35:*.gif=01;35:*.bmp=01;35:*.pbm=01;35:*.pgm=01;35:*.ppm=01;35:*.tga=01;35:*.xbm=01;35:*.xpm=01;35:*.tif=01;35:*.tiff=01;35:*.png=01;35:*.svg=01;35:*.svgz=01;35:*.mng=01;35:*.pcx=01;35:*.mov=01;35:*.mpg=01;35:*.mpeg=01;35:*.m2v=01;35:*.mkv=01;35:*.webm=01;35:*.ogm=01;35:*.mp4=01;35:*.m4v=01;35:*.mp4v=01;35:*.vob=01;35:*.qt=01;35:*.nuv=01;35:*.wmv=01;35:*.asf=01;35:*.rm=01;35:*.rmvb=01;35:*.flc=01;35:*.avi=01;35:*.fli=01;35:*.flv=01;35:*.gl=01;35:*.dl=01;35:*.xcf=01;35:*.xwd=01;35:*.yuv=01;35:*.cgm=01;35:*.emf=01;35:*.ogv=01;35:*.ogx=01;35:*.aac=00;36:*.au=00;36:*.flac=00;36:*.m4a=00;36:*.mid=00;36:*.midi=00;36:*.mka=00;36:*.mp3=00;36:*.mpc=00;36:*.ogg=00;36:*.ra=00;36:*.wav=00;36:*.oga=00;36:*.opus=00;36:*.spx=00;36:*.xspf=00;36:'), ('VSCODE_GIT_IPC_HANDLE', '/run/user/1000/vscode-git-51992ed709.sock'), ('GNOME_TERMINAL_SERVICE', ':1.82'), ('TERM_PROGRAM', 'vscode'), ('SSH_AUTH_SOCK', '/run/user/1000/keyring/ssh'), ('XDG_GREETER_DATA_DIR', '/var/lib/lightdm-data/yanji'), ('AMENT_PREFIX_PATH', '/home/yanji/robot_screwing/install/screw_robot_control:/home/yanji/robot_screwing/install/robot_msgs:/home/yanji/robot_screwing/install/real_robot:/home/yanji/robot_screwing/install/mj_sim:/opt/ros/foxy'), ('CONDA_PYTHON_EXE', '/home/yanji/anaconda3/bin/python'), ('ORIGINAL_XDG_CURRENT_DESKTOP', 'ubuntu:GNOME'), ('SHELL', '/bin/bash'), ('LC_NAME', 'en_US.UTF-8'), ('QT_ACCESSIBILITY', '1'), ('GDMSESSION', 'ubuntu'), ('LESSCLOSE', '/usr/bin/lesspipe %s %s'), ('CONDA_DEFAULT_ENV', 'screwrobot'), ('LC_MEASUREMENT', 'en_US.UTF-8'), ('GPG_AGENT_INFO', '/run/user/1000/gnupg/S.gpg-agent:0:1'), ('LC_IDENTIFICATION', 'en_US.UTF-8'), ('VSCODE_GIT_ASKPASS_EXTRA_ARGS', ''), ('QT_IM_MODULE', 'ibus'), ('PWD', '/home/yanji/robot_screwing/build/robot_msgs'), ('LC_ALL', 'en_US.UTF-8'), ('XDG_CONFIG_DIRS', '/etc/xdg/xdg-ubuntu:/etc/xdg'), ('CONDA_EXE', '/home/yanji/anaconda3/bin/conda'), ('XDG_DATA_DIRS', '/usr/share/ubuntu:/home/yanji/.local/share/flatpak/exports/share:/var/lib/flatpak/exports/share:/usr/local/share:/usr/share:/var/lib/snapd/desktop'), ('PYTHONPATH', '/home/yanji/robot_screwing/install/robot_msgs/lib/python3.8/site-packages:/home/yanji/robot_screwing/install/real_robot/lib/python3.8/site-packages:/home/yanji/robot_screwing/install/mj_sim/lib/python3.8/site-packages:/opt/ros/foxy/lib/python3.8/site-packages'), ('HTTP_PROXY', 'http://127.0.0.1:7890/'), ('LC_NUMERIC', 'en_US.UTF-8'), ('CONDA_PREFIX', '/home/yanji/anaconda3/envs/screwrobot'), ('LC_PAPER', 'en_US.UTF-8'), ('COLCON', '1'), ('VTE_VERSION', '6003'), ('CMAKE_PREFIX_PATH', '/home/yanji/robot_screwing/install/screw_robot_control:/home/yanji/robot_screwing/install/robot_msgs:/home/yanji/robot_screwing/install/real_robot:/home/yanji/robot_screwing/install/mj_sim:/opt/ros/foxy')]), 'shell': False}
[0.246162] (robot_msgs) StdoutLine: {'line': b'-- Install configuration: ""\n'}
[0.246852] (robot_msgs) StdoutLine: {'line': b'-- Up-to-date: /home/yanji/robot_screwing/install/robot_msgs/share/ament_index/resource_index/rosidl_interfaces/robot_msgs\n'}
[0.246934] (robot_msgs) StdoutLine: {'line': b'-- Up-to-date: /home/yanji/robot_screwing/install/robot_msgs/include/robot_msgs\n'}
[0.246962] (robot_msgs) StdoutLine: {'line': b'-- Up-to-date: /home/yanji/robot_screwing/install/robot_msgs/include/robot_msgs/srv\n'}
[0.246986] (robot_msgs) StdoutLine: {'line': b'-- Up-to-date: /home/yanji/robot_screwing/install/robot_msgs/include/robot_msgs/srv/detail\n'}
[0.247017] (robot_msgs) StdoutLine: {'line': b'-- Up-to-date: /home/yanji/robot_screwing/install/robot_msgs/include/robot_msgs/srv/detail/start_pose__type_support.h\n'}
[0.247069] (robot_msgs) StdoutLine: {'line': b'-- Up-to-date: /home/yanji/robot_screwing/install/robot_msgs/include/robot_msgs/srv/detail/start_pose__functions.h\n'}
[0.247112] (robot_msgs) StdoutLine: {'line': b'-- Up-to-date: /home/yanji/robot_screwing/install/robot_msgs/include/robot_msgs/srv/detail/start_pose__struct.h\n'}
[0.247155] (robot_msgs) StdoutLine: {'line': b'-- Up-to-date: /home/yanji/robot_screwing/install/robot_msgs/include/robot_msgs/srv/detail/start_pose__functions.c\n'}
[0.247201] (robot_msgs) StdoutLine: {'line': b'-- Up-to-date: /home/yanji/robot_screwing/install/robot_msgs/include/robot_msgs/srv/start_pose.h\n'}
[0.247224] (robot_msgs) StdoutLine: {'line': b'-- Up-to-date: /home/yanji/robot_screwing/install/robot_msgs/include/robot_msgs/action\n'}
[0.247247] (robot_msgs) StdoutLine: {'line': b'-- Up-to-date: /home/yanji/robot_screwing/install/robot_msgs/include/robot_msgs/action/detail\n'}
[0.247269] (robot_msgs) StdoutLine: {'line': b'-- Up-to-date: /home/yanji/robot_screwing/install/robot_msgs/include/robot_msgs/action/detail/screw__struct.h\n'}
[0.247303] (robot_msgs) StdoutLine: {'line': b'-- Up-to-date: /home/yanji/robot_screwing/install/robot_msgs/include/robot_msgs/action/detail/screw__functions.c\n'}
[0.247325] (robot_msgs) StdoutLine: {'line': b'-- Up-to-date: /home/yanji/robot_screwing/install/robot_msgs/include/robot_msgs/action/detail/screw__functions.h\n'}
[0.247347] (robot_msgs) StdoutLine: {'line': b'-- Up-to-date: /home/yanji/robot_screwing/install/robot_msgs/include/robot_msgs/action/detail/screw__type_support.h\n'}
[0.247369] (robot_msgs) StdoutLine: {'line': b'-- Up-to-date: /home/yanji/robot_screwing/install/robot_msgs/include/robot_msgs/action/screw.h\n'}
[0.247409] (robot_msgs) StdoutLine: {'line': b'-- Up-to-date: /home/yanji/robot_screwing/install/robot_msgs/include/robot_msgs/msg\n'}
[0.247459] (robot_msgs) StdoutLine: {'line': b'-- Up-to-date: /home/yanji/robot_screwing/install/robot_msgs/include/robot_msgs/msg/detail\n'}
[0.247500] (robot_msgs) StdoutLine: {'line': b'-- Up-to-date: /home/yanji/robot_screwing/install/robot_msgs/include/robot_msgs/msg/detail/current_pub__struct.h\n'}
[0.247545] (robot_msgs) StdoutLine: {'line': b'-- Up-to-date: /home/yanji/robot_screwing/install/robot_msgs/include/robot_msgs/msg/detail/current_pub__functions.h\n'}
[0.247588] (robot_msgs) StdoutLine: {'line': b'-- Up-to-date: /home/yanji/robot_screwing/install/robot_msgs/include/robot_msgs/msg/detail/robot_status__functions.h\n'}
[0.247611] (robot_msgs) StdoutLine: {'line': b'-- Up-to-date: /home/yanji/robot_screwing/install/robot_msgs/include/robot_msgs/msg/detail/ft_pub__functions.h\n'}
[0.247633] (robot_msgs) StdoutLine: {'line': b'-- Up-to-date: /home/yanji/robot_screwing/install/robot_msgs/include/robot_msgs/msg/detail/ref_status__functions.h\n'}
[0.247664] (robot_msgs) StdoutLine: {'line': b'-- Up-to-date: /home/yanji/robot_screwing/install/robot_msgs/include/robot_msgs/msg/detail/width_pub__type_support.h\n'}
[0.247686] (robot_msgs) StdoutLine: {'line': b'-- Up-to-date: /home/yanji/robot_screwing/install/robot_msgs/include/robot_msgs/msg/detail/control_command__type_support.h\n'}
[0.247707] (robot_msgs) StdoutLine: {'line': b'-- Up-to-date: /home/yanji/robot_screwing/install/robot_msgs/include/robot_msgs/msg/detail/control_command__functions.h\n'}
[0.247737] (robot_msgs) StdoutLine: {'line': b'-- Up-to-date: /home/yanji/robot_screwing/install/robot_msgs/include/robot_msgs/msg/detail/ft_pub__functions.c\n'}
[0.247758] (robot_msgs) StdoutLine: {'line': b'-- Up-to-date: /home/yanji/robot_screwing/install/robot_msgs/include/robot_msgs/msg/detail/width_pub__struct.h\n'}
[0.247780] (robot_msgs) StdoutLine: {'line': b'-- Up-to-date: /home/yanji/robot_screwing/install/robot_msgs/include/robot_msgs/msg/detail/control_command__functions.c\n'}
[0.247800] (robot_msgs) StdoutLine: {'line': b'-- Up-to-date: /home/yanji/robot_screwing/install/robot_msgs/include/robot_msgs/msg/detail/control_command__struct.h\n'}
[0.247821] (robot_msgs) StdoutLine: {'line': b'-- Up-to-date: /home/yanji/robot_screwing/install/robot_msgs/include/robot_msgs/msg/detail/robot_status__struct.h\n'}
[0.247852] (robot_msgs) StdoutLine: {'line': b'-- Up-to-date: /home/yanji/robot_screwing/install/robot_msgs/include/robot_msgs/msg/detail/width_pub__functions.h\n'}
[0.247874] (robot_msgs) StdoutLine: {'line': b'-- Up-to-date: /home/yanji/robot_screwing/install/robot_msgs/include/robot_msgs/msg/detail/robot_status__type_support.h\n'}
[0.247895] (robot_msgs) StdoutLine: {'line': b'-- Up-to-date: /home/yanji/robot_screwing/install/robot_msgs/include/robot_msgs/msg/detail/ft_pub__type_support.h\n'}
[0.247917] (robot_msgs) StdoutLine: {'line': b'-- Up-to-date: /home/yanji/robot_screwing/install/robot_msgs/include/robot_msgs/msg/detail/ref_status__type_support.h\n'}
[0.247974] (robot_msgs) StdoutLine: {'line': b'-- Up-to-date: /home/yanji/robot_screwing/install/robot_msgs/include/robot_msgs/msg/detail/current_pub__functions.c\n'}
[0.248030] (robot_msgs) StdoutLine: {'line': b'-- Up-to-date: /home/yanji/robot_screwing/install/robot_msgs/include/robot_msgs/msg/detail/current_pub__type_support.h\n'}
[0.248073] (robot_msgs) StdoutLine: {'line': b'-- Up-to-date: /home/yanji/robot_screwing/install/robot_msgs/include/robot_msgs/msg/detail/robot_status__functions.c\n'}
[0.248127] (robot_msgs) StdoutLine: {'line': b'-- Up-to-date: /home/yanji/robot_screwing/install/robot_msgs/include/robot_msgs/msg/detail/width_pub__functions.c\n'}
[0.248185] (robot_msgs) StdoutLine: {'line': b'-- Up-to-date: /home/yanji/robot_screwing/install/robot_msgs/include/robot_msgs/msg/detail/ft_pub__struct.h\n'}
[0.248238] (robot_msgs) StdoutLine: {'line': b'-- Up-to-date: /home/yanji/robot_screwing/install/robot_msgs/include/robot_msgs/msg/detail/ref_status__functions.c\n'}
[0.248288] (robot_msgs) StdoutLine: {'line': b'-- Up-to-date: /home/yanji/robot_screwing/install/robot_msgs/include/robot_msgs/msg/detail/ref_status__struct.h\n'}
[0.248323] (robot_msgs) StdoutLine: {'line': b'-- Up-to-date: /home/yanji/robot_screwing/install/robot_msgs/include/robot_msgs/msg/robot_status.h\n'}
[0.248365] (robot_msgs) StdoutLine: {'line': b'-- Up-to-date: /home/yanji/robot_screwing/install/robot_msgs/include/robot_msgs/msg/control_command.h\n'}
[0.248409] (robot_msgs) StdoutLine: {'line': b'-- Up-to-date: /home/yanji/robot_screwing/install/robot_msgs/include/robot_msgs/msg/rosidl_generator_c__visibility_control.h\n'}
[0.248455] (robot_msgs) StdoutLine: {'line': b'-- Up-to-date: /home/yanji/robot_screwing/install/robot_msgs/include/robot_msgs/msg/current_pub.h\n'}
[0.248494] (robot_msgs) StdoutLine: {'line': b'-- Up-to-date: /home/yanji/robot_screwing/install/robot_msgs/include/robot_msgs/msg/width_pub.h\n'}
[0.248543] (robot_msgs) StdoutLine: {'line': b'-- Up-to-date: /home/yanji/robot_screwing/install/robot_msgs/include/robot_msgs/msg/ref_status.h\n'}
[0.248567] (robot_msgs) StdoutLine: {'line': b'-- Up-to-date: /home/yanji/robot_screwing/install/robot_msgs/include/robot_msgs/msg/ft_pub.h\n'}
[0.248589] (robot_msgs) StdoutLine: {'line': b'-- Up-to-date: /home/yanji/robot_screwing/install/robot_msgs/share/robot_msgs/environment/library_path.sh\n'}
[0.248625] (robot_msgs) StdoutLine: {'line': b'-- Up-to-date: /home/yanji/robot_screwing/install/robot_msgs/share/robot_msgs/environment/library_path.dsv\n'}
[0.248648] (robot_msgs) StdoutLine: {'line': b'-- Up-to-date: /home/yanji/robot_screwing/install/robot_msgs/lib/librobot_msgs__rosidl_generator_c.so\n'}
[0.248669] (robot_msgs) StdoutLine: {'line': b'-- Up-to-date: /home/yanji/robot_screwing/install/robot_msgs/include/robot_msgs\n'}
[0.248692] (robot_msgs) StdoutLine: {'line': b'-- Up-to-date: /home/yanji/robot_screwing/install/robot_msgs/include/robot_msgs/srv\n'}
[0.248715] (robot_msgs) StdoutLine: {'line': b'-- Up-to-date: /home/yanji/robot_screwing/install/robot_msgs/include/robot_msgs/srv/detail\n'}
[0.248736] (robot_msgs) StdoutLine: {'line': b'-- Up-to-date: /home/yanji/robot_screwing/install/robot_msgs/include/robot_msgs/srv/detail/start_pose__rosidl_typesupport_fastrtps_c.h\n'}
[0.248769] (robot_msgs) StdoutLine: {'line': b'-- Up-to-date: /home/yanji/robot_screwing/install/robot_msgs/include/robot_msgs/action\n'}
[0.248791] (robot_msgs) StdoutLine: {'line': b'-- Up-to-date: /home/yanji/robot_screwing/install/robot_msgs/include/robot_msgs/action/detail\n'}
[0.248813] (robot_msgs) StdoutLine: {'line': b'-- Up-to-date: /home/yanji/robot_screwing/install/robot_msgs/include/robot_msgs/action/detail/screw__rosidl_typesupport_fastrtps_c.h\n'}
[0.248845] (robot_msgs) StdoutLine: {'line': b'-- Up-to-date: /home/yanji/robot_screwing/install/robot_msgs/include/robot_msgs/msg\n'}
[0.248879] (robot_msgs) StdoutLine: {'line': b'-- Up-to-date: /home/yanji/robot_screwing/install/robot_msgs/include/robot_msgs/msg/detail\n'}
[0.248901] (robot_msgs) StdoutLine: {'line': b'-- Up-to-date: /home/yanji/robot_screwing/install/robot_msgs/include/robot_msgs/msg/detail/current_pub__rosidl_typesupport_fastrtps_c.h\n'}
[0.248923] (robot_msgs) StdoutLine: {'line': b'-- Up-to-date: /home/yanji/robot_screwing/install/robot_msgs/include/robot_msgs/msg/detail/control_command__rosidl_typesupport_fastrtps_c.h\n'}
[0.248947] (robot_msgs) StdoutLine: {'line': b'-- Up-to-date: /home/yanji/robot_screwing/install/robot_msgs/include/robot_msgs/msg/detail/width_pub__rosidl_typesupport_fastrtps_c.h\n'}
[0.248968] (robot_msgs) StdoutLine: {'line': b'-- Up-to-date: /home/yanji/robot_screwing/install/robot_msgs/include/robot_msgs/msg/detail/ref_status__rosidl_typesupport_fastrtps_c.h\n'}
[0.248989] (robot_msgs) StdoutLine: {'line': b'-- Up-to-date: /home/yanji/robot_screwing/install/robot_msgs/include/robot_msgs/msg/detail/ft_pub__rosidl_typesupport_fastrtps_c.h\n'}
[0.249009] (robot_msgs) StdoutLine: {'line': b'-- Up-to-date: /home/yanji/robot_screwing/install/robot_msgs/include/robot_msgs/msg/detail/robot_status__rosidl_typesupport_fastrtps_c.h\n'}
[0.249030] (robot_msgs) StdoutLine: {'line': b'-- Up-to-date: /home/yanji/robot_screwing/install/robot_msgs/include/robot_msgs/msg/rosidl_typesupport_fastrtps_c__visibility_control.h\n'}
[0.249056] (robot_msgs) StdoutLine: {'line': b'-- Up-to-date: /home/yanji/robot_screwing/install/robot_msgs/lib/librobot_msgs__rosidl_typesupport_fastrtps_c.so\n'}
[0.249078] (robot_msgs) StdoutLine: {'line': b'-- Up-to-date: /home/yanji/robot_screwing/install/robot_msgs/include/robot_msgs\n'}
[0.249099] (robot_msgs) StdoutLine: {'line': b'-- Up-to-date: /home/yanji/robot_screwing/install/robot_msgs/include/robot_msgs/srv\n'}
[0.249121] (robot_msgs) StdoutLine: {'line': b'-- Up-to-date: /home/yanji/robot_screwing/install/robot_msgs/include/robot_msgs/srv/detail\n'}
[0.249143] (robot_msgs) StdoutLine: {'line': b'-- Up-to-date: /home/yanji/robot_screwing/install/robot_msgs/include/robot_msgs/srv/detail/dds_fastrtps\n'}
[0.249164] (robot_msgs) StdoutLine: {'line': b'-- Up-to-date: /home/yanji/robot_screwing/install/robot_msgs/include/robot_msgs/srv/detail/start_pose__rosidl_typesupport_fastrtps_cpp.hpp\n'}
[0.249186] (robot_msgs) StdoutLine: {'line': b'-- Up-to-date: /home/yanji/robot_screwing/install/robot_msgs/include/robot_msgs/action\n'}
[0.249209] (robot_msgs) StdoutLine: {'line': b'-- Up-to-date: /home/yanji/robot_screwing/install/robot_msgs/include/robot_msgs/action/detail\n'}
[0.249230] (robot_msgs) StdoutLine: {'line': b'-- Up-to-date: /home/yanji/robot_screwing/install/robot_msgs/include/robot_msgs/action/detail/dds_fastrtps\n'}
[0.249252] (robot_msgs) StdoutLine: {'line': b'-- Up-to-date: /home/yanji/robot_screwing/install/robot_msgs/include/robot_msgs/action/detail/screw__rosidl_typesupport_fastrtps_cpp.hpp\n'}
[0.249275] (robot_msgs) StdoutLine: {'line': b'-- Up-to-date: /home/yanji/robot_screwing/install/robot_msgs/include/robot_msgs/msg\n'}
[0.249296] (robot_msgs) StdoutLine: {'line': b'-- Up-to-date: /home/yanji/robot_screwing/install/robot_msgs/include/robot_msgs/msg/detail\n'}
[0.249318] (robot_msgs) StdoutLine: {'line': b'-- Up-to-date: /home/yanji/robot_screwing/install/robot_msgs/include/robot_msgs/msg/detail/control_command__rosidl_typesupport_fastrtps_cpp.hpp\n'}
[0.249341] (robot_msgs) StdoutLine: {'line': b'-- Up-to-date: /home/yanji/robot_screwing/install/robot_msgs/include/robot_msgs/msg/detail/width_pub__rosidl_typesupport_fastrtps_cpp.hpp\n'}
[0.249363] (robot_msgs) StdoutLine: {'line': b'-- Up-to-date: /home/yanji/robot_screwing/install/robot_msgs/include/robot_msgs/msg/detail/dds_fastrtps\n'}
[0.249384] (robot_msgs) StdoutLine: {'line': b'-- Up-to-date: /home/yanji/robot_screwing/install/robot_msgs/include/robot_msgs/msg/detail/ft_pub__rosidl_typesupport_fastrtps_cpp.hpp\n'}
[0.249405] (robot_msgs) StdoutLine: {'line': b'-- Up-to-date: /home/yanji/robot_screwing/install/robot_msgs/include/robot_msgs/msg/detail/robot_status__rosidl_typesupport_fastrtps_cpp.hpp\n'}
[0.249427] (robot_msgs) StdoutLine: {'line': b'-- Up-to-date: /home/yanji/robot_screwing/install/robot_msgs/include/robot_msgs/msg/detail/current_pub__rosidl_typesupport_fastrtps_cpp.hpp\n'}
[0.249448] (robot_msgs) StdoutLine: {'line': b'-- Up-to-date: /home/yanji/robot_screwing/install/robot_msgs/include/robot_msgs/msg/detail/ref_status__rosidl_typesupport_fastrtps_cpp.hpp\n'}
[0.249471] (robot_msgs) StdoutLine: {'line': b'-- Up-to-date: /home/yanji/robot_screwing/install/robot_msgs/include/robot_msgs/msg/rosidl_typesupport_fastrtps_cpp__visibility_control.h\n'}
[0.249493] (robot_msgs) StdoutLine: {'line': b'-- Up-to-date: /home/yanji/robot_screwing/install/robot_msgs/lib/librobot_msgs__rosidl_typesupport_fastrtps_cpp.so\n'}
[0.249514] (robot_msgs) StdoutLine: {'line': b'-- Up-to-date: /home/yanji/robot_screwing/install/robot_msgs/include/robot_msgs\n'}
[0.249543] (robot_msgs) StdoutLine: {'line': b'-- Up-to-date: /home/yanji/robot_screwing/install/robot_msgs/include/robot_msgs/srv\n'}
[0.249564] (robot_msgs) StdoutLine: {'line': b'-- Up-to-date: /home/yanji/robot_screwing/install/robot_msgs/include/robot_msgs/srv/detail\n'}
[0.249585] (robot_msgs) StdoutLine: {'line': b'-- Up-to-date: /home/yanji/robot_screwing/install/robot_msgs/include/robot_msgs/srv/detail/start_pose__type_support.c\n'}
[0.249606] (robot_msgs) StdoutLine: {'line': b'-- Up-to-date: /home/yanji/robot_screwing/install/robot_msgs/include/robot_msgs/srv/detail/start_pose__rosidl_typesupport_introspection_c.h\n'}
[0.249628] (robot_msgs) StdoutLine: {'line': b'-- Up-to-date: /home/yanji/robot_screwing/install/robot_msgs/include/robot_msgs/action\n'}
[0.249650] (robot_msgs) StdoutLine: {'line': b'-- Up-to-date: /home/yanji/robot_screwing/install/robot_msgs/include/robot_msgs/action/detail\n'}
[0.249671] (robot_msgs) StdoutLine: {'line': b'-- Up-to-date: /home/yanji/robot_screwing/install/robot_msgs/include/robot_msgs/action/detail/screw__type_support.c\n'}
[0.249692] (robot_msgs) StdoutLine: {'line': b'-- Up-to-date: /home/yanji/robot_screwing/install/robot_msgs/include/robot_msgs/action/detail/screw__rosidl_typesupport_introspection_c.h\n'}
[0.249714] (robot_msgs) StdoutLine: {'line': b'-- Up-to-date: /home/yanji/robot_screwing/install/robot_msgs/include/robot_msgs/msg\n'}
[0.249735] (robot_msgs) StdoutLine: {'line': b'-- Up-to-date: /home/yanji/robot_screwing/install/robot_msgs/include/robot_msgs/msg/detail\n'}
[0.249756] (robot_msgs) StdoutLine: {'line': b'-- Up-to-date: /home/yanji/robot_screwing/install/robot_msgs/include/robot_msgs/msg/detail/current_pub__rosidl_typesupport_introspection_c.h\n'}
[0.249778] (robot_msgs) StdoutLine: {'line': b'-- Up-to-date: /home/yanji/robot_screwing/install/robot_msgs/include/robot_msgs/msg/detail/ref_status__type_support.c\n'}
[0.249799] (robot_msgs) StdoutLine: {'line': b'-- Up-to-date: /home/yanji/robot_screwing/install/robot_msgs/include/robot_msgs/msg/detail/ref_status__rosidl_typesupport_introspection_c.h\n'}
[0.249821] (robot_msgs) StdoutLine: {'line': b'-- Up-to-date: /home/yanji/robot_screwing/install/robot_msgs/include/robot_msgs/msg/detail/current_pub__type_support.c\n'}
[0.249847] (robot_msgs) StdoutLine: {'line': b'-- Up-to-date: /home/yanji/robot_screwing/install/robot_msgs/include/robot_msgs/msg/detail/robot_status__type_support.c\n'}
[0.249868] (robot_msgs) StdoutLine: {'line': b'-- Up-to-date: /home/yanji/robot_screwing/install/robot_msgs/include/robot_msgs/msg/detail/control_command__rosidl_typesupport_introspection_c.h\n'}
[0.249890] (robot_msgs) StdoutLine: {'line': b'-- Up-to-date: /home/yanji/robot_screwing/install/robot_msgs/include/robot_msgs/msg/detail/ft_pub__rosidl_typesupport_introspection_c.h\n'}
[0.249910] (robot_msgs) StdoutLine: {'line': b'-- Up-to-date: /home/yanji/robot_screwing/install/robot_msgs/include/robot_msgs/msg/detail/control_command__type_support.c\n'}
[0.249931] (robot_msgs) StdoutLine: {'line': b'-- Up-to-date: /home/yanji/robot_screwing/install/robot_msgs/include/robot_msgs/msg/detail/ft_pub__type_support.c\n'}
[0.249953] (robot_msgs) StdoutLine: {'line': b'-- Up-to-date: /home/yanji/robot_screwing/install/robot_msgs/include/robot_msgs/msg/detail/width_pub__type_support.c\n'}
[0.249974] (robot_msgs) StdoutLine: {'line': b'-- Up-to-date: /home/yanji/robot_screwing/install/robot_msgs/include/robot_msgs/msg/detail/width_pub__rosidl_typesupport_introspection_c.h\n'}
[0.249995] (robot_msgs) StdoutLine: {'line': b'-- Up-to-date: /home/yanji/robot_screwing/install/robot_msgs/include/robot_msgs/msg/detail/robot_status__rosidl_typesupport_introspection_c.h\n'}
[0.250016] (robot_msgs) StdoutLine: {'line': b'-- Up-to-date: /home/yanji/robot_screwing/install/robot_msgs/include/robot_msgs/msg/rosidl_typesupport_introspection_c__visibility_control.h\n'}
[0.250038] (robot_msgs) StdoutLine: {'line': b'-- Up-to-date: /home/yanji/robot_screwing/install/robot_msgs/lib/librobot_msgs__rosidl_typesupport_introspection_c.so\n'}
[0.250058] (robot_msgs) StdoutLine: {'line': b'-- Up-to-date: /home/yanji/robot_screwing/install/robot_msgs/lib/librobot_msgs__rosidl_typesupport_c.so\n'}
[0.250079] (robot_msgs) StdoutLine: {'line': b'-- Up-to-date: /home/yanji/robot_screwing/install/robot_msgs/include/robot_msgs\n'}
[0.250100] (robot_msgs) StdoutLine: {'line': b'-- Up-to-date: /home/yanji/robot_screwing/install/robot_msgs/include/robot_msgs/srv\n'}
[0.250120] (robot_msgs) StdoutLine: {'line': b'-- Up-to-date: /home/yanji/robot_screwing/install/robot_msgs/include/robot_msgs/srv/detail\n'}
[0.250142] (robot_msgs) StdoutLine: {'line': b'-- Up-to-date: /home/yanji/robot_screwing/install/robot_msgs/include/robot_msgs/srv/detail/start_pose__builder.hpp\n'}
[0.250163] (robot_msgs) StdoutLine: {'line': b'-- Up-to-date: /home/yanji/robot_screwing/install/robot_msgs/include/robot_msgs/srv/detail/start_pose__type_support.hpp\n'}
[0.250185] (robot_msgs) StdoutLine: {'line': b'-- Up-to-date: /home/yanji/robot_screwing/install/robot_msgs/include/robot_msgs/srv/detail/start_pose__traits.hpp\n'}
[0.250206] (robot_msgs) StdoutLine: {'line': b'-- Up-to-date: /home/yanji/robot_screwing/install/robot_msgs/include/robot_msgs/srv/detail/start_pose__struct.hpp\n'}
[0.250227] (robot_msgs) StdoutLine: {'line': b'-- Up-to-date: /home/yanji/robot_screwing/install/robot_msgs/include/robot_msgs/srv/start_pose.hpp\n'}
[0.250247] (robot_msgs) StdoutLine: {'line': b'-- Up-to-date: /home/yanji/robot_screwing/install/robot_msgs/include/robot_msgs/action\n'}
[0.250267] (robot_msgs) StdoutLine: {'line': b'-- Up-to-date: /home/yanji/robot_screwing/install/robot_msgs/include/robot_msgs/action/detail\n'}
[0.250288] (robot_msgs) StdoutLine: {'line': b'-- Up-to-date: /home/yanji/robot_screwing/install/robot_msgs/include/robot_msgs/action/detail/screw__type_support.hpp\n'}
[0.250309] (robot_msgs) StdoutLine: {'line': b'-- Up-to-date: /home/yanji/robot_screwing/install/robot_msgs/include/robot_msgs/action/detail/screw__struct.hpp\n'}
[0.250329] (robot_msgs) StdoutLine: {'line': b'-- Up-to-date: /home/yanji/robot_screwing/install/robot_msgs/include/robot_msgs/action/detail/screw__builder.hpp\n'}
[0.250349] (robot_msgs) StdoutLine: {'line': b'-- Up-to-date: /home/yanji/robot_screwing/install/robot_msgs/include/robot_msgs/action/detail/screw__traits.hpp\n'}
[0.250370] (robot_msgs) StdoutLine: {'line': b'-- Up-to-date: /home/yanji/robot_screwing/install/robot_msgs/include/robot_msgs/action/screw.hpp\n'}
[0.250396] (robot_msgs) StdoutLine: {'line': b'-- Up-to-date: /home/yanji/robot_screwing/install/robot_msgs/include/robot_msgs/msg\n'}
[0.250417] (robot_msgs) StdoutLine: {'line': b'-- Up-to-date: /home/yanji/robot_screwing/install/robot_msgs/include/robot_msgs/msg/detail\n'}
[0.250438] (robot_msgs) StdoutLine: {'line': b'-- Up-to-date: /home/yanji/robot_screwing/install/robot_msgs/include/robot_msgs/msg/detail/ref_status__struct.hpp\n'}
[0.250458] (robot_msgs) StdoutLine: {'line': b'-- Up-to-date: /home/yanji/robot_screwing/install/robot_msgs/include/robot_msgs/msg/detail/ref_status__traits.hpp\n'}
[0.250478] (robot_msgs) StdoutLine: {'line': b'-- Up-to-date: /home/yanji/robot_screwing/install/robot_msgs/include/robot_msgs/msg/detail/ft_pub__builder.hpp\n'}
[0.250498] (robot_msgs) StdoutLine: {'line': b'-- Up-to-date: /home/yanji/robot_screwing/install/robot_msgs/include/robot_msgs/msg/detail/width_pub__builder.hpp\n'}
[0.250522] (robot_msgs) StdoutLine: {'line': b'-- Up-to-date: /home/yanji/robot_screwing/install/robot_msgs/include/robot_msgs/msg/detail/control_command__traits.hpp\n'}
[0.250545] (robot_msgs) StdoutLine: {'line': b'-- Up-to-date: /home/yanji/robot_screwing/install/robot_msgs/include/robot_msgs/msg/detail/ref_status__type_support.hpp\n'}
[0.250568] (robot_msgs) StdoutLine: {'line': b'-- Up-to-date: /home/yanji/robot_screwing/install/robot_msgs/include/robot_msgs/msg/detail/robot_status__type_support.hpp\n'}
[0.250588] (robot_msgs) StdoutLine: {'line': b'-- Up-to-date: /home/yanji/robot_screwing/install/robot_msgs/include/robot_msgs/msg/detail/robot_status__struct.hpp\n'}
[0.250609] (robot_msgs) StdoutLine: {'line': b'-- Up-to-date: /home/yanji/robot_screwing/install/robot_msgs/include/robot_msgs/msg/detail/ref_status__builder.hpp\n'}
[0.250632] (robot_msgs) StdoutLine: {'line': b'-- Up-to-date: /home/yanji/robot_screwing/install/robot_msgs/include/robot_msgs/msg/detail/current_pub__traits.hpp\n'}
[0.250654] (robot_msgs) StdoutLine: {'line': b'-- Up-to-date: /home/yanji/robot_screwing/install/robot_msgs/include/robot_msgs/msg/detail/current_pub__builder.hpp\n'}
[0.250674] (robot_msgs) StdoutLine: {'line': b'-- Up-to-date: /home/yanji/robot_screwing/install/robot_msgs/include/robot_msgs/msg/detail/width_pub__struct.hpp\n'}
[0.250695] (robot_msgs) StdoutLine: {'line': b'-- Up-to-date: /home/yanji/robot_screwing/install/robot_msgs/include/robot_msgs/msg/detail/current_pub__type_support.hpp\n'}
[0.250716] (robot_msgs) StdoutLine: {'line': b'-- Up-to-date: /home/yanji/robot_screwing/install/robot_msgs/include/robot_msgs/msg/detail/width_pub__type_support.hpp\n'}
[0.250737] (robot_msgs) StdoutLine: {'line': b'-- Up-to-date: /home/yanji/robot_screwing/install/robot_msgs/include/robot_msgs/msg/detail/control_command__type_support.hpp\n'}
[0.250758] (robot_msgs) StdoutLine: {'line': b'-- Up-to-date: /home/yanji/robot_screwing/install/robot_msgs/include/robot_msgs/msg/detail/width_pub__traits.hpp\n'}
[0.250778] (robot_msgs) StdoutLine: {'line': b'-- Up-to-date: /home/yanji/robot_screwing/install/robot_msgs/include/robot_msgs/msg/detail/ft_pub__struct.hpp\n'}
[0.250798] (robot_msgs) StdoutLine: {'line': b'-- Up-to-date: /home/yanji/robot_screwing/install/robot_msgs/include/robot_msgs/msg/detail/control_command__builder.hpp\n'}
[0.250819] (robot_msgs) StdoutLine: {'line': b'-- Up-to-date: /home/yanji/robot_screwing/install/robot_msgs/include/robot_msgs/msg/detail/current_pub__struct.hpp\n'}
[0.250839] (robot_msgs) StdoutLine: {'line': b'-- Up-to-date: /home/yanji/robot_screwing/install/robot_msgs/include/robot_msgs/msg/detail/ft_pub__traits.hpp\n'}
[0.250859] (robot_msgs) StdoutLine: {'line': b'-- Up-to-date: /home/yanji/robot_screwing/install/robot_msgs/include/robot_msgs/msg/detail/robot_status__traits.hpp\n'}
[0.250879] (robot_msgs) StdoutLine: {'line': b'-- Up-to-date: /home/yanji/robot_screwing/install/robot_msgs/include/robot_msgs/msg/detail/ft_pub__type_support.hpp\n'}
[0.250901] (robot_msgs) StdoutLine: {'line': b'-- Up-to-date: /home/yanji/robot_screwing/install/robot_msgs/include/robot_msgs/msg/detail/control_command__struct.hpp\n'}
[0.250921] (robot_msgs) StdoutLine: {'line': b'-- Up-to-date: /home/yanji/robot_screwing/install/robot_msgs/include/robot_msgs/msg/detail/robot_status__builder.hpp\n'}
[0.250942] (robot_msgs) StdoutLine: {'line': b'-- Up-to-date: /home/yanji/robot_screwing/install/robot_msgs/include/robot_msgs/msg/ref_status.hpp\n'}
[0.250962] (robot_msgs) StdoutLine: {'line': b'-- Up-to-date: /home/yanji/robot_screwing/install/robot_msgs/include/robot_msgs/msg/rosidl_generator_cpp__visibility_control.hpp\n'}
[0.250982] (robot_msgs) StdoutLine: {'line': b'-- Up-to-date: /home/yanji/robot_screwing/install/robot_msgs/include/robot_msgs/msg/control_command.hpp\n'}
[0.251002] (robot_msgs) StdoutLine: {'line': b'-- Up-to-date: /home/yanji/robot_screwing/install/robot_msgs/include/robot_msgs/msg/width_pub.hpp\n'}
[0.251022] (robot_msgs) StdoutLine: {'line': b'-- Up-to-date: /home/yanji/robot_screwing/install/robot_msgs/include/robot_msgs/msg/ft_pub.hpp\n'}
[0.251042] (robot_msgs) StdoutLine: {'line': b'-- Up-to-date: /home/yanji/robot_screwing/install/robot_msgs/include/robot_msgs/msg/robot_status.hpp\n'}
[0.251062] (robot_msgs) StdoutLine: {'line': b'-- Up-to-date: /home/yanji/robot_screwing/install/robot_msgs/include/robot_msgs/msg/current_pub.hpp\n'}
[0.251085] (robot_msgs) StdoutLine: {'line': b'-- Up-to-date: /home/yanji/robot_screwing/install/robot_msgs/include/robot_msgs\n'}
[0.251105] (robot_msgs) StdoutLine: {'line': b'-- Up-to-date: /home/yanji/robot_screwing/install/robot_msgs/include/robot_msgs/srv\n'}
[0.251125] (robot_msgs) StdoutLine: {'line': b'-- Up-to-date: /home/yanji/robot_screwing/install/robot_msgs/include/robot_msgs/srv/detail\n'}
[0.251146] (robot_msgs) StdoutLine: {'line': b'-- Up-to-date: /home/yanji/robot_screwing/install/robot_msgs/include/robot_msgs/srv/detail/start_pose__rosidl_typesupport_introspection_cpp.hpp\n'}
[0.251170] (robot_msgs) StdoutLine: {'line': b'-- Up-to-date: /home/yanji/robot_screwing/install/robot_msgs/include/robot_msgs/srv/detail/start_pose__type_support.cpp\n'}
[0.251190] (robot_msgs) StdoutLine: {'line': b'-- Up-to-date: /home/yanji/robot_screwing/install/robot_msgs/include/robot_msgs/action\n'}
[0.251211] (robot_msgs) StdoutLine: {'line': b'-- Up-to-date: /home/yanji/robot_screwing/install/robot_msgs/include/robot_msgs/action/detail\n'}
[0.251231] (robot_msgs) StdoutLine: {'line': b'-- Up-to-date: /home/yanji/robot_screwing/install/robot_msgs/include/robot_msgs/action/detail/screw__type_support.cpp\n'}
[0.251253] (robot_msgs) StdoutLine: {'line': b'-- Up-to-date: /home/yanji/robot_screwing/install/robot_msgs/include/robot_msgs/action/detail/screw__rosidl_typesupport_introspection_cpp.hpp\n'}
[0.251274] (robot_msgs) StdoutLine: {'line': b'-- Up-to-date: /home/yanji/robot_screwing/install/robot_msgs/include/robot_msgs/msg\n'}
[0.251295] (robot_msgs) StdoutLine: {'line': b'-- Up-to-date: /home/yanji/robot_screwing/install/robot_msgs/include/robot_msgs/msg/detail\n'}
[0.251316] (robot_msgs) StdoutLine: {'line': b'-- Up-to-date: /home/yanji/robot_screwing/install/robot_msgs/include/robot_msgs/msg/detail/width_pub__rosidl_typesupport_introspection_cpp.hpp\n'}
[0.251337] (robot_msgs) StdoutLine: {'line': b'-- Up-to-date: /home/yanji/robot_screwing/install/robot_msgs/include/robot_msgs/msg/detail/ft_pub__rosidl_typesupport_introspection_cpp.hpp\n'}
[0.251359] (robot_msgs) StdoutLine: {'line': b'-- Up-to-date: /home/yanji/robot_screwing/install/robot_msgs/include/robot_msgs/msg/detail/width_pub__type_support.cpp\n'}
[0.251381] (robot_msgs) StdoutLine: {'line': b'-- Up-to-date: /home/yanji/robot_screwing/install/robot_msgs/include/robot_msgs/msg/detail/ft_pub__type_support.cpp\n'}
[0.251404] (robot_msgs) StdoutLine: {'line': b'-- Up-to-date: /home/yanji/robot_screwing/install/robot_msgs/include/robot_msgs/msg/detail/control_command__rosidl_typesupport_introspection_cpp.hpp\n'}
[0.251425] (robot_msgs) StdoutLine: {'line': b'-- Up-to-date: /home/yanji/robot_screwing/install/robot_msgs/include/robot_msgs/msg/detail/robot_status__type_support.cpp\n'}
[0.251446] (robot_msgs) StdoutLine: {'line': b'-- Up-to-date: /home/yanji/robot_screwing/install/robot_msgs/include/robot_msgs/msg/detail/ref_status__rosidl_typesupport_introspection_cpp.hpp\n'}
[0.251468] (robot_msgs) StdoutLine: {'line': b'-- Up-to-date: /home/yanji/robot_screwing/install/robot_msgs/include/robot_msgs/msg/detail/current_pub__type_support.cpp\n'}
[0.251489] (robot_msgs) StdoutLine: {'line': b'-- Up-to-date: /home/yanji/robot_screwing/install/robot_msgs/include/robot_msgs/msg/detail/current_pub__rosidl_typesupport_introspection_cpp.hpp\n'}
[0.251509] (robot_msgs) StdoutLine: {'line': b'-- Up-to-date: /home/yanji/robot_screwing/install/robot_msgs/include/robot_msgs/msg/detail/ref_status__type_support.cpp\n'}
[0.251534] (robot_msgs) StdoutLine: {'line': b'-- Up-to-date: /home/yanji/robot_screwing/install/robot_msgs/include/robot_msgs/msg/detail/control_command__type_support.cpp\n'}
[0.251556] (robot_msgs) StdoutLine: {'line': b'-- Up-to-date: /home/yanji/robot_screwing/install/robot_msgs/include/robot_msgs/msg/detail/robot_status__rosidl_typesupport_introspection_cpp.hpp\n'}
[0.251577] (robot_msgs) StdoutLine: {'line': b'-- Up-to-date: /home/yanji/robot_screwing/install/robot_msgs/lib/librobot_msgs__rosidl_typesupport_introspection_cpp.so\n'}
[0.251601] (robot_msgs) StdoutLine: {'line': b'-- Up-to-date: /home/yanji/robot_screwing/install/robot_msgs/lib/librobot_msgs__rosidl_typesupport_cpp.so\n'}
[0.251622] (robot_msgs) StdoutLine: {'line': b'-- Up-to-date: /home/yanji/robot_screwing/install/robot_msgs/share/robot_msgs/environment/pythonpath.sh\n'}
[0.251644] (robot_msgs) StdoutLine: {'line': b'-- Up-to-date: /home/yanji/robot_screwing/install/robot_msgs/share/robot_msgs/environment/pythonpath.dsv\n'}
[0.251664] (robot_msgs) StdoutLine: {'line': b'-- Up-to-date: /home/yanji/robot_screwing/install/robot_msgs/lib/python3.8/site-packages/robot_msgs/__init__.py\n'}
[0.264850] (robot_msgs) StdoutLine: {'line': b'-- Up-to-date: /home/yanji/robot_screwing/install/robot_msgs/lib/python3.8/site-packages/robot_msgs/msg\n'}
[0.265087] (robot_msgs) StdoutLine: {'line': b'-- Up-to-date: /home/yanji/robot_screwing/install/robot_msgs/lib/python3.8/site-packages/robot_msgs/msg/_robot_status_s.c\n'}
[0.265178] (robot_msgs) StdoutLine: {'line': b'-- Up-to-date: /home/yanji/robot_screwing/install/robot_msgs/lib/python3.8/site-packages/robot_msgs/msg/_width_pub_s.c\n'}
[0.265245] (robot_msgs) StdoutLine: {'line': b'-- Up-to-date: /home/yanji/robot_screwing/install/robot_msgs/lib/python3.8/site-packages/robot_msgs/msg/__init__.py\n'}
[0.265300] (robot_msgs) StdoutLine: {'line': b'-- Up-to-date: /home/yanji/robot_screwing/install/robot_msgs/lib/python3.8/site-packages/robot_msgs/msg/_control_command.py\n'}
[0.265353] (robot_msgs) StdoutLine: {'line': b'-- Up-to-date: /home/yanji/robot_screwing/install/robot_msgs/lib/python3.8/site-packages/robot_msgs/msg/_ref_status.py\n'}
[0.265406] (robot_msgs) StdoutLine: {'line': b'-- Up-to-date: /home/yanji/robot_screwing/install/robot_msgs/lib/python3.8/site-packages/robot_msgs/msg/_robot_status.py\n'}
[0.265457] (robot_msgs) StdoutLine: {'line': b'-- Up-to-date: /home/yanji/robot_screwing/install/robot_msgs/lib/python3.8/site-packages/robot_msgs/msg/_ft_pub_s.c\n'}
[0.265509] (robot_msgs) StdoutLine: {'line': b'-- Up-to-date: /home/yanji/robot_screwing/install/robot_msgs/lib/python3.8/site-packages/robot_msgs/msg/_ref_status_s.c\n'}
[0.265566] (robot_msgs) StdoutLine: {'line': b'-- Up-to-date: /home/yanji/robot_screwing/install/robot_msgs/lib/python3.8/site-packages/robot_msgs/msg/_current_pub.py\n'}
[0.265622] (robot_msgs) StdoutLine: {'line': b'-- Up-to-date: /home/yanji/robot_screwing/install/robot_msgs/lib/python3.8/site-packages/robot_msgs/msg/_control_command_s.c\n'}
[0.265673] (robot_msgs) StdoutLine: {'line': b'-- Up-to-date: /home/yanji/robot_screwing/install/robot_msgs/lib/python3.8/site-packages/robot_msgs/msg/_current_pub_s.c\n'}
[0.265728] (robot_msgs) StdoutLine: {'line': b'-- Up-to-date: /home/yanji/robot_screwing/install/robot_msgs/lib/python3.8/site-packages/robot_msgs/msg/_width_pub.py\n'}
[0.265780] (robot_msgs) StdoutLine: {'line': b'-- Up-to-date: /home/yanji/robot_screwing/install/robot_msgs/lib/python3.8/site-packages/robot_msgs/msg/_ft_pub.py\n'}
[0.265863] (robot_msgs) StdoutLine: {'line': b'-- Up-to-date: /home/yanji/robot_screwing/install/robot_msgs/lib/python3.8/site-packages/robot_msgs/srv\n'}
[0.265933] (robot_msgs) StdoutLine: {'line': b'-- Up-to-date: /home/yanji/robot_screwing/install/robot_msgs/lib/python3.8/site-packages/robot_msgs/srv/__init__.py\n'}
[0.265985] (robot_msgs) StdoutLine: {'line': b'-- Up-to-date: /home/yanji/robot_screwing/install/robot_msgs/lib/python3.8/site-packages/robot_msgs/srv/_start_pose_s.c\n'}
[0.266036] (robot_msgs) StdoutLine: {'line': b'-- Up-to-date: /home/yanji/robot_screwing/install/robot_msgs/lib/python3.8/site-packages/robot_msgs/srv/_start_pose.py\n'}
[0.266110] (robot_msgs) StdoutLine: {'line': b'-- Up-to-date: /home/yanji/robot_screwing/install/robot_msgs/lib/python3.8/site-packages/robot_msgs/action\n'}
[0.266222] (robot_msgs) StdoutLine: {'line': b'-- Up-to-date: /home/yanji/robot_screwing/install/robot_msgs/lib/python3.8/site-packages/robot_msgs/action/__init__.py\n'}
[0.266321] (robot_msgs) StdoutLine: {'line': b'-- Up-to-date: /home/yanji/robot_screwing/install/robot_msgs/lib/python3.8/site-packages/robot_msgs/action/_screw.py\n'}
[0.266426] (robot_msgs) StdoutLine: {'line': b'-- Up-to-date: /home/yanji/robot_screwing/install/robot_msgs/lib/python3.8/site-packages/robot_msgs/action/_screw_s.c\n'}
[0.266523] (robot_msgs) StdoutLine: {'line': b'-- Up-to-date: /home/yanji/robot_screwing/install/robot_msgs/lib/python3.8/site-packages/robot_msgs/robot_msgs_s__rosidl_typesupport_fastrtps_c.cpython-38-x86_64-linux-gnu.so\n'}
[0.266627] (robot_msgs) StdoutLine: {'line': b'-- Up-to-date: /home/yanji/robot_screwing/install/robot_msgs/lib/python3.8/site-packages/robot_msgs/robot_msgs_s__rosidl_typesupport_introspection_c.cpython-38-x86_64-linux-gnu.so\n'}
[0.266707] (robot_msgs) StdoutLine: {'line': b'-- Up-to-date: /home/yanji/robot_screwing/install/robot_msgs/lib/python3.8/site-packages/robot_msgs/robot_msgs_s__rosidl_typesupport_c.cpython-38-x86_64-linux-gnu.so\n'}
[0.266759] (robot_msgs) StdoutLine: {'line': b'-- Up-to-date: /home/yanji/robot_screwing/install/robot_msgs/lib/librobot_msgs__python.so\n'}
[0.266820] (robot_msgs) StdoutLine: {'line': b'-- Up-to-date: /home/yanji/robot_screwing/install/robot_msgs/share/robot_msgs/msg/FtPub.idl\n'}
[0.266890] (robot_msgs) StdoutLine: {'line': b'-- Up-to-date: /home/yanji/robot_screwing/install/robot_msgs/share/robot_msgs/msg/RobotStatus.idl\n'}
[0.266961] (robot_msgs) StdoutLine: {'line': b'-- Up-to-date: /home/yanji/robot_screwing/install/robot_msgs/share/robot_msgs/msg/ControlCommand.idl\n'}
[0.267015] (robot_msgs) StdoutLine: {'line': b'-- Up-to-date: /home/yanji/robot_screwing/install/robot_msgs/share/robot_msgs/msg/RefStatus.idl\n'}
[0.267083] (robot_msgs) StdoutLine: {'line': b'-- Up-to-date: /home/yanji/robot_screwing/install/robot_msgs/share/robot_msgs/srv/StartPose.idl\n'}
[0.267141] (robot_msgs) StdoutLine: {'line': b'-- Up-to-date: /home/yanji/robot_screwing/install/robot_msgs/share/robot_msgs/action/Screw.idl\n'}
[0.267210] (robot_msgs) StdoutLine: {'line': b'-- Up-to-date: /home/yanji/robot_screwing/install/robot_msgs/share/robot_msgs/msg/CurrentPub.idl\n'}
[0.267272] (robot_msgs) StdoutLine: {'line': b'-- Up-to-date: /home/yanji/robot_screwing/install/robot_msgs/share/robot_msgs/msg/WidthPub.idl\n'}
[0.267368] (robot_msgs) StdoutLine: {'line': b'-- Up-to-date: /home/yanji/robot_screwing/install/robot_msgs/share/robot_msgs/msg/FtPub.msg\n'}
[0.267494] (robot_msgs) StdoutLine: {'line': b'-- Up-to-date: /home/yanji/robot_screwing/install/robot_msgs/share/robot_msgs/msg/RobotStatus.msg\n'}
[0.267596] (robot_msgs) StdoutLine: {'line': b'-- Up-to-date: /home/yanji/robot_screwing/install/robot_msgs/share/robot_msgs/msg/ControlCommand.msg\n'}
[0.267634] (robot_msgs) StdoutLine: {'line': b'-- Up-to-date: /home/yanji/robot_screwing/install/robot_msgs/share/robot_msgs/msg/RefStatus.msg\n'}
[0.267659] (robot_msgs) StdoutLine: {'line': b'-- Up-to-date: /home/yanji/robot_screwing/install/robot_msgs/share/robot_msgs/srv/StartPose.srv\n'}
[0.267683] (robot_msgs) StdoutLine: {'line': b'-- Up-to-date: /home/yanji/robot_screwing/install/robot_msgs/share/robot_msgs/srv/StartPose_Request.msg\n'}
[0.267708] (robot_msgs) StdoutLine: {'line': b'-- Up-to-date: /home/yanji/robot_screwing/install/robot_msgs/share/robot_msgs/srv/StartPose_Response.msg\n'}
[0.267732] (robot_msgs) StdoutLine: {'line': b'-- Up-to-date: /home/yanji/robot_screwing/install/robot_msgs/share/robot_msgs/action/Screw.action\n'}
[0.267756] (robot_msgs) StdoutLine: {'line': b'-- Up-to-date: /home/yanji/robot_screwing/install/robot_msgs/share/robot_msgs/msg/CurrentPub.msg\n'}
[0.267779] (robot_msgs) StdoutLine: {'line': b'-- Up-to-date: /home/yanji/robot_screwing/install/robot_msgs/share/robot_msgs/msg/WidthPub.msg\n'}
[0.267803] (robot_msgs) StdoutLine: {'line': b'-- Up-to-date: /home/yanji/robot_screwing/install/robot_msgs/share/ament_index/resource_index/package_run_dependencies/robot_msgs\n'}
[0.267829] (robot_msgs) StdoutLine: {'line': b'-- Up-to-date: /home/yanji/robot_screwing/install/robot_msgs/share/ament_index/resource_index/parent_prefix_path/robot_msgs\n'}
[0.267856] (robot_msgs) StdoutLine: {'line': b'-- Up-to-date: /home/yanji/robot_screwing/install/robot_msgs/share/robot_msgs/environment/ament_prefix_path.sh\n'}
[0.267879] (robot_msgs) StdoutLine: {'line': b'-- Up-to-date: /home/yanji/robot_screwing/install/robot_msgs/share/robot_msgs/environment/ament_prefix_path.dsv\n'}
[0.267903] (robot_msgs) StdoutLine: {'line': b'-- Up-to-date: /home/yanji/robot_screwing/install/robot_msgs/share/robot_msgs/environment/path.sh\n'}
[0.267926] (robot_msgs) StdoutLine: {'line': b'-- Up-to-date: /home/yanji/robot_screwing/install/robot_msgs/share/robot_msgs/environment/path.dsv\n'}
[0.267948] (robot_msgs) StdoutLine: {'line': b'-- Up-to-date: /home/yanji/robot_screwing/install/robot_msgs/share/robot_msgs/local_setup.bash\n'}
[0.267971] (robot_msgs) StdoutLine: {'line': b'-- Up-to-date: /home/yanji/robot_screwing/install/robot_msgs/share/robot_msgs/local_setup.sh\n'}
[0.267993] (robot_msgs) StdoutLine: {'line': b'-- Up-to-date: /home/yanji/robot_screwing/install/robot_msgs/share/robot_msgs/local_setup.zsh\n'}
[0.268016] (robot_msgs) StdoutLine: {'line': b'-- Up-to-date: /home/yanji/robot_screwing/install/robot_msgs/share/robot_msgs/local_setup.dsv\n'}
[0.268038] (robot_msgs) StdoutLine: {'line': b'-- Installing: /home/yanji/robot_screwing/install/robot_msgs/share/robot_msgs/package.dsv\n'}
[0.268061] (robot_msgs) StdoutLine: {'line': b'-- Up-to-date: /home/yanji/robot_screwing/install/robot_msgs/share/ament_index/resource_index/packages/robot_msgs\n'}
[0.268083] (robot_msgs) StdoutLine: {'line': b'-- Up-to-date: /home/yanji/robot_screwing/install/robot_msgs/share/robot_msgs/cmake/robot_msgs__rosidl_generator_cExport.cmake\n'}
[0.268105] (robot_msgs) StdoutLine: {'line': b'-- Up-to-date: /home/yanji/robot_screwing/install/robot_msgs/share/robot_msgs/cmake/robot_msgs__rosidl_generator_cExport-noconfig.cmake\n'}
[0.268130] (robot_msgs) StdoutLine: {'line': b'-- Up-to-date: /home/yanji/robot_screwing/install/robot_msgs/share/robot_msgs/cmake/robot_msgs__rosidl_typesupport_introspection_cExport.cmake\n'}
[0.268152] (robot_msgs) StdoutLine: {'line': b'-- Up-to-date: /home/yanji/robot_screwing/install/robot_msgs/share/robot_msgs/cmake/robot_msgs__rosidl_typesupport_introspection_cExport-noconfig.cmake\n'}
[0.268174] (robot_msgs) StdoutLine: {'line': b'-- Up-to-date: /home/yanji/robot_screwing/install/robot_msgs/share/robot_msgs/cmake/robot_msgs__rosidl_typesupport_cExport.cmake\n'}
[0.268195] (robot_msgs) StdoutLine: {'line': b'-- Up-to-date: /home/yanji/robot_screwing/install/robot_msgs/share/robot_msgs/cmake/robot_msgs__rosidl_typesupport_cExport-noconfig.cmake\n'}
[0.268221] (robot_msgs) StdoutLine: {'line': b'-- Up-to-date: /home/yanji/robot_screwing/install/robot_msgs/share/robot_msgs/cmake/robot_msgs__rosidl_generator_cppExport.cmake\n'}
[0.268331] (robot_msgs) StdoutLine: {'line': b'-- Up-to-date: /home/yanji/robot_screwing/install/robot_msgs/share/robot_msgs/cmake/robot_msgs__rosidl_typesupport_introspection_cppExport.cmake\n'}
[0.268359] (robot_msgs) StdoutLine: {'line': b'-- Up-to-date: /home/yanji/robot_screwing/install/robot_msgs/share/robot_msgs/cmake/robot_msgs__rosidl_typesupport_introspection_cppExport-noconfig.cmake\n'}
[0.268385] (robot_msgs) StdoutLine: {'line': b'-- Up-to-date: /home/yanji/robot_screwing/install/robot_msgs/share/robot_msgs/cmake/robot_msgs__rosidl_typesupport_cppExport.cmake\n'}
[0.268411] (robot_msgs) StdoutLine: {'line': b'-- Up-to-date: /home/yanji/robot_screwing/install/robot_msgs/share/robot_msgs/cmake/robot_msgs__rosidl_typesupport_cppExport-noconfig.cmake\n'}
[0.268436] (robot_msgs) StdoutLine: {'line': b'-- Up-to-date: /home/yanji/robot_screwing/install/robot_msgs/share/robot_msgs/cmake/rosidl_cmake-extras.cmake\n'}
[0.268463] (robot_msgs) StdoutLine: {'line': b'-- Up-to-date: /home/yanji/robot_screwing/install/robot_msgs/share/robot_msgs/cmake/ament_cmake_export_dependencies-extras.cmake\n'}
[0.268489] (robot_msgs) StdoutLine: {'line': b'-- Up-to-date: /home/yanji/robot_screwing/install/robot_msgs/share/robot_msgs/cmake/ament_cmake_export_libraries-extras.cmake\n'}
[0.268604] (robot_msgs) StdoutLine: {'line': b'-- Up-to-date: /home/yanji/robot_screwing/install/robot_msgs/share/robot_msgs/cmake/ament_cmake_export_targets-extras.cmake\n'}
[0.268632] (robot_msgs) StdoutLine: {'line': b'-- Up-to-date: /home/yanji/robot_screwing/install/robot_msgs/share/robot_msgs/cmake/ament_cmake_export_include_directories-extras.cmake\n'}
[0.268658] (robot_msgs) StdoutLine: {'line': b'-- Up-to-date: /home/yanji/robot_screwing/install/robot_msgs/share/robot_msgs/cmake/rosidl_cmake_export_typesupport_libraries-extras.cmake\n'}
[0.268684] (robot_msgs) StdoutLine: {'line': b'-- Up-to-date: /home/yanji/robot_screwing/install/robot_msgs/share/robot_msgs/cmake/rosidl_cmake_export_typesupport_targets-extras.cmake\n'}
[0.268710] (robot_msgs) StdoutLine: {'line': b'-- Up-to-date: /home/yanji/robot_screwing/install/robot_msgs/share/robot_msgs/cmake/robot_msgsConfig.cmake\n'}
[0.268736] (robot_msgs) StdoutLine: {'line': b'-- Up-to-date: /home/yanji/robot_screwing/install/robot_msgs/share/robot_msgs/cmake/robot_msgsConfig-version.cmake\n'}
[0.268762] (robot_msgs) StdoutLine: {'line': b'-- Up-to-date: /home/yanji/robot_screwing/install/robot_msgs/share/robot_msgs/package.xml\n'}
[0.269192] (robot_msgs) CommandEnded: {'returncode': 0}
[0.280150] (robot_msgs) JobEnded: {'identifier': 'robot_msgs', 'rc': 0}
[0.280606] (screw_robot_control) JobStarted: {'identifier': 'screw_robot_control'}
[0.284531] (screw_robot_control) JobProgress: {'identifier': 'screw_robot_control', 'progress': 'cmake'}
[0.284809] (screw_robot_control) JobProgress: {'identifier': 'screw_robot_control', 'progress': 'build'}
[0.285007] (screw_robot_control) Command: {'cmd': ['/usr/bin/cmake', '--build', '/home/yanji/robot_screwing/build/screw_robot_control', '--', '-j24', '-l24'], 'cwd': '/home/yanji/robot_screwing/build/screw_robot_control', 'env': OrderedDict([('LESSOPEN', '| /usr/bin/lesspipe %s'), ('LIBRARY_PATH', '/home/yanji/jaka_python:/home/yanji/jaka_python::/usr/local/cuda/lib64:/usr/local/cuda/lib64'), ('CONDA_PROMPT_MODIFIER', '(screwrobot)'), ('HTTPS_PROXY', 'http://127.0.0.1:7890/'), ('no_proxy', 'localhost,127.0.0.0/8,::1'), ('LANGUAGE', 'zh_CN:en'), ('USER', 'yanji'), ('LC_TIME', 'en_US.UTF-8'), ('all_proxy', 'socks://127.0.0.1:7891/'), ('SSH_AGENT_PID', '2001'), ('XDG_SESSION_TYPE', 'x11'), ('GIT_ASKPASS', '/usr/share/code/resources/app/extensions/git/dist/askpass.sh'), ('SHLVL', '2'), ('LD_LIBRARY_PATH', '/home/yanji/robot_screwing/install/robot_msgs/lib:/lib/x86_64-linux-gnu:/usr/lib/x86_64-linux-gnu:/home/yanji/robot_screwing/install/screw_robot_control/lib:/opt/ros/foxy/opt/yaml_cpp_vendor/lib:/opt/ros/foxy/opt/rviz_ogre_vendor/lib:/opt/ros/foxy/lib/x86_64-linux-gnu:/opt/ros/foxy/lib:/lib/x86_64-linux-gnu:/usr/lib/x86_64-linux-gnu:/usr/local/cuda/lib64:/usr/local/cuda/lib64'), ('HOME', '/home/yanji'), ('CHROME_DESKTOP', 'code.desktop'), ('CONDA_SHLVL', '1'), ('TERM_PROGRAM_VERSION', '1.97.2'), ('DESKTOP_SESSION', 'ubuntu'), ('NO_PROXY', 'localhost,127.0.0.0/8,::1'), ('ROS_PYTHON_VERSION', '3'), ('GNOME_SHELL_SESSION_MODE', 'ubuntu'), ('GTK_MODULES', 'gail:atk-bridge'), ('XDG_SEAT_PATH', '/org/freedesktop/DisplayManager/Seat0'), ('VSCODE_GIT_ASKPASS_MAIN', '/usr/share/code/resources/app/extensions/git/dist/askpass-main.js'), ('PS1', '\\[\x1b]633;A\x07\\](screwrobot) \\[\\e]0;\\u@\\h: \\w\\a\\]${debian_chroot:+($debian_chroot)}\\[\\033[01;32m\\]\\u@\\h\\[\\033[00m\\]:\\[\\033[01;34m\\]\\w\\[\\033[00m\\]\\$ \\[\x1b]633;B\x07\\]'), ('LC_MONETARY', 'en_US.UTF-8'), ('VSCODE_GIT_ASKPASS_NODE', '/usr/share/code/code'), ('MANAGERPID', '1913'), ('PYDEVD_DISABLE_FILE_VALIDATION', '1'), ('BUNDLED_DEBUGPY_PATH', '/home/yanji/.vscode/extensions/ms-python.debugpy-2025.8.0-linux-x64/bundled/libs/debugpy'), ('DBUS_SESSION_BUS_ADDRESS', 'unix:path=/run/user/1000/bus'), ('COLORTERM', 'truecolor'), ('_CE_M', ''), ('IM_CONFIG_PHASE', '1'), ('https_proxy', 'http://127.0.0.1:7890/'), ('COLCON_PREFIX_PATH', '/home/yanji/robot_screwing/install'), ('ROS_DISTRO', 'foxy'), ('LOGNAME', 'yanji'), ('CONDA_ROOT', '/home/yanji/anaconda3'), ('ALL_PROXY', 'socks://127.0.0.1:7891/'), ('http_proxy', 'http://127.0.0.1:7890/'), ('JOURNAL_STREAM', '8:55105'), ('_', '/usr/bin/colcon'), ('ROS_VERSION', '2'), ('XDG_SESSION_CLASS', 'user'), ('TERM', 'xterm-256color'), ('GNOME_DESKTOP_SESSION_ID', 'this-is-deprecated'), ('_CE_CONDA', ''), ('ROS_LOCALHOST_ONLY', '0'), ('PATH', '/home/yanji/anaconda3/envs/screwrobot/bin:/opt/ros/foxy/bin:/usr/lib/ccache:/home/yanji/anaconda3/condabin:/home/yanji/.local/bin:/usr/local/sbin:/usr/local/bin:/usr/sbin:/usr/bin:/sbin:/bin:/usr/games:/usr/local/games:/snap/bin:/usr/local/cuda/bin:/home/yanji/pycharm/bin:/opt/ros/foxy/bin:/usr/lib/ccache:/home/yanji/anaconda3/envs/screwrobot/bin:/usr/lib/ccache:/home/yanji/anaconda3/condabin:/home/yanji/.local/bin:/usr/local/sbin:/usr/local/bin:/usr/sbin:/usr/bin:/sbin:/bin:/usr/games:/usr/local/games:/snap/bin:/usr/local/cuda/bin:/home/yanji/pycharm/bin:/home/yanji/anaconda3/envs/screwrobot/bin:/usr/lib/ccache:/home/yanji/anaconda3/condabin:/home/yanji/.local/bin:/usr/local/sbin:/usr/local/bin:/usr/sbin:/usr/bin:/sbin:/bin:/usr/games:/usr/local/games:/snap/bin:/usr/local/cuda/bin:/home/yanji/pycharm/bin/:/usr/local/cuda/bin:/home/yanji/pycharm/bin/'), ('SESSION_MANAGER', 'local/yanji-server:@/tmp/.ICE-unix/2037,unix/yanji-server:/tmp/.ICE-unix/2037'), ('GDM_LANG', 'zh_CN'), ('INVOCATION_ID', 'f74828f496264434998967c741588413'), ('PAPERSIZE', 'letter'), ('XDG_SESSION_PATH', '/org/freedesktop/DisplayManager/Session0'), ('XDG_MENU_PREFIX', 'gnome-'), ('LC_ADDRESS', 'en_US.UTF-8'), ('GNOME_TERMINAL_SCREEN', '/org/gnome/Terminal/screen/337b567d_41aa_4403_9182_7d1dab657401'), ('XDG_RUNTIME_DIR', '/run/user/1000'), ('GDK_BACKEND', 'x11'), ('DISPLAY', ':0'), ('VSCODE_DEBUGPY_ADAPTER_ENDPOINTS', '/home/yanji/.vscode/extensions/ms-python.debugpy-2025.8.0-linux-x64/.noConfigDebugAdapterEndpoints/endpoint-35e173d817dea6ca.txt'), ('LANG', 'zh_CN.UTF-8'), ('XDG_CURRENT_DESKTOP', 'Unity'), ('LC_TELEPHONE', 'en_US.UTF-8'), ('XMODIFIERS', '@im=ibus'), ('XDG_SESSION_DESKTOP', 'ubuntu'), ('XAUTHORITY', '/home/yanji/.Xauthority'), ('LS_COLORS', 'rs=0:di=01;34:ln=01;36:mh=00:pi=40;33:so=01;35:do=01;35:bd=40;33;01:cd=40;33;01:or=40;31;01:mi=00:su=37;41:sg=30;43:ca=30;41:tw=30;42:ow=34;42:st=37;44:ex=01;32:*.tar=01;31:*.tgz=01;31:*.arc=01;31:*.arj=01;31:*.taz=01;31:*.lha=01;31:*.lz4=01;31:*.lzh=01;31:*.lzma=01;31:*.tlz=01;31:*.txz=01;31:*.tzo=01;31:*.t7z=01;31:*.zip=01;31:*.z=01;31:*.dz=01;31:*.gz=01;31:*.lrz=01;31:*.lz=01;31:*.lzo=01;31:*.xz=01;31:*.zst=01;31:*.tzst=01;31:*.bz2=01;31:*.bz=01;31:*.tbz=01;31:*.tbz2=01;31:*.tz=01;31:*.deb=01;31:*.rpm=01;31:*.jar=01;31:*.war=01;31:*.ear=01;31:*.sar=01;31:*.rar=01;31:*.alz=01;31:*.ace=01;31:*.zoo=01;31:*.cpio=01;31:*.7z=01;31:*.rz=01;31:*.cab=01;31:*.wim=01;31:*.swm=01;31:*.dwm=01;31:*.esd=01;31:*.jpg=01;35:*.jpeg=01;35:*.mjpg=01;35:*.mjpeg=01;35:*.gif=01;35:*.bmp=01;35:*.pbm=01;35:*.pgm=01;35:*.ppm=01;35:*.tga=01;35:*.xbm=01;35:*.xpm=01;35:*.tif=01;35:*.tiff=01;35:*.png=01;35:*.svg=01;35:*.svgz=01;35:*.mng=01;35:*.pcx=01;35:*.mov=01;35:*.mpg=01;35:*.mpeg=01;35:*.m2v=01;35:*.mkv=01;35:*.webm=01;35:*.ogm=01;35:*.mp4=01;35:*.m4v=01;35:*.mp4v=01;35:*.vob=01;35:*.qt=01;35:*.nuv=01;35:*.wmv=01;35:*.asf=01;35:*.rm=01;35:*.rmvb=01;35:*.flc=01;35:*.avi=01;35:*.fli=01;35:*.flv=01;35:*.gl=01;35:*.dl=01;35:*.xcf=01;35:*.xwd=01;35:*.yuv=01;35:*.cgm=01;35:*.emf=01;35:*.ogv=01;35:*.ogx=01;35:*.aac=00;36:*.au=00;36:*.flac=00;36:*.m4a=00;36:*.mid=00;36:*.midi=00;36:*.mka=00;36:*.mp3=00;36:*.mpc=00;36:*.ogg=00;36:*.ra=00;36:*.wav=00;36:*.oga=00;36:*.opus=00;36:*.spx=00;36:*.xspf=00;36:'), ('VSCODE_GIT_IPC_HANDLE', '/run/user/1000/vscode-git-51992ed709.sock'), ('GNOME_TERMINAL_SERVICE', ':1.82'), ('TERM_PROGRAM', 'vscode'), ('SSH_AUTH_SOCK', '/run/user/1000/keyring/ssh'), ('XDG_GREETER_DATA_DIR', '/var/lib/lightdm-data/yanji'), ('AMENT_PREFIX_PATH', '/home/yanji/robot_screwing/install/screw_robot_control:/home/yanji/robot_screwing/install/robot_msgs:/home/yanji/robot_screwing/install/real_robot:/home/yanji/robot_screwing/install/mj_sim:/opt/ros/foxy'), ('CONDA_PYTHON_EXE', '/home/yanji/anaconda3/bin/python'), ('ORIGINAL_XDG_CURRENT_DESKTOP', 'ubuntu:GNOME'), ('SHELL', '/bin/bash'), ('LC_NAME', 'en_US.UTF-8'), ('QT_ACCESSIBILITY', '1'), ('GDMSESSION', 'ubuntu'), ('LESSCLOSE', '/usr/bin/lesspipe %s %s'), ('CONDA_DEFAULT_ENV', 'screwrobot'), ('LC_MEASUREMENT', 'en_US.UTF-8'), ('GPG_AGENT_INFO', '/run/user/1000/gnupg/S.gpg-agent:0:1'), ('LC_IDENTIFICATION', 'en_US.UTF-8'), ('VSCODE_GIT_ASKPASS_EXTRA_ARGS', ''), ('QT_IM_MODULE', 'ibus'), ('PWD', '/home/yanji/robot_screwing/build/screw_robot_control'), ('LC_ALL', 'en_US.UTF-8'), ('XDG_CONFIG_DIRS', '/etc/xdg/xdg-ubuntu:/etc/xdg'), ('CONDA_EXE', '/home/yanji/anaconda3/bin/conda'), ('XDG_DATA_DIRS', '/usr/share/ubuntu:/home/yanji/.local/share/flatpak/exports/share:/var/lib/flatpak/exports/share:/usr/local/share:/usr/share:/var/lib/snapd/desktop'), ('PYTHONPATH', '/home/yanji/robot_screwing/install/robot_msgs/lib/python3.8/site-packages:/home/yanji/robot_screwing/install/real_robot/lib/python3.8/site-packages:/home/yanji/robot_screwing/install/mj_sim/lib/python3.8/site-packages:/opt/ros/foxy/lib/python3.8/site-packages'), ('HTTP_PROXY', 'http://127.0.0.1:7890/'), ('LC_NUMERIC', 'en_US.UTF-8'), ('CONDA_PREFIX', '/home/yanji/anaconda3/envs/screwrobot'), ('LC_PAPER', 'en_US.UTF-8'), ('COLCON', '1'), ('VTE_VERSION', '6003'), ('CMAKE_PREFIX_PATH', '/home/yanji/robot_screwing/install/robot_msgs:/home/yanji/robot_screwing/install/screw_robot_control:/home/yanji/robot_screwing/install/real_robot:/home/yanji/robot_screwing/install/mj_sim:/opt/ros/foxy')]), 'shell': False}
[0.300361] (-) TimerEvent: {}
[0.310157] (screw_robot_control) StdoutLine: {'line': b'[ 25%] Built target SERVO_MOTOR\n'}
[0.324248] (screw_robot_control) StdoutLine: {'line': b'[ 50%] Built target SCREWING_TOOL\n'}
[0.338835] (screw_robot_control) StdoutLine: {'line': b'[ 75%] Built target task_control_screw\n'}
[0.341431] (screw_robot_control) StdoutLine: {'line': b'[100%] Built target right_arm_control\n'}
[0.346151] (screw_robot_control) CommandEnded: {'returncode': 0}
[0.346655] (screw_robot_control) JobProgress: {'identifier': 'screw_robot_control', 'progress': 'install'}
[0.346789] (screw_robot_control) Command: {'cmd': ['/usr/bin/cmake', '--install', '/home/yanji/robot_screwing/build/screw_robot_control'], 'cwd': '/home/yanji/robot_screwing/build/screw_robot_control', 'env': OrderedDict([('LESSOPEN', '| /usr/bin/lesspipe %s'), ('LIBRARY_PATH', '/home/yanji/jaka_python:/home/yanji/jaka_python::/usr/local/cuda/lib64:/usr/local/cuda/lib64'), ('CONDA_PROMPT_MODIFIER', '(screwrobot)'), ('HTTPS_PROXY', 'http://127.0.0.1:7890/'), ('no_proxy', 'localhost,127.0.0.0/8,::1'), ('LANGUAGE', 'zh_CN:en'), ('USER', 'yanji'), ('LC_TIME', 'en_US.UTF-8'), ('all_proxy', 'socks://127.0.0.1:7891/'), ('SSH_AGENT_PID', '2001'), ('XDG_SESSION_TYPE', 'x11'), ('GIT_ASKPASS', '/usr/share/code/resources/app/extensions/git/dist/askpass.sh'), ('SHLVL', '2'), ('LD_LIBRARY_PATH', '/home/yanji/robot_screwing/install/robot_msgs/lib:/lib/x86_64-linux-gnu:/usr/lib/x86_64-linux-gnu:/home/yanji/robot_screwing/install/screw_robot_control/lib:/opt/ros/foxy/opt/yaml_cpp_vendor/lib:/opt/ros/foxy/opt/rviz_ogre_vendor/lib:/opt/ros/foxy/lib/x86_64-linux-gnu:/opt/ros/foxy/lib:/lib/x86_64-linux-gnu:/usr/lib/x86_64-linux-gnu:/usr/local/cuda/lib64:/usr/local/cuda/lib64'), ('HOME', '/home/yanji'), ('CHROME_DESKTOP', 'code.desktop'), ('CONDA_SHLVL', '1'), ('TERM_PROGRAM_VERSION', '1.97.2'), ('DESKTOP_SESSION', 'ubuntu'), ('NO_PROXY', 'localhost,127.0.0.0/8,::1'), ('ROS_PYTHON_VERSION', '3'), ('GNOME_SHELL_SESSION_MODE', 'ubuntu'), ('GTK_MODULES', 'gail:atk-bridge'), ('XDG_SEAT_PATH', '/org/freedesktop/DisplayManager/Seat0'), ('VSCODE_GIT_ASKPASS_MAIN', '/usr/share/code/resources/app/extensions/git/dist/askpass-main.js'), ('PS1', '\\[\x1b]633;A\x07\\](screwrobot) \\[\\e]0;\\u@\\h: \\w\\a\\]${debian_chroot:+($debian_chroot)}\\[\\033[01;32m\\]\\u@\\h\\[\\033[00m\\]:\\[\\033[01;34m\\]\\w\\[\\033[00m\\]\\$ \\[\x1b]633;B\x07\\]'), ('LC_MONETARY', 'en_US.UTF-8'), ('VSCODE_GIT_ASKPASS_NODE', '/usr/share/code/code'), ('MANAGERPID', '1913'), ('PYDEVD_DISABLE_FILE_VALIDATION', '1'), ('BUNDLED_DEBUGPY_PATH', '/home/yanji/.vscode/extensions/ms-python.debugpy-2025.8.0-linux-x64/bundled/libs/debugpy'), ('DBUS_SESSION_BUS_ADDRESS', 'unix:path=/run/user/1000/bus'), ('COLORTERM', 'truecolor'), ('_CE_M', ''), ('IM_CONFIG_PHASE', '1'), ('https_proxy', 'http://127.0.0.1:7890/'), ('COLCON_PREFIX_PATH', '/home/yanji/robot_screwing/install'), ('ROS_DISTRO', 'foxy'), ('LOGNAME', 'yanji'), ('CONDA_ROOT', '/home/yanji/anaconda3'), ('ALL_PROXY', 'socks://127.0.0.1:7891/'), ('http_proxy', 'http://127.0.0.1:7890/'), ('JOURNAL_STREAM', '8:55105'), ('_', '/usr/bin/colcon'), ('ROS_VERSION', '2'), ('XDG_SESSION_CLASS', 'user'), ('TERM', 'xterm-256color'), ('GNOME_DESKTOP_SESSION_ID', 'this-is-deprecated'), ('_CE_CONDA', ''), ('ROS_LOCALHOST_ONLY', '0'), ('PATH', '/home/yanji/anaconda3/envs/screwrobot/bin:/opt/ros/foxy/bin:/usr/lib/ccache:/home/yanji/anaconda3/condabin:/home/yanji/.local/bin:/usr/local/sbin:/usr/local/bin:/usr/sbin:/usr/bin:/sbin:/bin:/usr/games:/usr/local/games:/snap/bin:/usr/local/cuda/bin:/home/yanji/pycharm/bin:/opt/ros/foxy/bin:/usr/lib/ccache:/home/yanji/anaconda3/envs/screwrobot/bin:/usr/lib/ccache:/home/yanji/anaconda3/condabin:/home/yanji/.local/bin:/usr/local/sbin:/usr/local/bin:/usr/sbin:/usr/bin:/sbin:/bin:/usr/games:/usr/local/games:/snap/bin:/usr/local/cuda/bin:/home/yanji/pycharm/bin:/home/yanji/anaconda3/envs/screwrobot/bin:/usr/lib/ccache:/home/yanji/anaconda3/condabin:/home/yanji/.local/bin:/usr/local/sbin:/usr/local/bin:/usr/sbin:/usr/bin:/sbin:/bin:/usr/games:/usr/local/games:/snap/bin:/usr/local/cuda/bin:/home/yanji/pycharm/bin/:/usr/local/cuda/bin:/home/yanji/pycharm/bin/'), ('SESSION_MANAGER', 'local/yanji-server:@/tmp/.ICE-unix/2037,unix/yanji-server:/tmp/.ICE-unix/2037'), ('GDM_LANG', 'zh_CN'), ('INVOCATION_ID', 'f74828f496264434998967c741588413'), ('PAPERSIZE', 'letter'), ('XDG_SESSION_PATH', '/org/freedesktop/DisplayManager/Session0'), ('XDG_MENU_PREFIX', 'gnome-'), ('LC_ADDRESS', 'en_US.UTF-8'), ('GNOME_TERMINAL_SCREEN', '/org/gnome/Terminal/screen/337b567d_41aa_4403_9182_7d1dab657401'), ('XDG_RUNTIME_DIR', '/run/user/1000'), ('GDK_BACKEND', 'x11'), ('DISPLAY', ':0'), ('VSCODE_DEBUGPY_ADAPTER_ENDPOINTS', '/home/yanji/.vscode/extensions/ms-python.debugpy-2025.8.0-linux-x64/.noConfigDebugAdapterEndpoints/endpoint-35e173d817dea6ca.txt'), ('LANG', 'zh_CN.UTF-8'), ('XDG_CURRENT_DESKTOP', 'Unity'), ('LC_TELEPHONE', 'en_US.UTF-8'), ('XMODIFIERS', '@im=ibus'), ('XDG_SESSION_DESKTOP', 'ubuntu'), ('XAUTHORITY', '/home/yanji/.Xauthority'), ('LS_COLORS', 'rs=0:di=01;34:ln=01;36:mh=00:pi=40;33:so=01;35:do=01;35:bd=40;33;01:cd=40;33;01:or=40;31;01:mi=00:su=37;41:sg=30;43:ca=30;41:tw=30;42:ow=34;42:st=37;44:ex=01;32:*.tar=01;31:*.tgz=01;31:*.arc=01;31:*.arj=01;31:*.taz=01;31:*.lha=01;31:*.lz4=01;31:*.lzh=01;31:*.lzma=01;31:*.tlz=01;31:*.txz=01;31:*.tzo=01;31:*.t7z=01;31:*.zip=01;31:*.z=01;31:*.dz=01;31:*.gz=01;31:*.lrz=01;31:*.lz=01;31:*.lzo=01;31:*.xz=01;31:*.zst=01;31:*.tzst=01;31:*.bz2=01;31:*.bz=01;31:*.tbz=01;31:*.tbz2=01;31:*.tz=01;31:*.deb=01;31:*.rpm=01;31:*.jar=01;31:*.war=01;31:*.ear=01;31:*.sar=01;31:*.rar=01;31:*.alz=01;31:*.ace=01;31:*.zoo=01;31:*.cpio=01;31:*.7z=01;31:*.rz=01;31:*.cab=01;31:*.wim=01;31:*.swm=01;31:*.dwm=01;31:*.esd=01;31:*.jpg=01;35:*.jpeg=01;35:*.mjpg=01;35:*.mjpeg=01;35:*.gif=01;35:*.bmp=01;35:*.pbm=01;35:*.pgm=01;35:*.ppm=01;35:*.tga=01;35:*.xbm=01;35:*.xpm=01;35:*.tif=01;35:*.tiff=01;35:*.png=01;35:*.svg=01;35:*.svgz=01;35:*.mng=01;35:*.pcx=01;35:*.mov=01;35:*.mpg=01;35:*.mpeg=01;35:*.m2v=01;35:*.mkv=01;35:*.webm=01;35:*.ogm=01;35:*.mp4=01;35:*.m4v=01;35:*.mp4v=01;35:*.vob=01;35:*.qt=01;35:*.nuv=01;35:*.wmv=01;35:*.asf=01;35:*.rm=01;35:*.rmvb=01;35:*.flc=01;35:*.avi=01;35:*.fli=01;35:*.flv=01;35:*.gl=01;35:*.dl=01;35:*.xcf=01;35:*.xwd=01;35:*.yuv=01;35:*.cgm=01;35:*.emf=01;35:*.ogv=01;35:*.ogx=01;35:*.aac=00;36:*.au=00;36:*.flac=00;36:*.m4a=00;36:*.mid=00;36:*.midi=00;36:*.mka=00;36:*.mp3=00;36:*.mpc=00;36:*.ogg=00;36:*.ra=00;36:*.wav=00;36:*.oga=00;36:*.opus=00;36:*.spx=00;36:*.xspf=00;36:'), ('VSCODE_GIT_IPC_HANDLE', '/run/user/1000/vscode-git-51992ed709.sock'), ('GNOME_TERMINAL_SERVICE', ':1.82'), ('TERM_PROGRAM', 'vscode'), ('SSH_AUTH_SOCK', '/run/user/1000/keyring/ssh'), ('XDG_GREETER_DATA_DIR', '/var/lib/lightdm-data/yanji'), ('AMENT_PREFIX_PATH', '/home/yanji/robot_screwing/install/screw_robot_control:/home/yanji/robot_screwing/install/robot_msgs:/home/yanji/robot_screwing/install/real_robot:/home/yanji/robot_screwing/install/mj_sim:/opt/ros/foxy'), ('CONDA_PYTHON_EXE', '/home/yanji/anaconda3/bin/python'), ('ORIGINAL_XDG_CURRENT_DESKTOP', 'ubuntu:GNOME'), ('SHELL', '/bin/bash'), ('LC_NAME', 'en_US.UTF-8'), ('QT_ACCESSIBILITY', '1'), ('GDMSESSION', 'ubuntu'), ('LESSCLOSE', '/usr/bin/lesspipe %s %s'), ('CONDA_DEFAULT_ENV', 'screwrobot'), ('LC_MEASUREMENT', 'en_US.UTF-8'), ('GPG_AGENT_INFO', '/run/user/1000/gnupg/S.gpg-agent:0:1'), ('LC_IDENTIFICATION', 'en_US.UTF-8'), ('VSCODE_GIT_ASKPASS_EXTRA_ARGS', ''), ('QT_IM_MODULE', 'ibus'), ('PWD', '/home/yanji/robot_screwing/build/screw_robot_control'), ('LC_ALL', 'en_US.UTF-8'), ('XDG_CONFIG_DIRS', '/etc/xdg/xdg-ubuntu:/etc/xdg'), ('CONDA_EXE', '/home/yanji/anaconda3/bin/conda'), ('XDG_DATA_DIRS', '/usr/share/ubuntu:/home/yanji/.local/share/flatpak/exports/share:/var/lib/flatpak/exports/share:/usr/local/share:/usr/share:/var/lib/snapd/desktop'), ('PYTHONPATH', '/home/yanji/robot_screwing/install/robot_msgs/lib/python3.8/site-packages:/home/yanji/robot_screwing/install/real_robot/lib/python3.8/site-packages:/home/yanji/robot_screwing/install/mj_sim/lib/python3.8/site-packages:/opt/ros/foxy/lib/python3.8/site-packages'), ('HTTP_PROXY', 'http://127.0.0.1:7890/'), ('LC_NUMERIC', 'en_US.UTF-8'), ('CONDA_PREFIX', '/home/yanji/anaconda3/envs/screwrobot'), ('LC_PAPER', 'en_US.UTF-8'), ('COLCON', '1'), ('VTE_VERSION', '6003'), ('CMAKE_PREFIX_PATH', '/home/yanji/robot_screwing/install/robot_msgs:/home/yanji/robot_screwing/install/screw_robot_control:/home/yanji/robot_screwing/install/real_robot:/home/yanji/robot_screwing/install/mj_sim:/opt/ros/foxy')]), 'shell': False}
[0.351142] (screw_robot_control) StdoutLine: {'line': b'-- Install configuration: ""\n'}
[0.351261] (screw_robot_control) StdoutLine: {'line': b'-- Up-to-date: /home/yanji/robot_screwing/install/screw_robot_control/lib/libSERVO_MOTOR.so\n'}
[0.351354] (screw_robot_control) StdoutLine: {'line': b'-- Up-to-date: /home/yanji/robot_screwing/install/screw_robot_control/lib/libSCREWING_TOOL.so\n'}
[0.351466] (screw_robot_control) StdoutLine: {'line': b'-- Up-to-date: /home/yanji/robot_screwing/install/screw_robot_control/lib/screw_robot_control/right_arm_control\n'}
[0.351639] (screw_robot_control) StdoutLine: {'line': b'-- Up-to-date: /home/yanji/robot_screwing/install/screw_robot_control/lib/screw_robot_control/task_control_screw\n'}
[0.351723] (screw_robot_control) StdoutLine: {'line': b'-- Up-to-date: /home/yanji/robot_screwing/install/screw_robot_control/lib/libjakaAPI.so\n'}
[0.351754] (screw_robot_control) StdoutLine: {'line': b'-- Up-to-date: /home/yanji/robot_screwing/install/screw_robot_control/lib/libdxl_x64_cpp.so\n'}
[0.351799] (screw_robot_control) StdoutLine: {'line': b'-- Up-to-date: /home/yanji/robot_screwing/install/screw_robot_control/include\n'}
[0.351824] (screw_robot_control) StdoutLine: {'line': b'-- Up-to-date: /home/yanji/robot_screwing/install/screw_robot_control/include/screw_robot_control\n'}
[0.351874] (screw_robot_control) StdoutLine: {'line': b'-- Up-to-date: /home/yanji/robot_screwing/install/screw_robot_control/include/screw_robot_control/dynamixel\n'}
[0.351910] (screw_robot_control) StdoutLine: {'line': b'-- Up-to-date: /home/yanji/robot_screwing/install/screw_robot_control/include/screw_robot_control/dynamixel/dynamixel_sdk.h\n'}
[0.351934] (screw_robot_control) StdoutLine: {'line': b'-- Up-to-date: /home/yanji/robot_screwing/install/screw_robot_control/include/screw_robot_control/dynamixel/port_handler.h\n'}
[0.351973] (screw_robot_control) StdoutLine: {'line': b'-- Up-to-date: /home/yanji/robot_screwing/install/screw_robot_control/include/screw_robot_control/dynamixel/packet_handler.h\n'}
[0.352014] (screw_robot_control) StdoutLine: {'line': b'-- Up-to-date: /home/yanji/robot_screwing/install/screw_robot_control/include/screw_robot_control/dynamixel/group_bulk_read.h\n'}
[0.352046] (screw_robot_control) StdoutLine: {'line': b'-- Up-to-date: /home/yanji/robot_screwing/install/screw_robot_control/include/screw_robot_control/dynamixel/protocol1_packet_handler.h\n'}
[0.352082] (screw_robot_control) StdoutLine: {'line': b'-- Up-to-date: /home/yanji/robot_screwing/install/screw_robot_control/include/screw_robot_control/dynamixel/port_handler_arduino.h\n'}
[0.352117] (screw_robot_control) StdoutLine: {'line': b'-- Up-to-date: /home/yanji/robot_screwing/install/screw_robot_control/include/screw_robot_control/dynamixel/group_sync_write.h\n'}
[0.352155] (screw_robot_control) StdoutLine: {'line': b'-- Up-to-date: /home/yanji/robot_screwing/install/screw_robot_control/include/screw_robot_control/dynamixel/port_handler_linux.h\n'}
[0.352180] (screw_robot_control) StdoutLine: {'line': b'-- Up-to-date: /home/yanji/robot_screwing/install/screw_robot_control/include/screw_robot_control/dynamixel/port_handler_windows.h\n'}
[0.352203] (screw_robot_control) StdoutLine: {'line': b'-- Up-to-date: /home/yanji/robot_screwing/install/screw_robot_control/include/screw_robot_control/dynamixel/protocol2_packet_handler.h\n'}
[0.352226] (screw_robot_control) StdoutLine: {'line': b'-- Up-to-date: /home/yanji/robot_screwing/install/screw_robot_control/include/screw_robot_control/dynamixel/port_handler_mac.h\n'}
[0.352269] (screw_robot_control) StdoutLine: {'line': b'-- Up-to-date: /home/yanji/robot_screwing/install/screw_robot_control/include/screw_robot_control/dynamixel/group_sync_read.h\n'}
[0.352299] (screw_robot_control) StdoutLine: {'line': b'-- Up-to-date: /home/yanji/robot_screwing/install/screw_robot_control/include/screw_robot_control/dynamixel/group_bulk_write.h\n'}
[0.352322] (screw_robot_control) StdoutLine: {'line': b'-- Up-to-date: /home/yanji/robot_screwing/install/screw_robot_control/include/screw_robot_control/jaka\n'}
[0.352344] (screw_robot_control) StdoutLine: {'line': b'-- Up-to-date: /home/yanji/robot_screwing/install/screw_robot_control/include/screw_robot_control/jaka/right_arm_control.hpp\n'}
[0.352367] (screw_robot_control) StdoutLine: {'line': b'-- Up-to-date: /home/yanji/robot_screwing/install/screw_robot_control/include/screw_robot_control/jaka/servo_motor_function.hpp\n'}
[0.352389] (screw_robot_control) StdoutLine: {'line': b'-- Up-to-date: /home/yanji/robot_screwing/install/screw_robot_control/include/screw_robot_control/jaka/JAKAZuRobot.h\n'}
[0.352411] (screw_robot_control) StdoutLine: {'line': b'-- Up-to-date: /home/yanji/robot_screwing/install/screw_robot_control/include/screw_robot_control/jaka/jktypes.h\n'}
[0.352433] (screw_robot_control) StdoutLine: {'line': b'-- Up-to-date: /home/yanji/robot_screwing/install/screw_robot_control/include/screw_robot_control/jaka/task_control_screw.hpp\n'}
[0.352455] (screw_robot_control) StdoutLine: {'line': b'-- Up-to-date: /home/yanji/robot_screwing/install/screw_robot_control/include/screw_robot_control/jaka/jkerr.h\n'}
[0.352477] (screw_robot_control) StdoutLine: {'line': b'-- Up-to-date: /home/yanji/robot_screwing/install/screw_robot_control/include/screw_robot_control/jaka/screwing_tool.hpp\n'}
[0.352499] (screw_robot_control) StdoutLine: {'line': b'-- Up-to-date: /home/yanji/robot_screwing/install/screw_robot_control/share/screw_robot_control/launch\n'}
[0.352523] (screw_robot_control) StdoutLine: {'line': b'-- Up-to-date: /home/yanji/robot_screwing/install/screw_robot_control/share/screw_robot_control/launch/right_arm_control.launch.py\n'}
[0.352547] (screw_robot_control) StdoutLine: {'line': b'-- Up-to-date: /home/yanji/robot_screwing/install/screw_robot_control/share/ament_index/resource_index/package_run_dependencies/screw_robot_control\n'}
[0.352571] (screw_robot_control) StdoutLine: {'line': b'-- Up-to-date: /home/yanji/robot_screwing/install/screw_robot_control/share/ament_index/resource_index/parent_prefix_path/screw_robot_control\n'}
[0.352599] (screw_robot_control) StdoutLine: {'line': b'-- Up-to-date: /home/yanji/robot_screwing/install/screw_robot_control/share/screw_robot_control/environment/ament_prefix_path.sh\n'}
[0.352622] (screw_robot_control) StdoutLine: {'line': b'-- Up-to-date: /home/yanji/robot_screwing/install/screw_robot_control/share/screw_robot_control/environment/ament_prefix_path.dsv\n'}
[0.352645] (screw_robot_control) StdoutLine: {'line': b'-- Up-to-date: /home/yanji/robot_screwing/install/screw_robot_control/share/screw_robot_control/environment/path.sh\n'}
[0.352670] (screw_robot_control) StdoutLine: {'line': b'-- Up-to-date: /home/yanji/robot_screwing/install/screw_robot_control/share/screw_robot_control/environment/path.dsv\n'}
[0.352693] (screw_robot_control) StdoutLine: {'line': b'-- Up-to-date: /home/yanji/robot_screwing/install/screw_robot_control/share/screw_robot_control/local_setup.bash\n'}
[0.352718] (screw_robot_control) StdoutLine: {'line': b'-- Up-to-date: /home/yanji/robot_screwing/install/screw_robot_control/share/screw_robot_control/local_setup.sh\n'}
[0.352744] (screw_robot_control) StdoutLine: {'line': b'-- Up-to-date: /home/yanji/robot_screwing/install/screw_robot_control/share/screw_robot_control/local_setup.zsh\n'}
[0.352798] (screw_robot_control) StdoutLine: {'line': b'-- Up-to-date: /home/yanji/robot_screwing/install/screw_robot_control/share/screw_robot_control/local_setup.dsv\n'}
[0.352824] (screw_robot_control) StdoutLine: {'line': b'-- Installing: /home/yanji/robot_screwing/install/screw_robot_control/share/screw_robot_control/package.dsv\n'}
[0.352886] (screw_robot_control) StdoutLine: {'line': b'-- Up-to-date: /home/yanji/robot_screwing/install/screw_robot_control/share/ament_index/resource_index/packages/screw_robot_control\n'}
[0.353018] (screw_robot_control) StdoutLine: {'line': b'-- Up-to-date: /home/yanji/robot_screwing/install/screw_robot_control/share/screw_robot_control/cmake/screw_robot_controlConfig.cmake\n'}
[0.353100] (screw_robot_control) StdoutLine: {'line': b'-- Up-to-date: /home/yanji/robot_screwing/install/screw_robot_control/share/screw_robot_control/cmake/screw_robot_controlConfig-version.cmake\n'}
[0.353245] (screw_robot_control) StdoutLine: {'line': b'-- Up-to-date: /home/yanji/robot_screwing/install/screw_robot_control/share/screw_robot_control/package.xml\n'}
[0.353592] (screw_robot_control) CommandEnded: {'returncode': 0}
[0.359631] (screw_robot_control) JobEnded: {'identifier': 'screw_robot_control', 'rc': 0}
[0.400471] (-) TimerEvent: {}
[0.439712] (real_robot) Command: {'cmd': ['/usr/bin/python3', '-W', 'ignore:setup.py install is deprecated', '-W', 'ignore:easy_install command is deprecated', 'setup.py', 'egg_info', '--egg-base', '../../build/real_robot', 'build', '--build-base', '/home/yanji/robot_screwing/build/real_robot/build', 'install', '--record', '/home/yanji/robot_screwing/build/real_robot/install.log', '--install-scripts', '$base/lib/real_robot', '--single-version-externally-managed', 'install_data'], 'cwd': '/home/yanji/robot_screwing/src/real_robot', 'env': {'LESSOPEN': '| /usr/bin/lesspipe %s', 'LIBRARY_PATH': '/home/yanji/jaka_python:/home/yanji/jaka_python::/usr/local/cuda/lib64:/usr/local/cuda/lib64', 'CONDA_PROMPT_MODIFIER': '(screwrobot)', 'HTTPS_PROXY': 'http://127.0.0.1:7890/', 'no_proxy': 'localhost,127.0.0.0/8,::1', 'LANGUAGE': 'zh_CN:en', 'USER': 'yanji', 'LC_TIME': 'en_US.UTF-8', 'all_proxy': 'socks://127.0.0.1:7891/', 'SSH_AGENT_PID': '2001', 'XDG_SESSION_TYPE': 'x11', 'GIT_ASKPASS': '/usr/share/code/resources/app/extensions/git/dist/askpass.sh', 'SHLVL': '2', 'LD_LIBRARY_PATH': '/lib/x86_64-linux-gnu:/usr/lib/x86_64-linux-gnu:/home/yanji/robot_screwing/install/screw_robot_control/lib:/home/yanji/robot_screwing/install/robot_msgs/lib:/opt/ros/foxy/opt/yaml_cpp_vendor/lib:/opt/ros/foxy/opt/rviz_ogre_vendor/lib:/opt/ros/foxy/lib/x86_64-linux-gnu:/opt/ros/foxy/lib:/lib/x86_64-linux-gnu:/usr/lib/x86_64-linux-gnu::/usr/local/cuda/lib64:/usr/local/cuda/lib64', 'HOME': '/home/yanji', 'CHROME_DESKTOP': 'code.desktop', 'CONDA_SHLVL': '1', 'TERM_PROGRAM_VERSION': '1.97.2', 'DESKTOP_SESSION': 'ubuntu', 'NO_PROXY': 'localhost,127.0.0.0/8,::1', 'ROS_PYTHON_VERSION': '3', 'GNOME_SHELL_SESSION_MODE': 'ubuntu', 'GTK_MODULES': 'gail:atk-bridge', 'XDG_SEAT_PATH': '/org/freedesktop/DisplayManager/Seat0', 'VSCODE_GIT_ASKPASS_MAIN': '/usr/share/code/resources/app/extensions/git/dist/askpass-main.js', 'PS1': '\\[\x1b]633;A\x07\\](screwrobot) \\[\\e]0;\\u@\\h: \\w\\a\\]${debian_chroot:+($debian_chroot)}\\[\\033[01;32m\\]\\u@\\h\\[\\033[00m\\]:\\[\\033[01;34m\\]\\w\\[\\033[00m\\]\\$ \\[\x1b]633;B\x07\\]', 'LC_MONETARY': 'en_US.UTF-8', 'VSCODE_GIT_ASKPASS_NODE': '/usr/share/code/code', 'MANAGERPID': '1913', 'PYDEVD_DISABLE_FILE_VALIDATION': '1', 'BUNDLED_DEBUGPY_PATH': '/home/yanji/.vscode/extensions/ms-python.debugpy-2025.8.0-linux-x64/bundled/libs/debugpy', 'DBUS_SESSION_BUS_ADDRESS': 'unix:path=/run/user/1000/bus', 'COLORTERM': 'truecolor', '_CE_M': '', 'IM_CONFIG_PHASE': '1', 'https_proxy': 'http://127.0.0.1:7890/', 'COLCON_PREFIX_PATH': '/home/yanji/robot_screwing/install', 'ROS_DISTRO': 'foxy', 'LOGNAME': 'yanji', 'CONDA_ROOT': '/home/yanji/anaconda3', 'ALL_PROXY': 'socks://127.0.0.1:7891/', 'http_proxy': 'http://127.0.0.1:7890/', 'JOURNAL_STREAM': '8:55105', '_': '/usr/bin/colcon', 'ROS_VERSION': '2', 'XDG_SESSION_CLASS': 'user', 'TERM': 'xterm-256color', 'GNOME_DESKTOP_SESSION_ID': 'this-is-deprecated', '_CE_CONDA': '', 'ROS_LOCALHOST_ONLY': '0', 'PATH': '/home/yanji/anaconda3/envs/screwrobot/bin:/opt/ros/foxy/bin:/usr/lib/ccache:/home/yanji/anaconda3/condabin:/home/yanji/.local/bin:/usr/local/sbin:/usr/local/bin:/usr/sbin:/usr/bin:/sbin:/bin:/usr/games:/usr/local/games:/snap/bin:/usr/local/cuda/bin:/home/yanji/pycharm/bin:/opt/ros/foxy/bin:/usr/lib/ccache:/home/yanji/anaconda3/envs/screwrobot/bin:/usr/lib/ccache:/home/yanji/anaconda3/condabin:/home/yanji/.local/bin:/usr/local/sbin:/usr/local/bin:/usr/sbin:/usr/bin:/sbin:/bin:/usr/games:/usr/local/games:/snap/bin:/usr/local/cuda/bin:/home/yanji/pycharm/bin:/home/yanji/anaconda3/envs/screwrobot/bin:/usr/lib/ccache:/home/yanji/anaconda3/condabin:/home/yanji/.local/bin:/usr/local/sbin:/usr/local/bin:/usr/sbin:/usr/bin:/sbin:/bin:/usr/games:/usr/local/games:/snap/bin:/usr/local/cuda/bin:/home/yanji/pycharm/bin/:/usr/local/cuda/bin:/home/yanji/pycharm/bin/', 'SESSION_MANAGER': 'local/yanji-server:@/tmp/.ICE-unix/2037,unix/yanji-server:/tmp/.ICE-unix/2037', 'GDM_LANG': 'zh_CN', 'INVOCATION_ID': 'f74828f496264434998967c741588413', 'PAPERSIZE': 'letter', 'XDG_SESSION_PATH': '/org/freedesktop/DisplayManager/Session0', 'XDG_MENU_PREFIX': 'gnome-', 'LC_ADDRESS': 'en_US.UTF-8', 'GNOME_TERMINAL_SCREEN': '/org/gnome/Terminal/screen/337b567d_41aa_4403_9182_7d1dab657401', 'XDG_RUNTIME_DIR': '/run/user/1000', 'GDK_BACKEND': 'x11', 'DISPLAY': ':0', 'VSCODE_DEBUGPY_ADAPTER_ENDPOINTS': '/home/yanji/.vscode/extensions/ms-python.debugpy-2025.8.0-linux-x64/.noConfigDebugAdapterEndpoints/endpoint-35e173d817dea6ca.txt', 'LANG': 'zh_CN.UTF-8', 'XDG_CURRENT_DESKTOP': 'Unity', 'LC_TELEPHONE': 'en_US.UTF-8', 'XMODIFIERS': '@im=ibus', 'XDG_SESSION_DESKTOP': 'ubuntu', 'XAUTHORITY': '/home/yanji/.Xauthority', 'LS_COLORS': 'rs=0:di=01;34:ln=01;36:mh=00:pi=40;33:so=01;35:do=01;35:bd=40;33;01:cd=40;33;01:or=40;31;01:mi=00:su=37;41:sg=30;43:ca=30;41:tw=30;42:ow=34;42:st=37;44:ex=01;32:*.tar=01;31:*.tgz=01;31:*.arc=01;31:*.arj=01;31:*.taz=01;31:*.lha=01;31:*.lz4=01;31:*.lzh=01;31:*.lzma=01;31:*.tlz=01;31:*.txz=01;31:*.tzo=01;31:*.t7z=01;31:*.zip=01;31:*.z=01;31:*.dz=01;31:*.gz=01;31:*.lrz=01;31:*.lz=01;31:*.lzo=01;31:*.xz=01;31:*.zst=01;31:*.tzst=01;31:*.bz2=01;31:*.bz=01;31:*.tbz=01;31:*.tbz2=01;31:*.tz=01;31:*.deb=01;31:*.rpm=01;31:*.jar=01;31:*.war=01;31:*.ear=01;31:*.sar=01;31:*.rar=01;31:*.alz=01;31:*.ace=01;31:*.zoo=01;31:*.cpio=01;31:*.7z=01;31:*.rz=01;31:*.cab=01;31:*.wim=01;31:*.swm=01;31:*.dwm=01;31:*.esd=01;31:*.jpg=01;35:*.jpeg=01;35:*.mjpg=01;35:*.mjpeg=01;35:*.gif=01;35:*.bmp=01;35:*.pbm=01;35:*.pgm=01;35:*.ppm=01;35:*.tga=01;35:*.xbm=01;35:*.xpm=01;35:*.tif=01;35:*.tiff=01;35:*.png=01;35:*.svg=01;35:*.svgz=01;35:*.mng=01;35:*.pcx=01;35:*.mov=01;35:*.mpg=01;35:*.mpeg=01;35:*.m2v=01;35:*.mkv=01;35:*.webm=01;35:*.ogm=01;35:*.mp4=01;35:*.m4v=01;35:*.mp4v=01;35:*.vob=01;35:*.qt=01;35:*.nuv=01;35:*.wmv=01;35:*.asf=01;35:*.rm=01;35:*.rmvb=01;35:*.flc=01;35:*.avi=01;35:*.fli=01;35:*.flv=01;35:*.gl=01;35:*.dl=01;35:*.xcf=01;35:*.xwd=01;35:*.yuv=01;35:*.cgm=01;35:*.emf=01;35:*.ogv=01;35:*.ogx=01;35:*.aac=00;36:*.au=00;36:*.flac=00;36:*.m4a=00;36:*.mid=00;36:*.midi=00;36:*.mka=00;36:*.mp3=00;36:*.mpc=00;36:*.ogg=00;36:*.ra=00;36:*.wav=00;36:*.oga=00;36:*.opus=00;36:*.spx=00;36:*.xspf=00;36:', 'VSCODE_GIT_IPC_HANDLE': '/run/user/1000/vscode-git-51992ed709.sock', 'GNOME_TERMINAL_SERVICE': ':1.82', 'TERM_PROGRAM': 'vscode', 'SSH_AUTH_SOCK': '/run/user/1000/keyring/ssh', 'XDG_GREETER_DATA_DIR': '/var/lib/lightdm-data/yanji', 'AMENT_PREFIX_PATH': '/home/yanji/robot_screwing/install/screw_robot_control:/home/yanji/robot_screwing/install/robot_msgs:/home/yanji/robot_screwing/install/real_robot:/home/yanji/robot_screwing/install/mj_sim:/opt/ros/foxy', 'CONDA_PYTHON_EXE': '/home/yanji/anaconda3/bin/python', 'ORIGINAL_XDG_CURRENT_DESKTOP': 'ubuntu:GNOME', 'SHELL': '/bin/bash', 'LC_NAME': 'en_US.UTF-8', 'QT_ACCESSIBILITY': '1', 'GDMSESSION': 'ubuntu', 'LESSCLOSE': '/usr/bin/lesspipe %s %s', 'CONDA_DEFAULT_ENV': 'screwrobot', 'LC_MEASUREMENT': 'en_US.UTF-8', 'GPG_AGENT_INFO': '/run/user/1000/gnupg/S.gpg-agent:0:1', 'LC_IDENTIFICATION': 'en_US.UTF-8', 'VSCODE_GIT_ASKPASS_EXTRA_ARGS': '', 'QT_IM_MODULE': 'ibus', 'PWD': '/home/yanji/robot_screwing/build/real_robot', 'LC_ALL': 'en_US.UTF-8', 'XDG_CONFIG_DIRS': '/etc/xdg/xdg-ubuntu:/etc/xdg', 'CONDA_EXE': '/home/yanji/anaconda3/bin/conda', 'XDG_DATA_DIRS': '/usr/share/ubuntu:/home/yanji/.local/share/flatpak/exports/share:/var/lib/flatpak/exports/share:/usr/local/share:/usr/share:/var/lib/snapd/desktop', 'PYTHONPATH': '/home/yanji/robot_screwing/build/real_robot/prefix_override:/usr/lib/python3/dist-packages/colcon_core/task/python/colcon_distutils_commands:/home/yanji/robot_screwing/install/real_robot/lib/python3.8/site-packages:/home/yanji/robot_screwing/install/robot_msgs/lib/python3.8/site-packages:/home/yanji/robot_screwing/install/real_robot/lib/python3.8/site-packages:/home/yanji/robot_screwing/install/mj_sim/lib/python3.8/site-packages:/opt/ros/foxy/lib/python3.8/site-packages', 'HTTP_PROXY': 'http://127.0.0.1:7890/', 'LC_NUMERIC': 'en_US.UTF-8', 'CONDA_PREFIX': '/home/yanji/anaconda3/envs/screwrobot', 'LC_PAPER': 'en_US.UTF-8', 'COLCON': '1', 'VTE_VERSION': '6003', 'CMAKE_PREFIX_PATH': '/home/yanji/robot_screwing/install/screw_robot_control:/home/yanji/robot_screwing/install/robot_msgs'}, 'shell': False}
[0.447697] (mj_sim) Command: {'cmd': ['/usr/bin/python3', '-W', 'ignore:setup.py install is deprecated', '-W', 'ignore:easy_install command is deprecated', 'setup.py', 'egg_info', '--egg-base', '../../build/mj_sim', 'build', '--build-base', '/home/yanji/robot_screwing/build/mj_sim/build', 'install', '--record', '/home/yanji/robot_screwing/build/mj_sim/install.log', '--install-scripts', '$base/lib/mj_sim', '--single-version-externally-managed', 'install_data'], 'cwd': '/home/yanji/robot_screwing/src/mj_sim', 'env': {'LESSOPEN': '| /usr/bin/lesspipe %s', 'LIBRARY_PATH': '/home/yanji/jaka_python:/home/yanji/jaka_python::/usr/local/cuda/lib64:/usr/local/cuda/lib64', 'CONDA_PROMPT_MODIFIER': '(screwrobot)', 'HTTPS_PROXY': 'http://127.0.0.1:7890/', 'no_proxy': 'localhost,127.0.0.0/8,::1', 'LANGUAGE': 'zh_CN:en', 'USER': 'yanji', 'LC_TIME': 'en_US.UTF-8', 'all_proxy': 'socks://127.0.0.1:7891/', 'SSH_AGENT_PID': '2001', 'XDG_SESSION_TYPE': 'x11', 'GIT_ASKPASS': '/usr/share/code/resources/app/extensions/git/dist/askpass.sh', 'SHLVL': '2', 'LD_LIBRARY_PATH': '/lib/x86_64-linux-gnu:/usr/lib/x86_64-linux-gnu:/home/yanji/robot_screwing/install/screw_robot_control/lib:/home/yanji/robot_screwing/install/robot_msgs/lib:/opt/ros/foxy/opt/yaml_cpp_vendor/lib:/opt/ros/foxy/opt/rviz_ogre_vendor/lib:/opt/ros/foxy/lib/x86_64-linux-gnu:/opt/ros/foxy/lib:/lib/x86_64-linux-gnu:/usr/lib/x86_64-linux-gnu::/usr/local/cuda/lib64:/usr/local/cuda/lib64', 'HOME': '/home/yanji', 'CHROME_DESKTOP': 'code.desktop', 'CONDA_SHLVL': '1', 'TERM_PROGRAM_VERSION': '1.97.2', 'DESKTOP_SESSION': 'ubuntu', 'NO_PROXY': 'localhost,127.0.0.0/8,::1', 'ROS_PYTHON_VERSION': '3', 'GNOME_SHELL_SESSION_MODE': 'ubuntu', 'GTK_MODULES': 'gail:atk-bridge', 'XDG_SEAT_PATH': '/org/freedesktop/DisplayManager/Seat0', 'VSCODE_GIT_ASKPASS_MAIN': '/usr/share/code/resources/app/extensions/git/dist/askpass-main.js', 'PS1': '\\[\x1b]633;A\x07\\](screwrobot) \\[\\e]0;\\u@\\h: \\w\\a\\]${debian_chroot:+($debian_chroot)}\\[\\033[01;32m\\]\\u@\\h\\[\\033[00m\\]:\\[\\033[01;34m\\]\\w\\[\\033[00m\\]\\$ \\[\x1b]633;B\x07\\]', 'LC_MONETARY': 'en_US.UTF-8', 'VSCODE_GIT_ASKPASS_NODE': '/usr/share/code/code', 'MANAGERPID': '1913', 'PYDEVD_DISABLE_FILE_VALIDATION': '1', 'BUNDLED_DEBUGPY_PATH': '/home/yanji/.vscode/extensions/ms-python.debugpy-2025.8.0-linux-x64/bundled/libs/debugpy', 'DBUS_SESSION_BUS_ADDRESS': 'unix:path=/run/user/1000/bus', 'COLORTERM': 'truecolor', '_CE_M': '', 'IM_CONFIG_PHASE': '1', 'https_proxy': 'http://127.0.0.1:7890/', 'COLCON_PREFIX_PATH': '/home/yanji/robot_screwing/install', 'ROS_DISTRO': 'foxy', 'LOGNAME': 'yanji', 'CONDA_ROOT': '/home/yanji/anaconda3', 'ALL_PROXY': 'socks://127.0.0.1:7891/', 'http_proxy': 'http://127.0.0.1:7890/', 'JOURNAL_STREAM': '8:55105', '_': '/usr/bin/colcon', 'ROS_VERSION': '2', 'XDG_SESSION_CLASS': 'user', 'TERM': 'xterm-256color', 'GNOME_DESKTOP_SESSION_ID': 'this-is-deprecated', '_CE_CONDA': '', 'ROS_LOCALHOST_ONLY': '0', 'PATH': '/home/yanji/anaconda3/envs/screwrobot/bin:/opt/ros/foxy/bin:/usr/lib/ccache:/home/yanji/anaconda3/condabin:/home/yanji/.local/bin:/usr/local/sbin:/usr/local/bin:/usr/sbin:/usr/bin:/sbin:/bin:/usr/games:/usr/local/games:/snap/bin:/usr/local/cuda/bin:/home/yanji/pycharm/bin:/opt/ros/foxy/bin:/usr/lib/ccache:/home/yanji/anaconda3/envs/screwrobot/bin:/usr/lib/ccache:/home/yanji/anaconda3/condabin:/home/yanji/.local/bin:/usr/local/sbin:/usr/local/bin:/usr/sbin:/usr/bin:/sbin:/bin:/usr/games:/usr/local/games:/snap/bin:/usr/local/cuda/bin:/home/yanji/pycharm/bin:/home/yanji/anaconda3/envs/screwrobot/bin:/usr/lib/ccache:/home/yanji/anaconda3/condabin:/home/yanji/.local/bin:/usr/local/sbin:/usr/local/bin:/usr/sbin:/usr/bin:/sbin:/bin:/usr/games:/usr/local/games:/snap/bin:/usr/local/cuda/bin:/home/yanji/pycharm/bin/:/usr/local/cuda/bin:/home/yanji/pycharm/bin/', 'SESSION_MANAGER': 'local/yanji-server:@/tmp/.ICE-unix/2037,unix/yanji-server:/tmp/.ICE-unix/2037', 'GDM_LANG': 'zh_CN', 'INVOCATION_ID': 'f74828f496264434998967c741588413', 'PAPERSIZE': 'letter', 'XDG_SESSION_PATH': '/org/freedesktop/DisplayManager/Session0', 'XDG_MENU_PREFIX': 'gnome-', 'LC_ADDRESS': 'en_US.UTF-8', 'GNOME_TERMINAL_SCREEN': '/org/gnome/Terminal/screen/337b567d_41aa_4403_9182_7d1dab657401', 'XDG_RUNTIME_DIR': '/run/user/1000', 'GDK_BACKEND': 'x11', 'DISPLAY': ':0', 'VSCODE_DEBUGPY_ADAPTER_ENDPOINTS': '/home/yanji/.vscode/extensions/ms-python.debugpy-2025.8.0-linux-x64/.noConfigDebugAdapterEndpoints/endpoint-35e173d817dea6ca.txt', 'LANG': 'zh_CN.UTF-8', 'XDG_CURRENT_DESKTOP': 'Unity', 'LC_TELEPHONE': 'en_US.UTF-8', 'XMODIFIERS': '@im=ibus', 'XDG_SESSION_DESKTOP': 'ubuntu', 'XAUTHORITY': '/home/yanji/.Xauthority', 'LS_COLORS': 'rs=0:di=01;34:ln=01;36:mh=00:pi=40;33:so=01;35:do=01;35:bd=40;33;01:cd=40;33;01:or=40;31;01:mi=00:su=37;41:sg=30;43:ca=30;41:tw=30;42:ow=34;42:st=37;44:ex=01;32:*.tar=01;31:*.tgz=01;31:*.arc=01;31:*.arj=01;31:*.taz=01;31:*.lha=01;31:*.lz4=01;31:*.lzh=01;31:*.lzma=01;31:*.tlz=01;31:*.txz=01;31:*.tzo=01;31:*.t7z=01;31:*.zip=01;31:*.z=01;31:*.dz=01;31:*.gz=01;31:*.lrz=01;31:*.lz=01;31:*.lzo=01;31:*.xz=01;31:*.zst=01;31:*.tzst=01;31:*.bz2=01;31:*.bz=01;31:*.tbz=01;31:*.tbz2=01;31:*.tz=01;31:*.deb=01;31:*.rpm=01;31:*.jar=01;31:*.war=01;31:*.ear=01;31:*.sar=01;31:*.rar=01;31:*.alz=01;31:*.ace=01;31:*.zoo=01;31:*.cpio=01;31:*.7z=01;31:*.rz=01;31:*.cab=01;31:*.wim=01;31:*.swm=01;31:*.dwm=01;31:*.esd=01;31:*.jpg=01;35:*.jpeg=01;35:*.mjpg=01;35:*.mjpeg=01;35:*.gif=01;35:*.bmp=01;35:*.pbm=01;35:*.pgm=01;35:*.ppm=01;35:*.tga=01;35:*.xbm=01;35:*.xpm=01;35:*.tif=01;35:*.tiff=01;35:*.png=01;35:*.svg=01;35:*.svgz=01;35:*.mng=01;35:*.pcx=01;35:*.mov=01;35:*.mpg=01;35:*.mpeg=01;35:*.m2v=01;35:*.mkv=01;35:*.webm=01;35:*.ogm=01;35:*.mp4=01;35:*.m4v=01;35:*.mp4v=01;35:*.vob=01;35:*.qt=01;35:*.nuv=01;35:*.wmv=01;35:*.asf=01;35:*.rm=01;35:*.rmvb=01;35:*.flc=01;35:*.avi=01;35:*.fli=01;35:*.flv=01;35:*.gl=01;35:*.dl=01;35:*.xcf=01;35:*.xwd=01;35:*.yuv=01;35:*.cgm=01;35:*.emf=01;35:*.ogv=01;35:*.ogx=01;35:*.aac=00;36:*.au=00;36:*.flac=00;36:*.m4a=00;36:*.mid=00;36:*.midi=00;36:*.mka=00;36:*.mp3=00;36:*.mpc=00;36:*.ogg=00;36:*.ra=00;36:*.wav=00;36:*.oga=00;36:*.opus=00;36:*.spx=00;36:*.xspf=00;36:', 'VSCODE_GIT_IPC_HANDLE': '/run/user/1000/vscode-git-51992ed709.sock', 'GNOME_TERMINAL_SERVICE': ':1.82', 'TERM_PROGRAM': 'vscode', 'SSH_AUTH_SOCK': '/run/user/1000/keyring/ssh', 'XDG_GREETER_DATA_DIR': '/var/lib/lightdm-data/yanji', 'AMENT_PREFIX_PATH': '/home/yanji/robot_screwing/install/screw_robot_control:/home/yanji/robot_screwing/install/robot_msgs:/home/yanji/robot_screwing/install/real_robot:/home/yanji/robot_screwing/install/mj_sim:/opt/ros/foxy', 'CONDA_PYTHON_EXE': '/home/yanji/anaconda3/bin/python', 'ORIGINAL_XDG_CURRENT_DESKTOP': 'ubuntu:GNOME', 'SHELL': '/bin/bash', 'LC_NAME': 'en_US.UTF-8', 'QT_ACCESSIBILITY': '1', 'GDMSESSION': 'ubuntu', 'LESSCLOSE': '/usr/bin/lesspipe %s %s', 'CONDA_DEFAULT_ENV': 'screwrobot', 'LC_MEASUREMENT': 'en_US.UTF-8', 'GPG_AGENT_INFO': '/run/user/1000/gnupg/S.gpg-agent:0:1', 'LC_IDENTIFICATION': 'en_US.UTF-8', 'VSCODE_GIT_ASKPASS_EXTRA_ARGS': '', 'QT_IM_MODULE': 'ibus', 'PWD': '/home/yanji/robot_screwing/build/mj_sim', 'LC_ALL': 'en_US.UTF-8', 'XDG_CONFIG_DIRS': '/etc/xdg/xdg-ubuntu:/etc/xdg', 'CONDA_EXE': '/home/yanji/anaconda3/bin/conda', 'XDG_DATA_DIRS': '/usr/share/ubuntu:/home/yanji/.local/share/flatpak/exports/share:/var/lib/flatpak/exports/share:/usr/local/share:/usr/share:/var/lib/snapd/desktop', 'PYTHONPATH': '/home/yanji/robot_screwing/build/mj_sim/prefix_override:/usr/lib/python3/dist-packages/colcon_core/task/python/colcon_distutils_commands:/home/yanji/robot_screwing/install/mj_sim/lib/python3.8/site-packages:/home/yanji/robot_screwing/install/robot_msgs/lib/python3.8/site-packages:/home/yanji/robot_screwing/install/real_robot/lib/python3.8/site-packages:/home/yanji/robot_screwing/install/mj_sim/lib/python3.8/site-packages:/opt/ros/foxy/lib/python3.8/site-packages', 'HTTP_PROXY': 'http://127.0.0.1:7890/', 'LC_NUMERIC': 'en_US.UTF-8', 'CONDA_PREFIX': '/home/yanji/anaconda3/envs/screwrobot', 'LC_PAPER': 'en_US.UTF-8', 'COLCON': '1', 'VTE_VERSION': '6003', 'CMAKE_PREFIX_PATH': '/home/yanji/robot_screwing/install/screw_robot_control:/home/yanji/robot_screwing/install/robot_msgs'}, 'shell': False}
[0.500594] (-) TimerEvent: {}
[0.534857] (real_robot) StdoutLine: {'line': b'running egg_info\n'}
[0.535075] (real_robot) StdoutLine: {'line': b'writing ../../build/real_robot/real_robot.egg-info/PKG-INFO\n'}
[0.535163] (real_robot) StdoutLine: {'line': b'writing dependency_links to ../../build/real_robot/real_robot.egg-info/dependency_links.txt\n'}
[0.535197] (real_robot) StdoutLine: {'line': b'writing entry points to ../../build/real_robot/real_robot.egg-info/entry_points.txt\n'}
[0.535247] (real_robot) StdoutLine: {'line': b'writing requirements to ../../build/real_robot/real_robot.egg-info/requires.txt\n'}
[0.535273] (real_robot) StdoutLine: {'line': b'writing top-level names to ../../build/real_robot/real_robot.egg-info/top_level.txt\n'}
[0.545174] (mj_sim) StdoutLine: {'line': b'running egg_info\n'}
[0.545430] (mj_sim) StdoutLine: {'line': b'writing ../../build/mj_sim/mj_sim.egg-info/PKG-INFO\n'}
[0.545526] (mj_sim) StdoutLine: {'line': b'writing dependency_links to ../../build/mj_sim/mj_sim.egg-info/dependency_links.txt\n'}
[0.545586] (mj_sim) StdoutLine: {'line': b'writing entry points to ../../build/mj_sim/mj_sim.egg-info/entry_points.txt\n'}
[0.545631] (mj_sim) StdoutLine: {'line': b'writing requirements to ../../build/mj_sim/mj_sim.egg-info/requires.txt\n'}
[0.545664] (mj_sim) StdoutLine: {'line': b'writing top-level names to ../../build/mj_sim/mj_sim.egg-info/top_level.txt\n'}
[0.550095] (real_robot) StdoutLine: {'line': b"reading manifest file '../../build/real_robot/real_robot.egg-info/SOURCES.txt'\n"}
[0.550412] (real_robot) StdoutLine: {'line': b"writing manifest file '../../build/real_robot/real_robot.egg-info/SOURCES.txt'\n"}
[0.550469] (real_robot) StdoutLine: {'line': b'running build\n'}
[0.550496] (real_robot) StdoutLine: {'line': b'running build_py\n'}
[0.550612] (real_robot) StdoutLine: {'line': b'running install\n'}
[0.550949] (real_robot) StdoutLine: {'line': b'running install_lib\n'}
[0.551498] (real_robot) StdoutLine: {'line': b'running install_data\n'}
[0.551528] (real_robot) StdoutLine: {'line': b'running install_egg_info\n'}
[0.552289] (real_robot) StdoutLine: {'line': b"removing '/home/yanji/robot_screwing/install/real_robot/lib/python3.8/site-packages/real_robot-0.0.0-py3.8.egg-info' (and everything under it)\n"}
[0.552403] (real_robot) StdoutLine: {'line': b'Copying ../../build/real_robot/real_robot.egg-info to /home/yanji/robot_screwing/install/real_robot/lib/python3.8/site-packages/real_robot-0.0.0-py3.8.egg-info\n'}
[0.552676] (real_robot) StdoutLine: {'line': b'running install_scripts\n'}
[0.560084] (real_robot) StdoutLine: {'line': b"writing list of installed files to '/home/yanji/robot_screwing/build/real_robot/install.log'\n"}
[0.560639] (mj_sim) StdoutLine: {'line': b"reading manifest file '../../build/mj_sim/mj_sim.egg-info/SOURCES.txt'\n"}
[0.561045] (mj_sim) StdoutLine: {'line': b"writing manifest file '../../build/mj_sim/mj_sim.egg-info/SOURCES.txt'\n"}
[0.561095] (mj_sim) StdoutLine: {'line': b'running build\n'}
[0.561129] (mj_sim) StdoutLine: {'line': b'running build_py\n'}
[0.561483] (mj_sim) StdoutLine: {'line': b'running install\n'}
[0.561848] (mj_sim) StdoutLine: {'line': b'running install_lib\n'}
[0.562661] (mj_sim) StdoutLine: {'line': b'running install_data\n'}
[0.562720] (mj_sim) StdoutLine: {'line': b'running install_egg_info\n'}
[0.563522] (mj_sim) StdoutLine: {'line': b"removing '/home/yanji/robot_screwing/install/mj_sim/lib/python3.8/site-packages/mj_sim-0.0.0-py3.8.egg-info' (and everything under it)\n"}
[0.563722] (mj_sim) StdoutLine: {'line': b'Copying ../../build/mj_sim/mj_sim.egg-info to /home/yanji/robot_screwing/install/mj_sim/lib/python3.8/site-packages/mj_sim-0.0.0-py3.8.egg-info\n'}
[0.564001] (mj_sim) StdoutLine: {'line': b'running install_scripts\n'}
[0.569888] (real_robot) CommandEnded: {'returncode': 0}
[0.571585] (mj_sim) StdoutLine: {'line': b'Installing mpc_node script to /home/yanji/robot_screwing/install/mj_sim/lib/mj_sim\n'}
[0.571788] (mj_sim) StdoutLine: {'line': b'Installing robot_sim_env script to /home/yanji/robot_screwing/install/mj_sim/lib/mj_sim\n'}
[0.571843] (mj_sim) StdoutLine: {'line': b"writing list of installed files to '/home/yanji/robot_screwing/build/mj_sim/install.log'\n"}
[0.572630] (real_robot) JobEnded: {'identifier': 'real_robot', 'rc': 0}
[0.581132] (mj_sim) CommandEnded: {'returncode': 0}
[0.583696] (mj_sim) JobEnded: {'identifier': 'mj_sim', 'rc': 0}
[0.584203] (-) EventReactorShutdown: {}
