[0.000000] (-) TimerEvent: {}
[0.000135] (mj_sim) JobQueued: {'identifier': 'mj_sim', 'dependencies': OrderedDict()}
[0.000248] (real_robot) JobQueued: {'identifier': 'real_robot', 'dependencies': OrderedDict()}
[0.000300] (robot_msgs) JobQueued: {'identifier': 'robot_msgs', 'dependencies': OrderedDict()}
[0.000346] (screw_robot_control) JobQueued: {'identifier': 'screw_robot_control', 'dependencies': OrderedDict([('robot_msgs', '/home/yanji/robot_screwing/install/robot_msgs')])}
[0.000367] (robot_msgs) JobStarted: {'identifier': 'robot_msgs'}
[0.003536] (mj_sim) JobStarted: {'identifier': 'mj_sim'}
[0.006616] (real_robot) JobStarted: {'identifier': 'real_robot'}
[0.059310] (robot_msgs) JobProgress: {'identifier': 'robot_msgs', 'progress': 'cmake'}
[0.060974] (robot_msgs) JobProgress: {'identifier': 'robot_msgs', 'progress': 'build'}
[0.062911] (robot_msgs) Command: {'cmd': ['/usr/bin/cmake', '--build', '/home/yanji/robot_screwing/build/robot_msgs', '--', '-j24', '-l24'], 'cwd': '/home/yanji/robot_screwing/build/robot_msgs', 'env': OrderedDict([('LESSOPEN', '| /usr/bin/lesspipe %s'), ('LIBRARY_PATH', '/home/yanji/jaka_python:/home/yanji/jaka_python::/usr/local/cuda/lib64:/usr/local/cuda/lib64'), ('CONDA_PROMPT_MODIFIER', '(screwrobot)'), ('HTTPS_PROXY', 'http://127.0.0.1:7890/'), ('no_proxy', 'localhost,127.0.0.0/8,::1'), ('LANGUAGE', 'zh_CN:en'), ('USER', 'yanji'), ('LC_TIME', 'en_US.UTF-8'), ('all_proxy', 'socks://127.0.0.1:7891/'), ('SSH_AGENT_PID', '2001'), ('XDG_SESSION_TYPE', 'x11'), ('GIT_ASKPASS', '/usr/share/code/resources/app/extensions/git/dist/askpass.sh'), ('SHLVL', '2'), ('LD_LIBRARY_PATH', '/lib/x86_64-linux-gnu:/usr/lib/x86_64-linux-gnu:/home/yanji/robot_screwing/install/screw_robot_control/lib:/home/yanji/robot_screwing/install/robot_msgs/lib:/opt/ros/foxy/opt/yaml_cpp_vendor/lib:/opt/ros/foxy/opt/rviz_ogre_vendor/lib:/opt/ros/foxy/lib/x86_64-linux-gnu:/opt/ros/foxy/lib:/lib/x86_64-linux-gnu:/usr/lib/x86_64-linux-gnu::/usr/local/cuda/lib64:/usr/local/cuda/lib64'), ('HOME', '/home/yanji'), ('CHROME_DESKTOP', 'code.desktop'), ('CONDA_SHLVL', '1'), ('TERM_PROGRAM_VERSION', '1.97.2'), ('DESKTOP_SESSION', 'ubuntu'), ('NO_PROXY', 'localhost,127.0.0.0/8,::1'), ('ROS_PYTHON_VERSION', '3'), ('GNOME_SHELL_SESSION_MODE', 'ubuntu'), ('GTK_MODULES', 'gail:atk-bridge'), ('XDG_SEAT_PATH', '/org/freedesktop/DisplayManager/Seat0'), ('VSCODE_GIT_ASKPASS_MAIN', '/usr/share/code/resources/app/extensions/git/dist/askpass-main.js'), ('PS1', '\\[\x1b]633;A\x07\\](screwrobot) \\[\\e]0;\\u@\\h: \\w\\a\\]${debian_chroot:+($debian_chroot)}\\[\\033[01;32m\\]\\u@\\h\\[\\033[00m\\]:\\[\\033[01;34m\\]\\w\\[\\033[00m\\]\\$ \\[\x1b]633;B\x07\\]'), ('LC_MONETARY', 'en_US.UTF-8'), ('VSCODE_GIT_ASKPASS_NODE', '/usr/share/code/code'), ('MANAGERPID', '1913'), ('PYDEVD_DISABLE_FILE_VALIDATION', '1'), ('BUNDLED_DEBUGPY_PATH', '/home/yanji/.vscode/extensions/ms-python.debugpy-2025.8.0-linux-x64/bundled/libs/debugpy'), ('DBUS_SESSION_BUS_ADDRESS', 'unix:path=/run/user/1000/bus'), ('COLORTERM', 'truecolor'), ('_CE_M', ''), ('IM_CONFIG_PHASE', '1'), ('https_proxy', 'http://127.0.0.1:7890/'), ('COLCON_PREFIX_PATH', '/home/yanji/robot_screwing/install'), ('ROS_DISTRO', 'foxy'), ('LOGNAME', 'yanji'), ('CONDA_ROOT', '/home/yanji/anaconda3'), ('ALL_PROXY', 'socks://127.0.0.1:7891/'), ('http_proxy', 'http://127.0.0.1:7890/'), ('JOURNAL_STREAM', '8:55105'), ('_', '/usr/bin/colcon'), ('ROS_VERSION', '2'), ('XDG_SESSION_CLASS', 'user'), ('TERM', 'xterm-256color'), ('GNOME_DESKTOP_SESSION_ID', 'this-is-deprecated'), ('_CE_CONDA', ''), ('ROS_LOCALHOST_ONLY', '0'), ('PATH', '/home/yanji/anaconda3/envs/screwrobot/bin:/opt/ros/foxy/bin:/usr/lib/ccache:/home/yanji/anaconda3/condabin:/home/yanji/.local/bin:/usr/local/sbin:/usr/local/bin:/usr/sbin:/usr/bin:/sbin:/bin:/usr/games:/usr/local/games:/snap/bin:/usr/local/cuda/bin:/home/yanji/pycharm/bin:/opt/ros/foxy/bin:/usr/lib/ccache:/home/yanji/anaconda3/envs/screwrobot/bin:/usr/lib/ccache:/home/yanji/anaconda3/condabin:/home/yanji/.local/bin:/usr/local/sbin:/usr/local/bin:/usr/sbin:/usr/bin:/sbin:/bin:/usr/games:/usr/local/games:/snap/bin:/usr/local/cuda/bin:/home/yanji/pycharm/bin:/home/yanji/anaconda3/envs/screwrobot/bin:/usr/lib/ccache:/home/yanji/anaconda3/condabin:/home/yanji/.local/bin:/usr/local/sbin:/usr/local/bin:/usr/sbin:/usr/bin:/sbin:/bin:/usr/games:/usr/local/games:/snap/bin:/usr/local/cuda/bin:/home/yanji/pycharm/bin/:/usr/local/cuda/bin:/home/yanji/pycharm/bin/'), ('SESSION_MANAGER', 'local/yanji-server:@/tmp/.ICE-unix/2037,unix/yanji-server:/tmp/.ICE-unix/2037'), ('GDM_LANG', 'zh_CN'), ('INVOCATION_ID', 'f74828f496264434998967c741588413'), ('PAPERSIZE', 'letter'), ('XDG_SESSION_PATH', '/org/freedesktop/DisplayManager/Session0'), ('XDG_MENU_PREFIX', 'gnome-'), ('LC_ADDRESS', 'en_US.UTF-8'), ('GNOME_TERMINAL_SCREEN', '/org/gnome/Terminal/screen/337b567d_41aa_4403_9182_7d1dab657401'), ('XDG_RUNTIME_DIR', '/run/user/1000'), ('GDK_BACKEND', 'x11'), ('DISPLAY', ':0'), ('VSCODE_DEBUGPY_ADAPTER_ENDPOINTS', '/home/yanji/.vscode/extensions/ms-python.debugpy-2025.8.0-linux-x64/.noConfigDebugAdapterEndpoints/endpoint-35e173d817dea6ca.txt'), ('LANG', 'zh_CN.UTF-8'), ('XDG_CURRENT_DESKTOP', 'Unity'), ('LC_TELEPHONE', 'en_US.UTF-8'), ('XMODIFIERS', '@im=ibus'), ('XDG_SESSION_DESKTOP', 'ubuntu'), ('XAUTHORITY', '/home/yanji/.Xauthority'), ('LS_COLORS', 'rs=0:di=01;34:ln=01;36:mh=00:pi=40;33:so=01;35:do=01;35:bd=40;33;01:cd=40;33;01:or=40;31;01:mi=00:su=37;41:sg=30;43:ca=30;41:tw=30;42:ow=34;42:st=37;44:ex=01;32:*.tar=01;31:*.tgz=01;31:*.arc=01;31:*.arj=01;31:*.taz=01;31:*.lha=01;31:*.lz4=01;31:*.lzh=01;31:*.lzma=01;31:*.tlz=01;31:*.txz=01;31:*.tzo=01;31:*.t7z=01;31:*.zip=01;31:*.z=01;31:*.dz=01;31:*.gz=01;31:*.lrz=01;31:*.lz=01;31:*.lzo=01;31:*.xz=01;31:*.zst=01;31:*.tzst=01;31:*.bz2=01;31:*.bz=01;31:*.tbz=01;31:*.tbz2=01;31:*.tz=01;31:*.deb=01;31:*.rpm=01;31:*.jar=01;31:*.war=01;31:*.ear=01;31:*.sar=01;31:*.rar=01;31:*.alz=01;31:*.ace=01;31:*.zoo=01;31:*.cpio=01;31:*.7z=01;31:*.rz=01;31:*.cab=01;31:*.wim=01;31:*.swm=01;31:*.dwm=01;31:*.esd=01;31:*.jpg=01;35:*.jpeg=01;35:*.mjpg=01;35:*.mjpeg=01;35:*.gif=01;35:*.bmp=01;35:*.pbm=01;35:*.pgm=01;35:*.ppm=01;35:*.tga=01;35:*.xbm=01;35:*.xpm=01;35:*.tif=01;35:*.tiff=01;35:*.png=01;35:*.svg=01;35:*.svgz=01;35:*.mng=01;35:*.pcx=01;35:*.mov=01;35:*.mpg=01;35:*.mpeg=01;35:*.m2v=01;35:*.mkv=01;35:*.webm=01;35:*.ogm=01;35:*.mp4=01;35:*.m4v=01;35:*.mp4v=01;35:*.vob=01;35:*.qt=01;35:*.nuv=01;35:*.wmv=01;35:*.asf=01;35:*.rm=01;35:*.rmvb=01;35:*.flc=01;35:*.avi=01;35:*.fli=01;35:*.flv=01;35:*.gl=01;35:*.dl=01;35:*.xcf=01;35:*.xwd=01;35:*.yuv=01;35:*.cgm=01;35:*.emf=01;35:*.ogv=01;35:*.ogx=01;35:*.aac=00;36:*.au=00;36:*.flac=00;36:*.m4a=00;36:*.mid=00;36:*.midi=00;36:*.mka=00;36:*.mp3=00;36:*.mpc=00;36:*.ogg=00;36:*.ra=00;36:*.wav=00;36:*.oga=00;36:*.opus=00;36:*.spx=00;36:*.xspf=00;36:'), ('VSCODE_GIT_IPC_HANDLE', '/run/user/1000/vscode-git-51992ed709.sock'), ('GNOME_TERMINAL_SERVICE', ':1.82'), ('TERM_PROGRAM', 'vscode'), ('SSH_AUTH_SOCK', '/run/user/1000/keyring/ssh'), ('XDG_GREETER_DATA_DIR', '/var/lib/lightdm-data/yanji'), ('AMENT_PREFIX_PATH', '/home/yanji/robot_screwing/install/screw_robot_control:/home/yanji/robot_screwing/install/robot_msgs:/home/yanji/robot_screwing/install/real_robot:/home/yanji/robot_screwing/install/mj_sim:/opt/ros/foxy'), ('CONDA_PYTHON_EXE', '/home/yanji/anaconda3/bin/python'), ('ORIGINAL_XDG_CURRENT_DESKTOP', 'ubuntu:GNOME'), ('SHELL', '/bin/bash'), ('LC_NAME', 'en_US.UTF-8'), ('QT_ACCESSIBILITY', '1'), ('GDMSESSION', 'ubuntu'), ('LESSCLOSE', '/usr/bin/lesspipe %s %s'), ('CONDA_DEFAULT_ENV', 'screwrobot'), ('LC_MEASUREMENT', 'en_US.UTF-8'), ('GPG_AGENT_INFO', '/run/user/1000/gnupg/S.gpg-agent:0:1'), ('LC_IDENTIFICATION', 'en_US.UTF-8'), ('VSCODE_GIT_ASKPASS_EXTRA_ARGS', ''), ('QT_IM_MODULE', 'ibus'), ('PWD', '/home/yanji/robot_screwing/build/robot_msgs'), ('LC_ALL', 'en_US.UTF-8'), ('XDG_CONFIG_DIRS', '/etc/xdg/xdg-ubuntu:/etc/xdg'), ('CONDA_EXE', '/home/yanji/anaconda3/bin/conda'), ('XDG_DATA_DIRS', '/usr/share/ubuntu:/home/yanji/.local/share/flatpak/exports/share:/var/lib/flatpak/exports/share:/usr/local/share:/usr/share:/var/lib/snapd/desktop'), ('PYTHONPATH', '/home/yanji/robot_screwing/install/robot_msgs/lib/python3.8/site-packages:/home/yanji/robot_screwing/install/real_robot/lib/python3.8/site-packages:/home/yanji/robot_screwing/install/mj_sim/lib/python3.8/site-packages:/opt/ros/foxy/lib/python3.8/site-packages'), ('HTTP_PROXY', 'http://127.0.0.1:7890/'), ('LC_NUMERIC', 'en_US.UTF-8'), ('CONDA_PREFIX', '/home/yanji/anaconda3/envs/screwrobot'), ('LC_PAPER', 'en_US.UTF-8'), ('COLCON', '1'), ('VTE_VERSION', '6003'), ('CMAKE_PREFIX_PATH', '/home/yanji/robot_screwing/install/screw_robot_control:/home/yanji/robot_screwing/install/robot_msgs:/home/yanji/robot_screwing/install/real_robot:/home/yanji/robot_screwing/install/mj_sim:/opt/ros/foxy')]), 'shell': False}
[0.099939] (-) TimerEvent: {}
[0.200171] (-) TimerEvent: {}
[0.298689] (robot_msgs) StdoutLine: {'line': b'[  1%] Built target robot_msgs__cpp\n'}
[0.298972] (robot_msgs) StdoutLine: {'line': b'[ 12%] Built target robot_msgs__rosidl_generator_c\n'}
[0.299094] (robot_msgs) StdoutLine: {'line': b'[ 24%] Built target robot_msgs__rosidl_typesupport_introspection_cpp\n'}
[0.299427] (robot_msgs) StdoutLine: {'line': b'[ 35%] Built target robot_msgs__rosidl_typesupport_cpp\n'}
[0.299471] (robot_msgs) StdoutLine: {'line': b'[ 47%] Built target robot_msgs__rosidl_typesupport_c\n'}
[0.299519] (robot_msgs) StdoutLine: {'line': b'[ 58%] Built target robot_msgs__rosidl_typesupport_introspection_c\n'}
[0.299617] (robot_msgs) StdoutLine: {'line': b'[ 70%] Built target robot_msgs__rosidl_typesupport_fastrtps_cpp\n'}
[0.299712] (robot_msgs) StdoutLine: {'line': b'[ 81%] Built target robot_msgs__rosidl_typesupport_fastrtps_c\n'}
[0.300237] (-) TimerEvent: {}
[0.300341] (robot_msgs) StdoutLine: {'line': b'[ 81%] Built target robot_msgs\n'}
[0.300382] (robot_msgs) StdoutLine: {'line': b'[ 82%] Built target robot_msgs__py\n'}
[0.300410] (robot_msgs) StdoutLine: {'line': b'[ 93%] Built target robot_msgs__python\n'}
[0.300435] (robot_msgs) StdoutLine: {'line': b'[ 97%] Built target robot_msgs__rosidl_typesupport_introspection_c__pyext\n'}
[0.300460] (robot_msgs) StdoutLine: {'line': b'[ 97%] Built target robot_msgs__rosidl_typesupport_c__pyext\n'}
[0.300483] (robot_msgs) StdoutLine: {'line': b'[100%] Built target robot_msgs__rosidl_typesupport_fastrtps_c__pyext\n'}
[0.300511] (robot_msgs) CommandEnded: {'returncode': 0}
[0.300735] (robot_msgs) JobProgress: {'identifier': 'robot_msgs', 'progress': 'install'}
[0.304056] (robot_msgs) Command: {'cmd': ['/usr/bin/cmake', '--install', '/home/yanji/robot_screwing/build/robot_msgs'], 'cwd': '/home/yanji/robot_screwing/build/robot_msgs', 'env': OrderedDict([('LESSOPEN', '| /usr/bin/lesspipe %s'), ('LIBRARY_PATH', '/home/yanji/jaka_python:/home/yanji/jaka_python::/usr/local/cuda/lib64:/usr/local/cuda/lib64'), ('CONDA_PROMPT_MODIFIER', '(screwrobot)'), ('HTTPS_PROXY', 'http://127.0.0.1:7890/'), ('no_proxy', 'localhost,127.0.0.0/8,::1'), ('LANGUAGE', 'zh_CN:en'), ('USER', 'yanji'), ('LC_TIME', 'en_US.UTF-8'), ('all_proxy', 'socks://127.0.0.1:7891/'), ('SSH_AGENT_PID', '2001'), ('XDG_SESSION_TYPE', 'x11'), ('GIT_ASKPASS', '/usr/share/code/resources/app/extensions/git/dist/askpass.sh'), ('SHLVL', '2'), ('LD_LIBRARY_PATH', '/lib/x86_64-linux-gnu:/usr/lib/x86_64-linux-gnu:/home/yanji/robot_screwing/install/screw_robot_control/lib:/home/yanji/robot_screwing/install/robot_msgs/lib:/opt/ros/foxy/opt/yaml_cpp_vendor/lib:/opt/ros/foxy/opt/rviz_ogre_vendor/lib:/opt/ros/foxy/lib/x86_64-linux-gnu:/opt/ros/foxy/lib:/lib/x86_64-linux-gnu:/usr/lib/x86_64-linux-gnu::/usr/local/cuda/lib64:/usr/local/cuda/lib64'), ('HOME', '/home/yanji'), ('CHROME_DESKTOP', 'code.desktop'), ('CONDA_SHLVL', '1'), ('TERM_PROGRAM_VERSION', '1.97.2'), ('DESKTOP_SESSION', 'ubuntu'), ('NO_PROXY', 'localhost,127.0.0.0/8,::1'), ('ROS_PYTHON_VERSION', '3'), ('GNOME_SHELL_SESSION_MODE', 'ubuntu'), ('GTK_MODULES', 'gail:atk-bridge'), ('XDG_SEAT_PATH', '/org/freedesktop/DisplayManager/Seat0'), ('VSCODE_GIT_ASKPASS_MAIN', '/usr/share/code/resources/app/extensions/git/dist/askpass-main.js'), ('PS1', '\\[\x1b]633;A\x07\\](screwrobot) \\[\\e]0;\\u@\\h: \\w\\a\\]${debian_chroot:+($debian_chroot)}\\[\\033[01;32m\\]\\u@\\h\\[\\033[00m\\]:\\[\\033[01;34m\\]\\w\\[\\033[00m\\]\\$ \\[\x1b]633;B\x07\\]'), ('LC_MONETARY', 'en_US.UTF-8'), ('VSCODE_GIT_ASKPASS_NODE', '/usr/share/code/code'), ('MANAGERPID', '1913'), ('PYDEVD_DISABLE_FILE_VALIDATION', '1'), ('BUNDLED_DEBUGPY_PATH', '/home/yanji/.vscode/extensions/ms-python.debugpy-2025.8.0-linux-x64/bundled/libs/debugpy'), ('DBUS_SESSION_BUS_ADDRESS', 'unix:path=/run/user/1000/bus'), ('COLORTERM', 'truecolor'), ('_CE_M', ''), ('IM_CONFIG_PHASE', '1'), ('https_proxy', 'http://127.0.0.1:7890/'), ('COLCON_PREFIX_PATH', '/home/yanji/robot_screwing/install'), ('ROS_DISTRO', 'foxy'), ('LOGNAME', 'yanji'), ('CONDA_ROOT', '/home/yanji/anaconda3'), ('ALL_PROXY', 'socks://127.0.0.1:7891/'), ('http_proxy', 'http://127.0.0.1:7890/'), ('JOURNAL_STREAM', '8:55105'), ('_', '/usr/bin/colcon'), ('ROS_VERSION', '2'), ('XDG_SESSION_CLASS', 'user'), ('TERM', 'xterm-256color'), ('GNOME_DESKTOP_SESSION_ID', 'this-is-deprecated'), ('_CE_CONDA', ''), ('ROS_LOCALHOST_ONLY', '0'), ('PATH', '/home/yanji/anaconda3/envs/screwrobot/bin:/opt/ros/foxy/bin:/usr/lib/ccache:/home/yanji/anaconda3/condabin:/home/yanji/.local/bin:/usr/local/sbin:/usr/local/bin:/usr/sbin:/usr/bin:/sbin:/bin:/usr/games:/usr/local/games:/snap/bin:/usr/local/cuda/bin:/home/yanji/pycharm/bin:/opt/ros/foxy/bin:/usr/lib/ccache:/home/yanji/anaconda3/envs/screwrobot/bin:/usr/lib/ccache:/home/yanji/anaconda3/condabin:/home/yanji/.local/bin:/usr/local/sbin:/usr/local/bin:/usr/sbin:/usr/bin:/sbin:/bin:/usr/games:/usr/local/games:/snap/bin:/usr/local/cuda/bin:/home/yanji/pycharm/bin:/home/yanji/anaconda3/envs/screwrobot/bin:/usr/lib/ccache:/home/yanji/anaconda3/condabin:/home/yanji/.local/bin:/usr/local/sbin:/usr/local/bin:/usr/sbin:/usr/bin:/sbin:/bin:/usr/games:/usr/local/games:/snap/bin:/usr/local/cuda/bin:/home/yanji/pycharm/bin/:/usr/local/cuda/bin:/home/yanji/pycharm/bin/'), ('SESSION_MANAGER', 'local/yanji-server:@/tmp/.ICE-unix/2037,unix/yanji-server:/tmp/.ICE-unix/2037'), ('GDM_LANG', 'zh_CN'), ('INVOCATION_ID', 'f74828f496264434998967c741588413'), ('PAPERSIZE', 'letter'), ('XDG_SESSION_PATH', '/org/freedesktop/DisplayManager/Session0'), ('XDG_MENU_PREFIX', 'gnome-'), ('LC_ADDRESS', 'en_US.UTF-8'), ('GNOME_TERMINAL_SCREEN', '/org/gnome/Terminal/screen/337b567d_41aa_4403_9182_7d1dab657401'), ('XDG_RUNTIME_DIR', '/run/user/1000'), ('GDK_BACKEND', 'x11'), ('DISPLAY', ':0'), ('VSCODE_DEBUGPY_ADAPTER_ENDPOINTS', '/home/yanji/.vscode/extensions/ms-python.debugpy-2025.8.0-linux-x64/.noConfigDebugAdapterEndpoints/endpoint-35e173d817dea6ca.txt'), ('LANG', 'zh_CN.UTF-8'), ('XDG_CURRENT_DESKTOP', 'Unity'), ('LC_TELEPHONE', 'en_US.UTF-8'), ('XMODIFIERS', '@im=ibus'), ('XDG_SESSION_DESKTOP', 'ubuntu'), ('XAUTHORITY', '/home/yanji/.Xauthority'), ('LS_COLORS', 'rs=0:di=01;34:ln=01;36:mh=00:pi=40;33:so=01;35:do=01;35:bd=40;33;01:cd=40;33;01:or=40;31;01:mi=00:su=37;41:sg=30;43:ca=30;41:tw=30;42:ow=34;42:st=37;44:ex=01;32:*.tar=01;31:*.tgz=01;31:*.arc=01;31:*.arj=01;31:*.taz=01;31:*.lha=01;31:*.lz4=01;31:*.lzh=01;31:*.lzma=01;31:*.tlz=01;31:*.txz=01;31:*.tzo=01;31:*.t7z=01;31:*.zip=01;31:*.z=01;31:*.dz=01;31:*.gz=01;31:*.lrz=01;31:*.lz=01;31:*.lzo=01;31:*.xz=01;31:*.zst=01;31:*.tzst=01;31:*.bz2=01;31:*.bz=01;31:*.tbz=01;31:*.tbz2=01;31:*.tz=01;31:*.deb=01;31:*.rpm=01;31:*.jar=01;31:*.war=01;31:*.ear=01;31:*.sar=01;31:*.rar=01;31:*.alz=01;31:*.ace=01;31:*.zoo=01;31:*.cpio=01;31:*.7z=01;31:*.rz=01;31:*.cab=01;31:*.wim=01;31:*.swm=01;31:*.dwm=01;31:*.esd=01;31:*.jpg=01;35:*.jpeg=01;35:*.mjpg=01;35:*.mjpeg=01;35:*.gif=01;35:*.bmp=01;35:*.pbm=01;35:*.pgm=01;35:*.ppm=01;35:*.tga=01;35:*.xbm=01;35:*.xpm=01;35:*.tif=01;35:*.tiff=01;35:*.png=01;35:*.svg=01;35:*.svgz=01;35:*.mng=01;35:*.pcx=01;35:*.mov=01;35:*.mpg=01;35:*.mpeg=01;35:*.m2v=01;35:*.mkv=01;35:*.webm=01;35:*.ogm=01;35:*.mp4=01;35:*.m4v=01;35:*.mp4v=01;35:*.vob=01;35:*.qt=01;35:*.nuv=01;35:*.wmv=01;35:*.asf=01;35:*.rm=01;35:*.rmvb=01;35:*.flc=01;35:*.avi=01;35:*.fli=01;35:*.flv=01;35:*.gl=01;35:*.dl=01;35:*.xcf=01;35:*.xwd=01;35:*.yuv=01;35:*.cgm=01;35:*.emf=01;35:*.ogv=01;35:*.ogx=01;35:*.aac=00;36:*.au=00;36:*.flac=00;36:*.m4a=00;36:*.mid=00;36:*.midi=00;36:*.mka=00;36:*.mp3=00;36:*.mpc=00;36:*.ogg=00;36:*.ra=00;36:*.wav=00;36:*.oga=00;36:*.opus=00;36:*.spx=00;36:*.xspf=00;36:'), ('VSCODE_GIT_IPC_HANDLE', '/run/user/1000/vscode-git-51992ed709.sock'), ('GNOME_TERMINAL_SERVICE', ':1.82'), ('TERM_PROGRAM', 'vscode'), ('SSH_AUTH_SOCK', '/run/user/1000/keyring/ssh'), ('XDG_GREETER_DATA_DIR', '/var/lib/lightdm-data/yanji'), ('AMENT_PREFIX_PATH', '/home/yanji/robot_screwing/install/screw_robot_control:/home/yanji/robot_screwing/install/robot_msgs:/home/yanji/robot_screwing/install/real_robot:/home/yanji/robot_screwing/install/mj_sim:/opt/ros/foxy'), ('CONDA_PYTHON_EXE', '/home/yanji/anaconda3/bin/python'), ('ORIGINAL_XDG_CURRENT_DESKTOP', 'ubuntu:GNOME'), ('SHELL', '/bin/bash'), ('LC_NAME', 'en_US.UTF-8'), ('QT_ACCESSIBILITY', '1'), ('GDMSESSION', 'ubuntu'), ('LESSCLOSE', '/usr/bin/lesspipe %s %s'), ('CONDA_DEFAULT_ENV', 'screwrobot'), ('LC_MEASUREMENT', 'en_US.UTF-8'), ('GPG_AGENT_INFO', '/run/user/1000/gnupg/S.gpg-agent:0:1'), ('LC_IDENTIFICATION', 'en_US.UTF-8'), ('VSCODE_GIT_ASKPASS_EXTRA_ARGS', ''), ('QT_IM_MODULE', 'ibus'), ('PWD', '/home/yanji/robot_screwing/build/robot_msgs'), ('LC_ALL', 'en_US.UTF-8'), ('XDG_CONFIG_DIRS', '/etc/xdg/xdg-ubuntu:/etc/xdg'), ('CONDA_EXE', '/home/yanji/anaconda3/bin/conda'), ('XDG_DATA_DIRS', '/usr/share/ubuntu:/home/yanji/.local/share/flatpak/exports/share:/var/lib/flatpak/exports/share:/usr/local/share:/usr/share:/var/lib/snapd/desktop'), ('PYTHONPATH', '/home/yanji/robot_screwing/install/robot_msgs/lib/python3.8/site-packages:/home/yanji/robot_screwing/install/real_robot/lib/python3.8/site-packages:/home/yanji/robot_screwing/install/mj_sim/lib/python3.8/site-packages:/opt/ros/foxy/lib/python3.8/site-packages'), ('HTTP_PROXY', 'http://127.0.0.1:7890/'), ('LC_NUMERIC', 'en_US.UTF-8'), ('CONDA_PREFIX', '/home/yanji/anaconda3/envs/screwrobot'), ('LC_PAPER', 'en_US.UTF-8'), ('COLCON', '1'), ('VTE_VERSION', '6003'), ('CMAKE_PREFIX_PATH', '/home/yanji/robot_screwing/install/screw_robot_control:/home/yanji/robot_screwing/install/robot_msgs:/home/yanji/robot_screwing/install/real_robot:/home/yanji/robot_screwing/install/mj_sim:/opt/ros/foxy')]), 'shell': False}
[0.308468] (robot_msgs) StdoutLine: {'line': b'-- Install configuration: ""\n'}
[0.309036] (robot_msgs) StdoutLine: {'line': b'-- Up-to-date: /home/yanji/robot_screwing/install/robot_msgs/share/ament_index/resource_index/rosidl_interfaces/robot_msgs\n'}
[0.309226] (robot_msgs) StdoutLine: {'line': b'-- Up-to-date: /home/yanji/robot_screwing/install/robot_msgs/include/robot_msgs\n'}
[0.309260] (robot_msgs) StdoutLine: {'line': b'-- Up-to-date: /home/yanji/robot_screwing/install/robot_msgs/include/robot_msgs/srv\n'}
[0.309286] (robot_msgs) StdoutLine: {'line': b'-- Up-to-date: /home/yanji/robot_screwing/install/robot_msgs/include/robot_msgs/srv/detail\n'}
[0.309312] (robot_msgs) StdoutLine: {'line': b'-- Up-to-date: /home/yanji/robot_screwing/install/robot_msgs/include/robot_msgs/srv/detail/start_pose__type_support.h\n'}
[0.309339] (robot_msgs) StdoutLine: {'line': b'-- Up-to-date: /home/yanji/robot_screwing/install/robot_msgs/include/robot_msgs/srv/detail/start_pose__functions.h\n'}
[0.309372] (robot_msgs) StdoutLine: {'line': b'-- Up-to-date: /home/yanji/robot_screwing/install/robot_msgs/include/robot_msgs/srv/detail/start_pose__struct.h\n'}
[0.309396] (robot_msgs) StdoutLine: {'line': b'-- Up-to-date: /home/yanji/robot_screwing/install/robot_msgs/include/robot_msgs/srv/detail/start_pose__functions.c\n'}
[0.309432] (robot_msgs) StdoutLine: {'line': b'-- Up-to-date: /home/yanji/robot_screwing/install/robot_msgs/include/robot_msgs/srv/start_pose.h\n'}
[0.309477] (robot_msgs) StdoutLine: {'line': b'-- Up-to-date: /home/yanji/robot_screwing/install/robot_msgs/include/robot_msgs/action\n'}
[0.309522] (robot_msgs) StdoutLine: {'line': b'-- Up-to-date: /home/yanji/robot_screwing/install/robot_msgs/include/robot_msgs/action/detail\n'}
[0.309568] (robot_msgs) StdoutLine: {'line': b'-- Up-to-date: /home/yanji/robot_screwing/install/robot_msgs/include/robot_msgs/action/detail/screw__struct.h\n'}
[0.309616] (robot_msgs) StdoutLine: {'line': b'-- Up-to-date: /home/yanji/robot_screwing/install/robot_msgs/include/robot_msgs/action/detail/screw__functions.c\n'}
[0.309641] (robot_msgs) StdoutLine: {'line': b'-- Up-to-date: /home/yanji/robot_screwing/install/robot_msgs/include/robot_msgs/action/detail/screw__functions.h\n'}
[0.309667] (robot_msgs) StdoutLine: {'line': b'-- Up-to-date: /home/yanji/robot_screwing/install/robot_msgs/include/robot_msgs/action/detail/screw__type_support.h\n'}
[0.309691] (robot_msgs) StdoutLine: {'line': b'-- Up-to-date: /home/yanji/robot_screwing/install/robot_msgs/include/robot_msgs/action/screw.h\n'}
[0.309723] (robot_msgs) StdoutLine: {'line': b'-- Up-to-date: /home/yanji/robot_screwing/install/robot_msgs/include/robot_msgs/msg\n'}
[0.309747] (robot_msgs) StdoutLine: {'line': b'-- Up-to-date: /home/yanji/robot_screwing/install/robot_msgs/include/robot_msgs/msg/detail\n'}
[0.309770] (robot_msgs) StdoutLine: {'line': b'-- Up-to-date: /home/yanji/robot_screwing/install/robot_msgs/include/robot_msgs/msg/detail/current_pub__struct.h\n'}
[0.309804] (robot_msgs) StdoutLine: {'line': b'-- Up-to-date: /home/yanji/robot_screwing/install/robot_msgs/include/robot_msgs/msg/detail/current_pub__functions.h\n'}
[0.309882] (robot_msgs) StdoutLine: {'line': b'-- Up-to-date: /home/yanji/robot_screwing/install/robot_msgs/include/robot_msgs/msg/detail/robot_status__functions.h\n'}
[0.309952] (robot_msgs) StdoutLine: {'line': b'-- Up-to-date: /home/yanji/robot_screwing/install/robot_msgs/include/robot_msgs/msg/detail/ft_pub__functions.h\n'}
[0.310017] (robot_msgs) StdoutLine: {'line': b'-- Up-to-date: /home/yanji/robot_screwing/install/robot_msgs/include/robot_msgs/msg/detail/ref_status__functions.h\n'}
[0.310043] (robot_msgs) StdoutLine: {'line': b'-- Up-to-date: /home/yanji/robot_screwing/install/robot_msgs/include/robot_msgs/msg/detail/width_pub__type_support.h\n'}
[0.310068] (robot_msgs) StdoutLine: {'line': b'-- Up-to-date: /home/yanji/robot_screwing/install/robot_msgs/include/robot_msgs/msg/detail/control_command__type_support.h\n'}
[0.310093] (robot_msgs) StdoutLine: {'line': b'-- Up-to-date: /home/yanji/robot_screwing/install/robot_msgs/include/robot_msgs/msg/detail/control_command__functions.h\n'}
[0.310125] (robot_msgs) StdoutLine: {'line': b'-- Up-to-date: /home/yanji/robot_screwing/install/robot_msgs/include/robot_msgs/msg/detail/ft_pub__functions.c\n'}
[0.310149] (robot_msgs) StdoutLine: {'line': b'-- Up-to-date: /home/yanji/robot_screwing/install/robot_msgs/include/robot_msgs/msg/detail/width_pub__struct.h\n'}
[0.310173] (robot_msgs) StdoutLine: {'line': b'-- Up-to-date: /home/yanji/robot_screwing/install/robot_msgs/include/robot_msgs/msg/detail/control_command__functions.c\n'}
[0.310196] (robot_msgs) StdoutLine: {'line': b'-- Up-to-date: /home/yanji/robot_screwing/install/robot_msgs/include/robot_msgs/msg/detail/control_command__struct.h\n'}
[0.310219] (robot_msgs) StdoutLine: {'line': b'-- Up-to-date: /home/yanji/robot_screwing/install/robot_msgs/include/robot_msgs/msg/detail/robot_status__struct.h\n'}
[0.310245] (robot_msgs) StdoutLine: {'line': b'-- Up-to-date: /home/yanji/robot_screwing/install/robot_msgs/include/robot_msgs/msg/detail/width_pub__functions.h\n'}
[0.310276] (robot_msgs) StdoutLine: {'line': b'-- Up-to-date: /home/yanji/robot_screwing/install/robot_msgs/include/robot_msgs/msg/detail/robot_status__type_support.h\n'}
[0.310300] (robot_msgs) StdoutLine: {'line': b'-- Up-to-date: /home/yanji/robot_screwing/install/robot_msgs/include/robot_msgs/msg/detail/ft_pub__type_support.h\n'}
[0.310323] (robot_msgs) StdoutLine: {'line': b'-- Up-to-date: /home/yanji/robot_screwing/install/robot_msgs/include/robot_msgs/msg/detail/ref_status__type_support.h\n'}
[0.310352] (robot_msgs) StdoutLine: {'line': b'-- Up-to-date: /home/yanji/robot_screwing/install/robot_msgs/include/robot_msgs/msg/detail/current_pub__functions.c\n'}
[0.310401] (robot_msgs) StdoutLine: {'line': b'-- Up-to-date: /home/yanji/robot_screwing/install/robot_msgs/include/robot_msgs/msg/detail/current_pub__type_support.h\n'}
[0.310452] (robot_msgs) StdoutLine: {'line': b'-- Up-to-date: /home/yanji/robot_screwing/install/robot_msgs/include/robot_msgs/msg/detail/robot_status__functions.c\n'}
[0.310501] (robot_msgs) StdoutLine: {'line': b'-- Up-to-date: /home/yanji/robot_screwing/install/robot_msgs/include/robot_msgs/msg/detail/width_pub__functions.c\n'}
[0.310546] (robot_msgs) StdoutLine: {'line': b'-- Up-to-date: /home/yanji/robot_screwing/install/robot_msgs/include/robot_msgs/msg/detail/ft_pub__struct.h\n'}
[0.310606] (robot_msgs) StdoutLine: {'line': b'-- Up-to-date: /home/yanji/robot_screwing/install/robot_msgs/include/robot_msgs/msg/detail/ref_status__functions.c\n'}
[0.310666] (robot_msgs) StdoutLine: {'line': b'-- Up-to-date: /home/yanji/robot_screwing/install/robot_msgs/include/robot_msgs/msg/detail/ref_status__struct.h\n'}
[0.310728] (robot_msgs) StdoutLine: {'line': b'-- Up-to-date: /home/yanji/robot_screwing/install/robot_msgs/include/robot_msgs/msg/robot_status.h\n'}
[0.310768] (robot_msgs) StdoutLine: {'line': b'-- Up-to-date: /home/yanji/robot_screwing/install/robot_msgs/include/robot_msgs/msg/control_command.h\n'}
[0.310821] (robot_msgs) StdoutLine: {'line': b'-- Up-to-date: /home/yanji/robot_screwing/install/robot_msgs/include/robot_msgs/msg/rosidl_generator_c__visibility_control.h\n'}
[0.310878] (robot_msgs) StdoutLine: {'line': b'-- Up-to-date: /home/yanji/robot_screwing/install/robot_msgs/include/robot_msgs/msg/current_pub.h\n'}
[0.310934] (robot_msgs) StdoutLine: {'line': b'-- Up-to-date: /home/yanji/robot_screwing/install/robot_msgs/include/robot_msgs/msg/width_pub.h\n'}
[0.310990] (robot_msgs) StdoutLine: {'line': b'-- Up-to-date: /home/yanji/robot_screwing/install/robot_msgs/include/robot_msgs/msg/ref_status.h\n'}
[0.311015] (robot_msgs) StdoutLine: {'line': b'-- Up-to-date: /home/yanji/robot_screwing/install/robot_msgs/include/robot_msgs/msg/ft_pub.h\n'}
[0.311039] (robot_msgs) StdoutLine: {'line': b'-- Up-to-date: /home/yanji/robot_screwing/install/robot_msgs/share/robot_msgs/environment/library_path.sh\n'}
[0.311062] (robot_msgs) StdoutLine: {'line': b'-- Up-to-date: /home/yanji/robot_screwing/install/robot_msgs/share/robot_msgs/environment/library_path.dsv\n'}
[0.311093] (robot_msgs) StdoutLine: {'line': b'-- Up-to-date: /home/yanji/robot_screwing/install/robot_msgs/lib/librobot_msgs__rosidl_generator_c.so\n'}
[0.311116] (robot_msgs) StdoutLine: {'line': b'-- Up-to-date: /home/yanji/robot_screwing/install/robot_msgs/include/robot_msgs\n'}
[0.311138] (robot_msgs) StdoutLine: {'line': b'-- Up-to-date: /home/yanji/robot_screwing/install/robot_msgs/include/robot_msgs/srv\n'}
[0.311162] (robot_msgs) StdoutLine: {'line': b'-- Up-to-date: /home/yanji/robot_screwing/install/robot_msgs/include/robot_msgs/srv/detail\n'}
[0.311186] (robot_msgs) StdoutLine: {'line': b'-- Up-to-date: /home/yanji/robot_screwing/install/robot_msgs/include/robot_msgs/srv/detail/start_pose__rosidl_typesupport_fastrtps_c.h\n'}
[0.311211] (robot_msgs) StdoutLine: {'line': b'-- Up-to-date: /home/yanji/robot_screwing/install/robot_msgs/include/robot_msgs/action\n'}
[0.311235] (robot_msgs) StdoutLine: {'line': b'-- Up-to-date: /home/yanji/robot_screwing/install/robot_msgs/include/robot_msgs/action/detail\n'}
[0.311297] (robot_msgs) StdoutLine: {'line': b'-- Up-to-date: /home/yanji/robot_screwing/install/robot_msgs/include/robot_msgs/action/detail/screw__rosidl_typesupport_fastrtps_c.h\n'}
[0.311332] (robot_msgs) StdoutLine: {'line': b'-- Up-to-date: /home/yanji/robot_screwing/install/robot_msgs/include/robot_msgs/msg\n'}
[0.311372] (robot_msgs) StdoutLine: {'line': b'-- Up-to-date: /home/yanji/robot_screwing/install/robot_msgs/include/robot_msgs/msg/detail\n'}
[0.311397] (robot_msgs) StdoutLine: {'line': b'-- Up-to-date: /home/yanji/robot_screwing/install/robot_msgs/include/robot_msgs/msg/detail/current_pub__rosidl_typesupport_fastrtps_c.h\n'}
[0.311421] (robot_msgs) StdoutLine: {'line': b'-- Up-to-date: /home/yanji/robot_screwing/install/robot_msgs/include/robot_msgs/msg/detail/control_command__rosidl_typesupport_fastrtps_c.h\n'}
[0.311446] (robot_msgs) StdoutLine: {'line': b'-- Up-to-date: /home/yanji/robot_screwing/install/robot_msgs/include/robot_msgs/msg/detail/width_pub__rosidl_typesupport_fastrtps_c.h\n'}
[0.311471] (robot_msgs) StdoutLine: {'line': b'-- Up-to-date: /home/yanji/robot_screwing/install/robot_msgs/include/robot_msgs/msg/detail/ref_status__rosidl_typesupport_fastrtps_c.h\n'}
[0.311494] (robot_msgs) StdoutLine: {'line': b'-- Up-to-date: /home/yanji/robot_screwing/install/robot_msgs/include/robot_msgs/msg/detail/ft_pub__rosidl_typesupport_fastrtps_c.h\n'}
[0.311517] (robot_msgs) StdoutLine: {'line': b'-- Up-to-date: /home/yanji/robot_screwing/install/robot_msgs/include/robot_msgs/msg/detail/robot_status__rosidl_typesupport_fastrtps_c.h\n'}
[0.311542] (robot_msgs) StdoutLine: {'line': b'-- Up-to-date: /home/yanji/robot_screwing/install/robot_msgs/include/robot_msgs/msg/rosidl_typesupport_fastrtps_c__visibility_control.h\n'}
[0.311569] (robot_msgs) StdoutLine: {'line': b'-- Up-to-date: /home/yanji/robot_screwing/install/robot_msgs/lib/librobot_msgs__rosidl_typesupport_fastrtps_c.so\n'}
[0.311594] (robot_msgs) StdoutLine: {'line': b'-- Up-to-date: /home/yanji/robot_screwing/install/robot_msgs/include/robot_msgs\n'}
[0.311618] (robot_msgs) StdoutLine: {'line': b'-- Up-to-date: /home/yanji/robot_screwing/install/robot_msgs/include/robot_msgs/srv\n'}
[0.311641] (robot_msgs) StdoutLine: {'line': b'-- Up-to-date: /home/yanji/robot_screwing/install/robot_msgs/include/robot_msgs/srv/detail\n'}
[0.311665] (robot_msgs) StdoutLine: {'line': b'-- Up-to-date: /home/yanji/robot_screwing/install/robot_msgs/include/robot_msgs/srv/detail/dds_fastrtps\n'}
[0.311687] (robot_msgs) StdoutLine: {'line': b'-- Up-to-date: /home/yanji/robot_screwing/install/robot_msgs/include/robot_msgs/srv/detail/start_pose__rosidl_typesupport_fastrtps_cpp.hpp\n'}
[0.311710] (robot_msgs) StdoutLine: {'line': b'-- Up-to-date: /home/yanji/robot_screwing/install/robot_msgs/include/robot_msgs/action\n'}
[0.311734] (robot_msgs) StdoutLine: {'line': b'-- Up-to-date: /home/yanji/robot_screwing/install/robot_msgs/include/robot_msgs/action/detail\n'}
[0.311756] (robot_msgs) StdoutLine: {'line': b'-- Up-to-date: /home/yanji/robot_screwing/install/robot_msgs/include/robot_msgs/action/detail/dds_fastrtps\n'}
[0.311778] (robot_msgs) StdoutLine: {'line': b'-- Up-to-date: /home/yanji/robot_screwing/install/robot_msgs/include/robot_msgs/action/detail/screw__rosidl_typesupport_fastrtps_cpp.hpp\n'}
[0.311800] (robot_msgs) StdoutLine: {'line': b'-- Up-to-date: /home/yanji/robot_screwing/install/robot_msgs/include/robot_msgs/msg\n'}
[0.311822] (robot_msgs) StdoutLine: {'line': b'-- Up-to-date: /home/yanji/robot_screwing/install/robot_msgs/include/robot_msgs/msg/detail\n'}
[0.311852] (robot_msgs) StdoutLine: {'line': b'-- Up-to-date: /home/yanji/robot_screwing/install/robot_msgs/include/robot_msgs/msg/detail/control_command__rosidl_typesupport_fastrtps_cpp.hpp\n'}
[0.311879] (robot_msgs) StdoutLine: {'line': b'-- Up-to-date: /home/yanji/robot_screwing/install/robot_msgs/include/robot_msgs/msg/detail/width_pub__rosidl_typesupport_fastrtps_cpp.hpp\n'}
[0.311902] (robot_msgs) StdoutLine: {'line': b'-- Up-to-date: /home/yanji/robot_screwing/install/robot_msgs/include/robot_msgs/msg/detail/dds_fastrtps\n'}
[0.311924] (robot_msgs) StdoutLine: {'line': b'-- Up-to-date: /home/yanji/robot_screwing/install/robot_msgs/include/robot_msgs/msg/detail/ft_pub__rosidl_typesupport_fastrtps_cpp.hpp\n'}
[0.311948] (robot_msgs) StdoutLine: {'line': b'-- Up-to-date: /home/yanji/robot_screwing/install/robot_msgs/include/robot_msgs/msg/detail/robot_status__rosidl_typesupport_fastrtps_cpp.hpp\n'}
[0.311972] (robot_msgs) StdoutLine: {'line': b'-- Up-to-date: /home/yanji/robot_screwing/install/robot_msgs/include/robot_msgs/msg/detail/current_pub__rosidl_typesupport_fastrtps_cpp.hpp\n'}
[0.311995] (robot_msgs) StdoutLine: {'line': b'-- Up-to-date: /home/yanji/robot_screwing/install/robot_msgs/include/robot_msgs/msg/detail/ref_status__rosidl_typesupport_fastrtps_cpp.hpp\n'}
[0.312022] (robot_msgs) StdoutLine: {'line': b'-- Up-to-date: /home/yanji/robot_screwing/install/robot_msgs/include/robot_msgs/msg/rosidl_typesupport_fastrtps_cpp__visibility_control.h\n'}
[0.312046] (robot_msgs) StdoutLine: {'line': b'-- Up-to-date: /home/yanji/robot_screwing/install/robot_msgs/lib/librobot_msgs__rosidl_typesupport_fastrtps_cpp.so\n'}
[0.312070] (robot_msgs) StdoutLine: {'line': b'-- Up-to-date: /home/yanji/robot_screwing/install/robot_msgs/include/robot_msgs\n'}
[0.312093] (robot_msgs) StdoutLine: {'line': b'-- Up-to-date: /home/yanji/robot_screwing/install/robot_msgs/include/robot_msgs/srv\n'}
[0.312116] (robot_msgs) StdoutLine: {'line': b'-- Up-to-date: /home/yanji/robot_screwing/install/robot_msgs/include/robot_msgs/srv/detail\n'}
[0.312139] (robot_msgs) StdoutLine: {'line': b'-- Up-to-date: /home/yanji/robot_screwing/install/robot_msgs/include/robot_msgs/srv/detail/start_pose__type_support.c\n'}
[0.312163] (robot_msgs) StdoutLine: {'line': b'-- Up-to-date: /home/yanji/robot_screwing/install/robot_msgs/include/robot_msgs/srv/detail/start_pose__rosidl_typesupport_introspection_c.h\n'}
[0.312186] (robot_msgs) StdoutLine: {'line': b'-- Up-to-date: /home/yanji/robot_screwing/install/robot_msgs/include/robot_msgs/action\n'}
[0.312210] (robot_msgs) StdoutLine: {'line': b'-- Up-to-date: /home/yanji/robot_screwing/install/robot_msgs/include/robot_msgs/action/detail\n'}
[0.312234] (robot_msgs) StdoutLine: {'line': b'-- Up-to-date: /home/yanji/robot_screwing/install/robot_msgs/include/robot_msgs/action/detail/screw__type_support.c\n'}
[0.312257] (robot_msgs) StdoutLine: {'line': b'-- Up-to-date: /home/yanji/robot_screwing/install/robot_msgs/include/robot_msgs/action/detail/screw__rosidl_typesupport_introspection_c.h\n'}
[0.312280] (robot_msgs) StdoutLine: {'line': b'-- Up-to-date: /home/yanji/robot_screwing/install/robot_msgs/include/robot_msgs/msg\n'}
[0.312304] (robot_msgs) StdoutLine: {'line': b'-- Up-to-date: /home/yanji/robot_screwing/install/robot_msgs/include/robot_msgs/msg/detail\n'}
[0.312327] (robot_msgs) StdoutLine: {'line': b'-- Up-to-date: /home/yanji/robot_screwing/install/robot_msgs/include/robot_msgs/msg/detail/current_pub__rosidl_typesupport_introspection_c.h\n'}
[0.312352] (robot_msgs) StdoutLine: {'line': b'-- Up-to-date: /home/yanji/robot_screwing/install/robot_msgs/include/robot_msgs/msg/detail/ref_status__type_support.c\n'}
[0.312377] (robot_msgs) StdoutLine: {'line': b'-- Up-to-date: /home/yanji/robot_screwing/install/robot_msgs/include/robot_msgs/msg/detail/ref_status__rosidl_typesupport_introspection_c.h\n'}
[0.312401] (robot_msgs) StdoutLine: {'line': b'-- Up-to-date: /home/yanji/robot_screwing/install/robot_msgs/include/robot_msgs/msg/detail/current_pub__type_support.c\n'}
[0.312427] (robot_msgs) StdoutLine: {'line': b'-- Up-to-date: /home/yanji/robot_screwing/install/robot_msgs/include/robot_msgs/msg/detail/robot_status__type_support.c\n'}
[0.312451] (robot_msgs) StdoutLine: {'line': b'-- Up-to-date: /home/yanji/robot_screwing/install/robot_msgs/include/robot_msgs/msg/detail/control_command__rosidl_typesupport_introspection_c.h\n'}
[0.312475] (robot_msgs) StdoutLine: {'line': b'-- Up-to-date: /home/yanji/robot_screwing/install/robot_msgs/include/robot_msgs/msg/detail/ft_pub__rosidl_typesupport_introspection_c.h\n'}
[0.312498] (robot_msgs) StdoutLine: {'line': b'-- Up-to-date: /home/yanji/robot_screwing/install/robot_msgs/include/robot_msgs/msg/detail/control_command__type_support.c\n'}
[0.312521] (robot_msgs) StdoutLine: {'line': b'-- Up-to-date: /home/yanji/robot_screwing/install/robot_msgs/include/robot_msgs/msg/detail/ft_pub__type_support.c\n'}
[0.312543] (robot_msgs) StdoutLine: {'line': b'-- Up-to-date: /home/yanji/robot_screwing/install/robot_msgs/include/robot_msgs/msg/detail/width_pub__type_support.c\n'}
[0.312565] (robot_msgs) StdoutLine: {'line': b'-- Up-to-date: /home/yanji/robot_screwing/install/robot_msgs/include/robot_msgs/msg/detail/width_pub__rosidl_typesupport_introspection_c.h\n'}
[0.312589] (robot_msgs) StdoutLine: {'line': b'-- Up-to-date: /home/yanji/robot_screwing/install/robot_msgs/include/robot_msgs/msg/detail/robot_status__rosidl_typesupport_introspection_c.h\n'}
[0.312616] (robot_msgs) StdoutLine: {'line': b'-- Up-to-date: /home/yanji/robot_screwing/install/robot_msgs/include/robot_msgs/msg/rosidl_typesupport_introspection_c__visibility_control.h\n'}
[0.312638] (robot_msgs) StdoutLine: {'line': b'-- Up-to-date: /home/yanji/robot_screwing/install/robot_msgs/lib/librobot_msgs__rosidl_typesupport_introspection_c.so\n'}
[0.312661] (robot_msgs) StdoutLine: {'line': b'-- Up-to-date: /home/yanji/robot_screwing/install/robot_msgs/lib/librobot_msgs__rosidl_typesupport_c.so\n'}
[0.312684] (robot_msgs) StdoutLine: {'line': b'-- Up-to-date: /home/yanji/robot_screwing/install/robot_msgs/include/robot_msgs\n'}
[0.312708] (robot_msgs) StdoutLine: {'line': b'-- Up-to-date: /home/yanji/robot_screwing/install/robot_msgs/include/robot_msgs/srv\n'}
[0.312732] (robot_msgs) StdoutLine: {'line': b'-- Up-to-date: /home/yanji/robot_screwing/install/robot_msgs/include/robot_msgs/srv/detail\n'}
[0.312755] (robot_msgs) StdoutLine: {'line': b'-- Up-to-date: /home/yanji/robot_screwing/install/robot_msgs/include/robot_msgs/srv/detail/start_pose__builder.hpp\n'}
[0.312777] (robot_msgs) StdoutLine: {'line': b'-- Up-to-date: /home/yanji/robot_screwing/install/robot_msgs/include/robot_msgs/srv/detail/start_pose__type_support.hpp\n'}
[0.312801] (robot_msgs) StdoutLine: {'line': b'-- Up-to-date: /home/yanji/robot_screwing/install/robot_msgs/include/robot_msgs/srv/detail/start_pose__traits.hpp\n'}
[0.312824] (robot_msgs) StdoutLine: {'line': b'-- Up-to-date: /home/yanji/robot_screwing/install/robot_msgs/include/robot_msgs/srv/detail/start_pose__struct.hpp\n'}
[0.312853] (robot_msgs) StdoutLine: {'line': b'-- Up-to-date: /home/yanji/robot_screwing/install/robot_msgs/include/robot_msgs/srv/start_pose.hpp\n'}
[0.312877] (robot_msgs) StdoutLine: {'line': b'-- Up-to-date: /home/yanji/robot_screwing/install/robot_msgs/include/robot_msgs/action\n'}
[0.312900] (robot_msgs) StdoutLine: {'line': b'-- Up-to-date: /home/yanji/robot_screwing/install/robot_msgs/include/robot_msgs/action/detail\n'}
[0.312921] (robot_msgs) StdoutLine: {'line': b'-- Up-to-date: /home/yanji/robot_screwing/install/robot_msgs/include/robot_msgs/action/detail/screw__type_support.hpp\n'}
[0.312944] (robot_msgs) StdoutLine: {'line': b'-- Up-to-date: /home/yanji/robot_screwing/install/robot_msgs/include/robot_msgs/action/detail/screw__struct.hpp\n'}
[0.312967] (robot_msgs) StdoutLine: {'line': b'-- Up-to-date: /home/yanji/robot_screwing/install/robot_msgs/include/robot_msgs/action/detail/screw__builder.hpp\n'}
[0.312990] (robot_msgs) StdoutLine: {'line': b'-- Up-to-date: /home/yanji/robot_screwing/install/robot_msgs/include/robot_msgs/action/detail/screw__traits.hpp\n'}
[0.313013] (robot_msgs) StdoutLine: {'line': b'-- Up-to-date: /home/yanji/robot_screwing/install/robot_msgs/include/robot_msgs/action/screw.hpp\n'}
[0.313035] (robot_msgs) StdoutLine: {'line': b'-- Up-to-date: /home/yanji/robot_screwing/install/robot_msgs/include/robot_msgs/msg\n'}
[0.313058] (robot_msgs) StdoutLine: {'line': b'-- Up-to-date: /home/yanji/robot_screwing/install/robot_msgs/include/robot_msgs/msg/detail\n'}
[0.313081] (robot_msgs) StdoutLine: {'line': b'-- Up-to-date: /home/yanji/robot_screwing/install/robot_msgs/include/robot_msgs/msg/detail/ref_status__struct.hpp\n'}
[0.313103] (robot_msgs) StdoutLine: {'line': b'-- Up-to-date: /home/yanji/robot_screwing/install/robot_msgs/include/robot_msgs/msg/detail/ref_status__traits.hpp\n'}
[0.313125] (robot_msgs) StdoutLine: {'line': b'-- Up-to-date: /home/yanji/robot_screwing/install/robot_msgs/include/robot_msgs/msg/detail/ft_pub__builder.hpp\n'}
[0.313147] (robot_msgs) StdoutLine: {'line': b'-- Up-to-date: /home/yanji/robot_screwing/install/robot_msgs/include/robot_msgs/msg/detail/width_pub__builder.hpp\n'}
[0.313170] (robot_msgs) StdoutLine: {'line': b'-- Up-to-date: /home/yanji/robot_screwing/install/robot_msgs/include/robot_msgs/msg/detail/control_command__traits.hpp\n'}
[0.313192] (robot_msgs) StdoutLine: {'line': b'-- Up-to-date: /home/yanji/robot_screwing/install/robot_msgs/include/robot_msgs/msg/detail/ref_status__type_support.hpp\n'}
[0.313216] (robot_msgs) StdoutLine: {'line': b'-- Up-to-date: /home/yanji/robot_screwing/install/robot_msgs/include/robot_msgs/msg/detail/robot_status__type_support.hpp\n'}
[0.313238] (robot_msgs) StdoutLine: {'line': b'-- Up-to-date: /home/yanji/robot_screwing/install/robot_msgs/include/robot_msgs/msg/detail/robot_status__struct.hpp\n'}
[0.313261] (robot_msgs) StdoutLine: {'line': b'-- Up-to-date: /home/yanji/robot_screwing/install/robot_msgs/include/robot_msgs/msg/detail/ref_status__builder.hpp\n'}
[0.313286] (robot_msgs) StdoutLine: {'line': b'-- Up-to-date: /home/yanji/robot_screwing/install/robot_msgs/include/robot_msgs/msg/detail/current_pub__traits.hpp\n'}
[0.313309] (robot_msgs) StdoutLine: {'line': b'-- Up-to-date: /home/yanji/robot_screwing/install/robot_msgs/include/robot_msgs/msg/detail/current_pub__builder.hpp\n'}
[0.313330] (robot_msgs) StdoutLine: {'line': b'-- Up-to-date: /home/yanji/robot_screwing/install/robot_msgs/include/robot_msgs/msg/detail/width_pub__struct.hpp\n'}
[0.313353] (robot_msgs) StdoutLine: {'line': b'-- Up-to-date: /home/yanji/robot_screwing/install/robot_msgs/include/robot_msgs/msg/detail/current_pub__type_support.hpp\n'}
[0.313375] (robot_msgs) StdoutLine: {'line': b'-- Up-to-date: /home/yanji/robot_screwing/install/robot_msgs/include/robot_msgs/msg/detail/width_pub__type_support.hpp\n'}
[0.313397] (robot_msgs) StdoutLine: {'line': b'-- Up-to-date: /home/yanji/robot_screwing/install/robot_msgs/include/robot_msgs/msg/detail/control_command__type_support.hpp\n'}
[0.313420] (robot_msgs) StdoutLine: {'line': b'-- Up-to-date: /home/yanji/robot_screwing/install/robot_msgs/include/robot_msgs/msg/detail/width_pub__traits.hpp\n'}
[0.313443] (robot_msgs) StdoutLine: {'line': b'-- Up-to-date: /home/yanji/robot_screwing/install/robot_msgs/include/robot_msgs/msg/detail/ft_pub__struct.hpp\n'}
[0.313466] (robot_msgs) StdoutLine: {'line': b'-- Up-to-date: /home/yanji/robot_screwing/install/robot_msgs/include/robot_msgs/msg/detail/control_command__builder.hpp\n'}
[0.313488] (robot_msgs) StdoutLine: {'line': b'-- Up-to-date: /home/yanji/robot_screwing/install/robot_msgs/include/robot_msgs/msg/detail/current_pub__struct.hpp\n'}
[0.313510] (robot_msgs) StdoutLine: {'line': b'-- Up-to-date: /home/yanji/robot_screwing/install/robot_msgs/include/robot_msgs/msg/detail/ft_pub__traits.hpp\n'}
[0.313532] (robot_msgs) StdoutLine: {'line': b'-- Up-to-date: /home/yanji/robot_screwing/install/robot_msgs/include/robot_msgs/msg/detail/robot_status__traits.hpp\n'}
[0.313554] (robot_msgs) StdoutLine: {'line': b'-- Up-to-date: /home/yanji/robot_screwing/install/robot_msgs/include/robot_msgs/msg/detail/ft_pub__type_support.hpp\n'}
[0.313578] (robot_msgs) StdoutLine: {'line': b'-- Up-to-date: /home/yanji/robot_screwing/install/robot_msgs/include/robot_msgs/msg/detail/control_command__struct.hpp\n'}
[0.313600] (robot_msgs) StdoutLine: {'line': b'-- Up-to-date: /home/yanji/robot_screwing/install/robot_msgs/include/robot_msgs/msg/detail/robot_status__builder.hpp\n'}
[0.313622] (robot_msgs) StdoutLine: {'line': b'-- Up-to-date: /home/yanji/robot_screwing/install/robot_msgs/include/robot_msgs/msg/ref_status.hpp\n'}
[0.313643] (robot_msgs) StdoutLine: {'line': b'-- Up-to-date: /home/yanji/robot_screwing/install/robot_msgs/include/robot_msgs/msg/rosidl_generator_cpp__visibility_control.hpp\n'}
[0.313666] (robot_msgs) StdoutLine: {'line': b'-- Up-to-date: /home/yanji/robot_screwing/install/robot_msgs/include/robot_msgs/msg/control_command.hpp\n'}
[0.313688] (robot_msgs) StdoutLine: {'line': b'-- Up-to-date: /home/yanji/robot_screwing/install/robot_msgs/include/robot_msgs/msg/width_pub.hpp\n'}
[0.313710] (robot_msgs) StdoutLine: {'line': b'-- Up-to-date: /home/yanji/robot_screwing/install/robot_msgs/include/robot_msgs/msg/ft_pub.hpp\n'}
[0.313732] (robot_msgs) StdoutLine: {'line': b'-- Up-to-date: /home/yanji/robot_screwing/install/robot_msgs/include/robot_msgs/msg/robot_status.hpp\n'}
[0.313755] (robot_msgs) StdoutLine: {'line': b'-- Up-to-date: /home/yanji/robot_screwing/install/robot_msgs/include/robot_msgs/msg/current_pub.hpp\n'}
[0.313779] (robot_msgs) StdoutLine: {'line': b'-- Up-to-date: /home/yanji/robot_screwing/install/robot_msgs/include/robot_msgs\n'}
[0.313802] (robot_msgs) StdoutLine: {'line': b'-- Up-to-date: /home/yanji/robot_screwing/install/robot_msgs/include/robot_msgs/srv\n'}
[0.313824] (robot_msgs) StdoutLine: {'line': b'-- Up-to-date: /home/yanji/robot_screwing/install/robot_msgs/include/robot_msgs/srv/detail\n'}
[0.313853] (robot_msgs) StdoutLine: {'line': b'-- Up-to-date: /home/yanji/robot_screwing/install/robot_msgs/include/robot_msgs/srv/detail/start_pose__rosidl_typesupport_introspection_cpp.hpp\n'}
[0.313878] (robot_msgs) StdoutLine: {'line': b'-- Up-to-date: /home/yanji/robot_screwing/install/robot_msgs/include/robot_msgs/srv/detail/start_pose__type_support.cpp\n'}
[0.313900] (robot_msgs) StdoutLine: {'line': b'-- Up-to-date: /home/yanji/robot_screwing/install/robot_msgs/include/robot_msgs/action\n'}
[0.313922] (robot_msgs) StdoutLine: {'line': b'-- Up-to-date: /home/yanji/robot_screwing/install/robot_msgs/include/robot_msgs/action/detail\n'}
[0.313944] (robot_msgs) StdoutLine: {'line': b'-- Up-to-date: /home/yanji/robot_screwing/install/robot_msgs/include/robot_msgs/action/detail/screw__type_support.cpp\n'}
[0.313967] (robot_msgs) StdoutLine: {'line': b'-- Up-to-date: /home/yanji/robot_screwing/install/robot_msgs/include/robot_msgs/action/detail/screw__rosidl_typesupport_introspection_cpp.hpp\n'}
[0.313990] (robot_msgs) StdoutLine: {'line': b'-- Up-to-date: /home/yanji/robot_screwing/install/robot_msgs/include/robot_msgs/msg\n'}
[0.314012] (robot_msgs) StdoutLine: {'line': b'-- Up-to-date: /home/yanji/robot_screwing/install/robot_msgs/include/robot_msgs/msg/detail\n'}
[0.314035] (robot_msgs) StdoutLine: {'line': b'-- Up-to-date: /home/yanji/robot_screwing/install/robot_msgs/include/robot_msgs/msg/detail/width_pub__rosidl_typesupport_introspection_cpp.hpp\n'}
[0.314058] (robot_msgs) StdoutLine: {'line': b'-- Up-to-date: /home/yanji/robot_screwing/install/robot_msgs/include/robot_msgs/msg/detail/ft_pub__rosidl_typesupport_introspection_cpp.hpp\n'}
[0.314080] (robot_msgs) StdoutLine: {'line': b'-- Up-to-date: /home/yanji/robot_screwing/install/robot_msgs/include/robot_msgs/msg/detail/width_pub__type_support.cpp\n'}
[0.314102] (robot_msgs) StdoutLine: {'line': b'-- Up-to-date: /home/yanji/robot_screwing/install/robot_msgs/include/robot_msgs/msg/detail/ft_pub__type_support.cpp\n'}
[0.314126] (robot_msgs) StdoutLine: {'line': b'-- Up-to-date: /home/yanji/robot_screwing/install/robot_msgs/include/robot_msgs/msg/detail/control_command__rosidl_typesupport_introspection_cpp.hpp\n'}
[0.314149] (robot_msgs) StdoutLine: {'line': b'-- Up-to-date: /home/yanji/robot_screwing/install/robot_msgs/include/robot_msgs/msg/detail/robot_status__type_support.cpp\n'}
[0.314171] (robot_msgs) StdoutLine: {'line': b'-- Up-to-date: /home/yanji/robot_screwing/install/robot_msgs/include/robot_msgs/msg/detail/ref_status__rosidl_typesupport_introspection_cpp.hpp\n'}
[0.314193] (robot_msgs) StdoutLine: {'line': b'-- Up-to-date: /home/yanji/robot_screwing/install/robot_msgs/include/robot_msgs/msg/detail/current_pub__type_support.cpp\n'}
[0.314215] (robot_msgs) StdoutLine: {'line': b'-- Up-to-date: /home/yanji/robot_screwing/install/robot_msgs/include/robot_msgs/msg/detail/current_pub__rosidl_typesupport_introspection_cpp.hpp\n'}
[0.314238] (robot_msgs) StdoutLine: {'line': b'-- Up-to-date: /home/yanji/robot_screwing/install/robot_msgs/include/robot_msgs/msg/detail/ref_status__type_support.cpp\n'}
[0.314260] (robot_msgs) StdoutLine: {'line': b'-- Up-to-date: /home/yanji/robot_screwing/install/robot_msgs/include/robot_msgs/msg/detail/control_command__type_support.cpp\n'}
[0.314282] (robot_msgs) StdoutLine: {'line': b'-- Up-to-date: /home/yanji/robot_screwing/install/robot_msgs/include/robot_msgs/msg/detail/robot_status__rosidl_typesupport_introspection_cpp.hpp\n'}
[0.314304] (robot_msgs) StdoutLine: {'line': b'-- Up-to-date: /home/yanji/robot_screwing/install/robot_msgs/lib/librobot_msgs__rosidl_typesupport_introspection_cpp.so\n'}
[0.314329] (robot_msgs) StdoutLine: {'line': b'-- Up-to-date: /home/yanji/robot_screwing/install/robot_msgs/lib/librobot_msgs__rosidl_typesupport_cpp.so\n'}
[0.314352] (robot_msgs) StdoutLine: {'line': b'-- Up-to-date: /home/yanji/robot_screwing/install/robot_msgs/share/robot_msgs/environment/pythonpath.sh\n'}
[0.314376] (robot_msgs) StdoutLine: {'line': b'-- Up-to-date: /home/yanji/robot_screwing/install/robot_msgs/share/robot_msgs/environment/pythonpath.dsv\n'}
[0.314400] (robot_msgs) StdoutLine: {'line': b'-- Up-to-date: /home/yanji/robot_screwing/install/robot_msgs/lib/python3.8/site-packages/robot_msgs/__init__.py\n'}
[0.327171] (robot_msgs) StdoutLine: {'line': b'-- Up-to-date: /home/yanji/robot_screwing/install/robot_msgs/lib/python3.8/site-packages/robot_msgs/msg\n'}
[0.327259] (robot_msgs) StdoutLine: {'line': b'-- Up-to-date: /home/yanji/robot_screwing/install/robot_msgs/lib/python3.8/site-packages/robot_msgs/msg/_robot_status_s.c\n'}
[0.327291] (robot_msgs) StdoutLine: {'line': b'-- Up-to-date: /home/yanji/robot_screwing/install/robot_msgs/lib/python3.8/site-packages/robot_msgs/msg/_width_pub_s.c\n'}
[0.327333] (robot_msgs) StdoutLine: {'line': b'-- Up-to-date: /home/yanji/robot_screwing/install/robot_msgs/lib/python3.8/site-packages/robot_msgs/msg/__init__.py\n'}
[0.327370] (robot_msgs) StdoutLine: {'line': b'-- Up-to-date: /home/yanji/robot_screwing/install/robot_msgs/lib/python3.8/site-packages/robot_msgs/msg/_control_command.py\n'}
[0.327410] (robot_msgs) StdoutLine: {'line': b'-- Up-to-date: /home/yanji/robot_screwing/install/robot_msgs/lib/python3.8/site-packages/robot_msgs/msg/_ref_status.py\n'}
[0.327433] (robot_msgs) StdoutLine: {'line': b'-- Up-to-date: /home/yanji/robot_screwing/install/robot_msgs/lib/python3.8/site-packages/robot_msgs/msg/_robot_status.py\n'}
[0.327456] (robot_msgs) StdoutLine: {'line': b'-- Up-to-date: /home/yanji/robot_screwing/install/robot_msgs/lib/python3.8/site-packages/robot_msgs/msg/_ft_pub_s.c\n'}
[0.327478] (robot_msgs) StdoutLine: {'line': b'-- Up-to-date: /home/yanji/robot_screwing/install/robot_msgs/lib/python3.8/site-packages/robot_msgs/msg/_ref_status_s.c\n'}
[0.327500] (robot_msgs) StdoutLine: {'line': b'-- Up-to-date: /home/yanji/robot_screwing/install/robot_msgs/lib/python3.8/site-packages/robot_msgs/msg/_current_pub.py\n'}
[0.327523] (robot_msgs) StdoutLine: {'line': b'-- Up-to-date: /home/yanji/robot_screwing/install/robot_msgs/lib/python3.8/site-packages/robot_msgs/msg/_control_command_s.c\n'}
[0.327545] (robot_msgs) StdoutLine: {'line': b'-- Up-to-date: /home/yanji/robot_screwing/install/robot_msgs/lib/python3.8/site-packages/robot_msgs/msg/_current_pub_s.c\n'}
[0.327566] (robot_msgs) StdoutLine: {'line': b'-- Up-to-date: /home/yanji/robot_screwing/install/robot_msgs/lib/python3.8/site-packages/robot_msgs/msg/_width_pub.py\n'}
[0.327598] (robot_msgs) StdoutLine: {'line': b'-- Up-to-date: /home/yanji/robot_screwing/install/robot_msgs/lib/python3.8/site-packages/robot_msgs/msg/_ft_pub.py\n'}
[0.327621] (robot_msgs) StdoutLine: {'line': b'-- Up-to-date: /home/yanji/robot_screwing/install/robot_msgs/lib/python3.8/site-packages/robot_msgs/srv\n'}
[0.327646] (robot_msgs) StdoutLine: {'line': b'-- Up-to-date: /home/yanji/robot_screwing/install/robot_msgs/lib/python3.8/site-packages/robot_msgs/srv/__init__.py\n'}
[0.327669] (robot_msgs) StdoutLine: {'line': b'-- Up-to-date: /home/yanji/robot_screwing/install/robot_msgs/lib/python3.8/site-packages/robot_msgs/srv/_start_pose_s.c\n'}
[0.327693] (robot_msgs) StdoutLine: {'line': b'-- Up-to-date: /home/yanji/robot_screwing/install/robot_msgs/lib/python3.8/site-packages/robot_msgs/srv/_start_pose.py\n'}
[0.327716] (robot_msgs) StdoutLine: {'line': b'-- Up-to-date: /home/yanji/robot_screwing/install/robot_msgs/lib/python3.8/site-packages/robot_msgs/action\n'}
[0.327739] (robot_msgs) StdoutLine: {'line': b'-- Up-to-date: /home/yanji/robot_screwing/install/robot_msgs/lib/python3.8/site-packages/robot_msgs/action/__init__.py\n'}
[0.327766] (robot_msgs) StdoutLine: {'line': b'-- Up-to-date: /home/yanji/robot_screwing/install/robot_msgs/lib/python3.8/site-packages/robot_msgs/action/_screw.py\n'}
[0.327792] (robot_msgs) StdoutLine: {'line': b'-- Up-to-date: /home/yanji/robot_screwing/install/robot_msgs/lib/python3.8/site-packages/robot_msgs/action/_screw_s.c\n'}
[0.327815] (robot_msgs) StdoutLine: {'line': b'-- Up-to-date: /home/yanji/robot_screwing/install/robot_msgs/lib/python3.8/site-packages/robot_msgs/robot_msgs_s__rosidl_typesupport_fastrtps_c.cpython-38-x86_64-linux-gnu.so\n'}
[0.327947] (robot_msgs) StdoutLine: {'line': b'-- Up-to-date: /home/yanji/robot_screwing/install/robot_msgs/lib/python3.8/site-packages/robot_msgs/robot_msgs_s__rosidl_typesupport_introspection_c.cpython-38-x86_64-linux-gnu.so\n'}
[0.328205] (robot_msgs) StdoutLine: {'line': b'-- Up-to-date: /home/yanji/robot_screwing/install/robot_msgs/lib/python3.8/site-packages/robot_msgs/robot_msgs_s__rosidl_typesupport_c.cpython-38-x86_64-linux-gnu.so\n'}
[0.328401] (robot_msgs) StdoutLine: {'line': b'-- Up-to-date: /home/yanji/robot_screwing/install/robot_msgs/lib/librobot_msgs__python.so\n'}
[0.328482] (robot_msgs) StdoutLine: {'line': b'-- Up-to-date: /home/yanji/robot_screwing/install/robot_msgs/share/robot_msgs/msg/FtPub.idl\n'}
[0.328517] (robot_msgs) StdoutLine: {'line': b'-- Up-to-date: /home/yanji/robot_screwing/install/robot_msgs/share/robot_msgs/msg/RobotStatus.idl\n'}
[0.328558] (robot_msgs) StdoutLine: {'line': b'-- Up-to-date: /home/yanji/robot_screwing/install/robot_msgs/share/robot_msgs/msg/ControlCommand.idl\n'}
[0.328597] (robot_msgs) StdoutLine: {'line': b'-- Up-to-date: /home/yanji/robot_screwing/install/robot_msgs/share/robot_msgs/msg/RefStatus.idl\n'}
[0.328635] (robot_msgs) StdoutLine: {'line': b'-- Up-to-date: /home/yanji/robot_screwing/install/robot_msgs/share/robot_msgs/srv/StartPose.idl\n'}
[0.328674] (robot_msgs) StdoutLine: {'line': b'-- Up-to-date: /home/yanji/robot_screwing/install/robot_msgs/share/robot_msgs/action/Screw.idl\n'}
[0.328713] (robot_msgs) StdoutLine: {'line': b'-- Up-to-date: /home/yanji/robot_screwing/install/robot_msgs/share/robot_msgs/msg/CurrentPub.idl\n'}
[0.328752] (robot_msgs) StdoutLine: {'line': b'-- Up-to-date: /home/yanji/robot_screwing/install/robot_msgs/share/robot_msgs/msg/WidthPub.idl\n'}
[0.328789] (robot_msgs) StdoutLine: {'line': b'-- Up-to-date: /home/yanji/robot_screwing/install/robot_msgs/share/robot_msgs/msg/FtPub.msg\n'}
[0.328826] (robot_msgs) StdoutLine: {'line': b'-- Up-to-date: /home/yanji/robot_screwing/install/robot_msgs/share/robot_msgs/msg/RobotStatus.msg\n'}
[0.328864] (robot_msgs) StdoutLine: {'line': b'-- Up-to-date: /home/yanji/robot_screwing/install/robot_msgs/share/robot_msgs/msg/ControlCommand.msg\n'}
[0.328902] (robot_msgs) StdoutLine: {'line': b'-- Up-to-date: /home/yanji/robot_screwing/install/robot_msgs/share/robot_msgs/msg/RefStatus.msg\n'}
[0.328933] (robot_msgs) StdoutLine: {'line': b'-- Up-to-date: /home/yanji/robot_screwing/install/robot_msgs/share/robot_msgs/srv/StartPose.srv\n'}
[0.328970] (robot_msgs) StdoutLine: {'line': b'-- Up-to-date: /home/yanji/robot_screwing/install/robot_msgs/share/robot_msgs/srv/StartPose_Request.msg\n'}
[0.329009] (robot_msgs) StdoutLine: {'line': b'-- Up-to-date: /home/yanji/robot_screwing/install/robot_msgs/share/robot_msgs/srv/StartPose_Response.msg\n'}
[0.329047] (robot_msgs) StdoutLine: {'line': b'-- Up-to-date: /home/yanji/robot_screwing/install/robot_msgs/share/robot_msgs/action/Screw.action\n'}
[0.329080] (robot_msgs) StdoutLine: {'line': b'-- Up-to-date: /home/yanji/robot_screwing/install/robot_msgs/share/robot_msgs/msg/CurrentPub.msg\n'}
[0.329105] (robot_msgs) StdoutLine: {'line': b'-- Up-to-date: /home/yanji/robot_screwing/install/robot_msgs/share/robot_msgs/msg/WidthPub.msg\n'}
[0.329128] (robot_msgs) StdoutLine: {'line': b'-- Up-to-date: /home/yanji/robot_screwing/install/robot_msgs/share/ament_index/resource_index/package_run_dependencies/robot_msgs\n'}
[0.329158] (robot_msgs) StdoutLine: {'line': b'-- Up-to-date: /home/yanji/robot_screwing/install/robot_msgs/share/ament_index/resource_index/parent_prefix_path/robot_msgs\n'}
[0.329186] (robot_msgs) StdoutLine: {'line': b'-- Up-to-date: /home/yanji/robot_screwing/install/robot_msgs/share/robot_msgs/environment/ament_prefix_path.sh\n'}
[0.329210] (robot_msgs) StdoutLine: {'line': b'-- Up-to-date: /home/yanji/robot_screwing/install/robot_msgs/share/robot_msgs/environment/ament_prefix_path.dsv\n'}
[0.329243] (robot_msgs) StdoutLine: {'line': b'-- Up-to-date: /home/yanji/robot_screwing/install/robot_msgs/share/robot_msgs/environment/path.sh\n'}
[0.329275] (robot_msgs) StdoutLine: {'line': b'-- Up-to-date: /home/yanji/robot_screwing/install/robot_msgs/share/robot_msgs/environment/path.dsv\n'}
[0.329300] (robot_msgs) StdoutLine: {'line': b'-- Up-to-date: /home/yanji/robot_screwing/install/robot_msgs/share/robot_msgs/local_setup.bash\n'}
[0.329331] (robot_msgs) StdoutLine: {'line': b'-- Up-to-date: /home/yanji/robot_screwing/install/robot_msgs/share/robot_msgs/local_setup.sh\n'}
[0.329363] (robot_msgs) StdoutLine: {'line': b'-- Up-to-date: /home/yanji/robot_screwing/install/robot_msgs/share/robot_msgs/local_setup.zsh\n'}
[0.329386] (robot_msgs) StdoutLine: {'line': b'-- Up-to-date: /home/yanji/robot_screwing/install/robot_msgs/share/robot_msgs/local_setup.dsv\n'}
[0.329410] (robot_msgs) StdoutLine: {'line': b'-- Installing: /home/yanji/robot_screwing/install/robot_msgs/share/robot_msgs/package.dsv\n'}
[0.329449] (robot_msgs) StdoutLine: {'line': b'-- Up-to-date: /home/yanji/robot_screwing/install/robot_msgs/share/ament_index/resource_index/packages/robot_msgs\n'}
[0.329473] (robot_msgs) StdoutLine: {'line': b'-- Up-to-date: /home/yanji/robot_screwing/install/robot_msgs/share/robot_msgs/cmake/robot_msgs__rosidl_generator_cExport.cmake\n'}
[0.329504] (robot_msgs) StdoutLine: {'line': b'-- Up-to-date: /home/yanji/robot_screwing/install/robot_msgs/share/robot_msgs/cmake/robot_msgs__rosidl_generator_cExport-noconfig.cmake\n'}
[0.329530] (robot_msgs) StdoutLine: {'line': b'-- Up-to-date: /home/yanji/robot_screwing/install/robot_msgs/share/robot_msgs/cmake/robot_msgs__rosidl_typesupport_introspection_cExport.cmake\n'}
[0.329554] (robot_msgs) StdoutLine: {'line': b'-- Up-to-date: /home/yanji/robot_screwing/install/robot_msgs/share/robot_msgs/cmake/robot_msgs__rosidl_typesupport_introspection_cExport-noconfig.cmake\n'}
[0.329581] (robot_msgs) StdoutLine: {'line': b'-- Up-to-date: /home/yanji/robot_screwing/install/robot_msgs/share/robot_msgs/cmake/robot_msgs__rosidl_typesupport_cExport.cmake\n'}
[0.329623] (robot_msgs) StdoutLine: {'line': b'-- Up-to-date: /home/yanji/robot_screwing/install/robot_msgs/share/robot_msgs/cmake/robot_msgs__rosidl_typesupport_cExport-noconfig.cmake\n'}
[0.329648] (robot_msgs) StdoutLine: {'line': b'-- Up-to-date: /home/yanji/robot_screwing/install/robot_msgs/share/robot_msgs/cmake/robot_msgs__rosidl_generator_cppExport.cmake\n'}
[0.329705] (robot_msgs) StdoutLine: {'line': b'-- Up-to-date: /home/yanji/robot_screwing/install/robot_msgs/share/robot_msgs/cmake/robot_msgs__rosidl_typesupport_introspection_cppExport.cmake\n'}
[0.329732] (robot_msgs) StdoutLine: {'line': b'-- Up-to-date: /home/yanji/robot_screwing/install/robot_msgs/share/robot_msgs/cmake/robot_msgs__rosidl_typesupport_introspection_cppExport-noconfig.cmake\n'}
[0.329760] (robot_msgs) StdoutLine: {'line': b'-- Up-to-date: /home/yanji/robot_screwing/install/robot_msgs/share/robot_msgs/cmake/robot_msgs__rosidl_typesupport_cppExport.cmake\n'}
[0.329786] (robot_msgs) StdoutLine: {'line': b'-- Up-to-date: /home/yanji/robot_screwing/install/robot_msgs/share/robot_msgs/cmake/robot_msgs__rosidl_typesupport_cppExport-noconfig.cmake\n'}
[0.329834] (robot_msgs) StdoutLine: {'line': b'-- Up-to-date: /home/yanji/robot_screwing/install/robot_msgs/share/robot_msgs/cmake/rosidl_cmake-extras.cmake\n'}
[0.329895] (robot_msgs) StdoutLine: {'line': b'-- Up-to-date: /home/yanji/robot_screwing/install/robot_msgs/share/robot_msgs/cmake/ament_cmake_export_dependencies-extras.cmake\n'}
[0.329923] (robot_msgs) StdoutLine: {'line': b'-- Up-to-date: /home/yanji/robot_screwing/install/robot_msgs/share/robot_msgs/cmake/ament_cmake_export_libraries-extras.cmake\n'}
[0.329965] (robot_msgs) StdoutLine: {'line': b'-- Up-to-date: /home/yanji/robot_screwing/install/robot_msgs/share/robot_msgs/cmake/ament_cmake_export_targets-extras.cmake\n'}
[0.329989] (robot_msgs) StdoutLine: {'line': b'-- Up-to-date: /home/yanji/robot_screwing/install/robot_msgs/share/robot_msgs/cmake/ament_cmake_export_include_directories-extras.cmake\n'}
[0.330012] (robot_msgs) StdoutLine: {'line': b'-- Up-to-date: /home/yanji/robot_screwing/install/robot_msgs/share/robot_msgs/cmake/rosidl_cmake_export_typesupport_libraries-extras.cmake\n'}
[0.330034] (robot_msgs) StdoutLine: {'line': b'-- Up-to-date: /home/yanji/robot_screwing/install/robot_msgs/share/robot_msgs/cmake/rosidl_cmake_export_typesupport_targets-extras.cmake\n'}
[0.330057] (robot_msgs) StdoutLine: {'line': b'-- Up-to-date: /home/yanji/robot_screwing/install/robot_msgs/share/robot_msgs/cmake/robot_msgsConfig.cmake\n'}
[0.330080] (robot_msgs) StdoutLine: {'line': b'-- Up-to-date: /home/yanji/robot_screwing/install/robot_msgs/share/robot_msgs/cmake/robot_msgsConfig-version.cmake\n'}
[0.330103] (robot_msgs) StdoutLine: {'line': b'-- Up-to-date: /home/yanji/robot_screwing/install/robot_msgs/share/robot_msgs/package.xml\n'}
[0.331077] (robot_msgs) CommandEnded: {'returncode': 0}
[0.340502] (robot_msgs) JobEnded: {'identifier': 'robot_msgs', 'rc': 0}
[0.340982] (screw_robot_control) JobStarted: {'identifier': 'screw_robot_control'}
[0.344923] (screw_robot_control) JobProgress: {'identifier': 'screw_robot_control', 'progress': 'cmake'}
[0.345180] (screw_robot_control) JobProgress: {'identifier': 'screw_robot_control', 'progress': 'build'}
[0.345381] (screw_robot_control) Command: {'cmd': ['/usr/bin/cmake', '--build', '/home/yanji/robot_screwing/build/screw_robot_control', '--', '-j24', '-l24'], 'cwd': '/home/yanji/robot_screwing/build/screw_robot_control', 'env': OrderedDict([('LESSOPEN', '| /usr/bin/lesspipe %s'), ('LIBRARY_PATH', '/home/yanji/jaka_python:/home/yanji/jaka_python::/usr/local/cuda/lib64:/usr/local/cuda/lib64'), ('CONDA_PROMPT_MODIFIER', '(screwrobot)'), ('HTTPS_PROXY', 'http://127.0.0.1:7890/'), ('no_proxy', 'localhost,127.0.0.0/8,::1'), ('LANGUAGE', 'zh_CN:en'), ('USER', 'yanji'), ('LC_TIME', 'en_US.UTF-8'), ('all_proxy', 'socks://127.0.0.1:7891/'), ('SSH_AGENT_PID', '2001'), ('XDG_SESSION_TYPE', 'x11'), ('GIT_ASKPASS', '/usr/share/code/resources/app/extensions/git/dist/askpass.sh'), ('SHLVL', '2'), ('LD_LIBRARY_PATH', '/home/yanji/robot_screwing/install/robot_msgs/lib:/lib/x86_64-linux-gnu:/usr/lib/x86_64-linux-gnu:/home/yanji/robot_screwing/install/screw_robot_control/lib:/opt/ros/foxy/opt/yaml_cpp_vendor/lib:/opt/ros/foxy/opt/rviz_ogre_vendor/lib:/opt/ros/foxy/lib/x86_64-linux-gnu:/opt/ros/foxy/lib:/lib/x86_64-linux-gnu:/usr/lib/x86_64-linux-gnu:/usr/local/cuda/lib64:/usr/local/cuda/lib64'), ('HOME', '/home/yanji'), ('CHROME_DESKTOP', 'code.desktop'), ('CONDA_SHLVL', '1'), ('TERM_PROGRAM_VERSION', '1.97.2'), ('DESKTOP_SESSION', 'ubuntu'), ('NO_PROXY', 'localhost,127.0.0.0/8,::1'), ('ROS_PYTHON_VERSION', '3'), ('GNOME_SHELL_SESSION_MODE', 'ubuntu'), ('GTK_MODULES', 'gail:atk-bridge'), ('XDG_SEAT_PATH', '/org/freedesktop/DisplayManager/Seat0'), ('VSCODE_GIT_ASKPASS_MAIN', '/usr/share/code/resources/app/extensions/git/dist/askpass-main.js'), ('PS1', '\\[\x1b]633;A\x07\\](screwrobot) \\[\\e]0;\\u@\\h: \\w\\a\\]${debian_chroot:+($debian_chroot)}\\[\\033[01;32m\\]\\u@\\h\\[\\033[00m\\]:\\[\\033[01;34m\\]\\w\\[\\033[00m\\]\\$ \\[\x1b]633;B\x07\\]'), ('LC_MONETARY', 'en_US.UTF-8'), ('VSCODE_GIT_ASKPASS_NODE', '/usr/share/code/code'), ('MANAGERPID', '1913'), ('PYDEVD_DISABLE_FILE_VALIDATION', '1'), ('BUNDLED_DEBUGPY_PATH', '/home/yanji/.vscode/extensions/ms-python.debugpy-2025.8.0-linux-x64/bundled/libs/debugpy'), ('DBUS_SESSION_BUS_ADDRESS', 'unix:path=/run/user/1000/bus'), ('COLORTERM', 'truecolor'), ('_CE_M', ''), ('IM_CONFIG_PHASE', '1'), ('https_proxy', 'http://127.0.0.1:7890/'), ('COLCON_PREFIX_PATH', '/home/yanji/robot_screwing/install'), ('ROS_DISTRO', 'foxy'), ('LOGNAME', 'yanji'), ('CONDA_ROOT', '/home/yanji/anaconda3'), ('ALL_PROXY', 'socks://127.0.0.1:7891/'), ('http_proxy', 'http://127.0.0.1:7890/'), ('JOURNAL_STREAM', '8:55105'), ('_', '/usr/bin/colcon'), ('ROS_VERSION', '2'), ('XDG_SESSION_CLASS', 'user'), ('TERM', 'xterm-256color'), ('GNOME_DESKTOP_SESSION_ID', 'this-is-deprecated'), ('_CE_CONDA', ''), ('ROS_LOCALHOST_ONLY', '0'), ('PATH', '/home/yanji/anaconda3/envs/screwrobot/bin:/opt/ros/foxy/bin:/usr/lib/ccache:/home/yanji/anaconda3/condabin:/home/yanji/.local/bin:/usr/local/sbin:/usr/local/bin:/usr/sbin:/usr/bin:/sbin:/bin:/usr/games:/usr/local/games:/snap/bin:/usr/local/cuda/bin:/home/yanji/pycharm/bin:/opt/ros/foxy/bin:/usr/lib/ccache:/home/yanji/anaconda3/envs/screwrobot/bin:/usr/lib/ccache:/home/yanji/anaconda3/condabin:/home/yanji/.local/bin:/usr/local/sbin:/usr/local/bin:/usr/sbin:/usr/bin:/sbin:/bin:/usr/games:/usr/local/games:/snap/bin:/usr/local/cuda/bin:/home/yanji/pycharm/bin:/home/yanji/anaconda3/envs/screwrobot/bin:/usr/lib/ccache:/home/yanji/anaconda3/condabin:/home/yanji/.local/bin:/usr/local/sbin:/usr/local/bin:/usr/sbin:/usr/bin:/sbin:/bin:/usr/games:/usr/local/games:/snap/bin:/usr/local/cuda/bin:/home/yanji/pycharm/bin/:/usr/local/cuda/bin:/home/yanji/pycharm/bin/'), ('SESSION_MANAGER', 'local/yanji-server:@/tmp/.ICE-unix/2037,unix/yanji-server:/tmp/.ICE-unix/2037'), ('GDM_LANG', 'zh_CN'), ('INVOCATION_ID', 'f74828f496264434998967c741588413'), ('PAPERSIZE', 'letter'), ('XDG_SESSION_PATH', '/org/freedesktop/DisplayManager/Session0'), ('XDG_MENU_PREFIX', 'gnome-'), ('LC_ADDRESS', 'en_US.UTF-8'), ('GNOME_TERMINAL_SCREEN', '/org/gnome/Terminal/screen/337b567d_41aa_4403_9182_7d1dab657401'), ('XDG_RUNTIME_DIR', '/run/user/1000'), ('GDK_BACKEND', 'x11'), ('DISPLAY', ':0'), ('VSCODE_DEBUGPY_ADAPTER_ENDPOINTS', '/home/yanji/.vscode/extensions/ms-python.debugpy-2025.8.0-linux-x64/.noConfigDebugAdapterEndpoints/endpoint-35e173d817dea6ca.txt'), ('LANG', 'zh_CN.UTF-8'), ('XDG_CURRENT_DESKTOP', 'Unity'), ('LC_TELEPHONE', 'en_US.UTF-8'), ('XMODIFIERS', '@im=ibus'), ('XDG_SESSION_DESKTOP', 'ubuntu'), ('XAUTHORITY', '/home/yanji/.Xauthority'), ('LS_COLORS', 'rs=0:di=01;34:ln=01;36:mh=00:pi=40;33:so=01;35:do=01;35:bd=40;33;01:cd=40;33;01:or=40;31;01:mi=00:su=37;41:sg=30;43:ca=30;41:tw=30;42:ow=34;42:st=37;44:ex=01;32:*.tar=01;31:*.tgz=01;31:*.arc=01;31:*.arj=01;31:*.taz=01;31:*.lha=01;31:*.lz4=01;31:*.lzh=01;31:*.lzma=01;31:*.tlz=01;31:*.txz=01;31:*.tzo=01;31:*.t7z=01;31:*.zip=01;31:*.z=01;31:*.dz=01;31:*.gz=01;31:*.lrz=01;31:*.lz=01;31:*.lzo=01;31:*.xz=01;31:*.zst=01;31:*.tzst=01;31:*.bz2=01;31:*.bz=01;31:*.tbz=01;31:*.tbz2=01;31:*.tz=01;31:*.deb=01;31:*.rpm=01;31:*.jar=01;31:*.war=01;31:*.ear=01;31:*.sar=01;31:*.rar=01;31:*.alz=01;31:*.ace=01;31:*.zoo=01;31:*.cpio=01;31:*.7z=01;31:*.rz=01;31:*.cab=01;31:*.wim=01;31:*.swm=01;31:*.dwm=01;31:*.esd=01;31:*.jpg=01;35:*.jpeg=01;35:*.mjpg=01;35:*.mjpeg=01;35:*.gif=01;35:*.bmp=01;35:*.pbm=01;35:*.pgm=01;35:*.ppm=01;35:*.tga=01;35:*.xbm=01;35:*.xpm=01;35:*.tif=01;35:*.tiff=01;35:*.png=01;35:*.svg=01;35:*.svgz=01;35:*.mng=01;35:*.pcx=01;35:*.mov=01;35:*.mpg=01;35:*.mpeg=01;35:*.m2v=01;35:*.mkv=01;35:*.webm=01;35:*.ogm=01;35:*.mp4=01;35:*.m4v=01;35:*.mp4v=01;35:*.vob=01;35:*.qt=01;35:*.nuv=01;35:*.wmv=01;35:*.asf=01;35:*.rm=01;35:*.rmvb=01;35:*.flc=01;35:*.avi=01;35:*.fli=01;35:*.flv=01;35:*.gl=01;35:*.dl=01;35:*.xcf=01;35:*.xwd=01;35:*.yuv=01;35:*.cgm=01;35:*.emf=01;35:*.ogv=01;35:*.ogx=01;35:*.aac=00;36:*.au=00;36:*.flac=00;36:*.m4a=00;36:*.mid=00;36:*.midi=00;36:*.mka=00;36:*.mp3=00;36:*.mpc=00;36:*.ogg=00;36:*.ra=00;36:*.wav=00;36:*.oga=00;36:*.opus=00;36:*.spx=00;36:*.xspf=00;36:'), ('VSCODE_GIT_IPC_HANDLE', '/run/user/1000/vscode-git-51992ed709.sock'), ('GNOME_TERMINAL_SERVICE', ':1.82'), ('TERM_PROGRAM', 'vscode'), ('SSH_AUTH_SOCK', '/run/user/1000/keyring/ssh'), ('XDG_GREETER_DATA_DIR', '/var/lib/lightdm-data/yanji'), ('AMENT_PREFIX_PATH', '/home/yanji/robot_screwing/install/screw_robot_control:/home/yanji/robot_screwing/install/robot_msgs:/home/yanji/robot_screwing/install/real_robot:/home/yanji/robot_screwing/install/mj_sim:/opt/ros/foxy'), ('CONDA_PYTHON_EXE', '/home/yanji/anaconda3/bin/python'), ('ORIGINAL_XDG_CURRENT_DESKTOP', 'ubuntu:GNOME'), ('SHELL', '/bin/bash'), ('LC_NAME', 'en_US.UTF-8'), ('QT_ACCESSIBILITY', '1'), ('GDMSESSION', 'ubuntu'), ('LESSCLOSE', '/usr/bin/lesspipe %s %s'), ('CONDA_DEFAULT_ENV', 'screwrobot'), ('LC_MEASUREMENT', 'en_US.UTF-8'), ('GPG_AGENT_INFO', '/run/user/1000/gnupg/S.gpg-agent:0:1'), ('LC_IDENTIFICATION', 'en_US.UTF-8'), ('VSCODE_GIT_ASKPASS_EXTRA_ARGS', ''), ('QT_IM_MODULE', 'ibus'), ('PWD', '/home/yanji/robot_screwing/build/screw_robot_control'), ('LC_ALL', 'en_US.UTF-8'), ('XDG_CONFIG_DIRS', '/etc/xdg/xdg-ubuntu:/etc/xdg'), ('CONDA_EXE', '/home/yanji/anaconda3/bin/conda'), ('XDG_DATA_DIRS', '/usr/share/ubuntu:/home/yanji/.local/share/flatpak/exports/share:/var/lib/flatpak/exports/share:/usr/local/share:/usr/share:/var/lib/snapd/desktop'), ('PYTHONPATH', '/home/yanji/robot_screwing/install/robot_msgs/lib/python3.8/site-packages:/home/yanji/robot_screwing/install/real_robot/lib/python3.8/site-packages:/home/yanji/robot_screwing/install/mj_sim/lib/python3.8/site-packages:/opt/ros/foxy/lib/python3.8/site-packages'), ('HTTP_PROXY', 'http://127.0.0.1:7890/'), ('LC_NUMERIC', 'en_US.UTF-8'), ('CONDA_PREFIX', '/home/yanji/anaconda3/envs/screwrobot'), ('LC_PAPER', 'en_US.UTF-8'), ('COLCON', '1'), ('VTE_VERSION', '6003'), ('CMAKE_PREFIX_PATH', '/home/yanji/robot_screwing/install/robot_msgs:/home/yanji/robot_screwing/install/screw_robot_control:/home/yanji/robot_screwing/install/real_robot:/home/yanji/robot_screwing/install/mj_sim:/opt/ros/foxy')]), 'shell': False}
[0.370565] (screw_robot_control) StdoutLine: {'line': b'[ 25%] Built target SERVO_MOTOR\n'}
[0.384413] (screw_robot_control) StdoutLine: {'line': b'[ 50%] Built target SCREWING_TOOL\n'}
[0.399079] (screw_robot_control) StdoutLine: {'line': b'[ 75%] Built target task_control_screw\n'}
[0.400306] (-) TimerEvent: {}
[0.401708] (screw_robot_control) StdoutLine: {'line': b'[100%] Built target right_arm_control\n'}
[0.406320] (screw_robot_control) CommandEnded: {'returncode': 0}
[0.406693] (screw_robot_control) JobProgress: {'identifier': 'screw_robot_control', 'progress': 'install'}
[0.406804] (screw_robot_control) Command: {'cmd': ['/usr/bin/cmake', '--install', '/home/yanji/robot_screwing/build/screw_robot_control'], 'cwd': '/home/yanji/robot_screwing/build/screw_robot_control', 'env': OrderedDict([('LESSOPEN', '| /usr/bin/lesspipe %s'), ('LIBRARY_PATH', '/home/yanji/jaka_python:/home/yanji/jaka_python::/usr/local/cuda/lib64:/usr/local/cuda/lib64'), ('CONDA_PROMPT_MODIFIER', '(screwrobot)'), ('HTTPS_PROXY', 'http://127.0.0.1:7890/'), ('no_proxy', 'localhost,127.0.0.0/8,::1'), ('LANGUAGE', 'zh_CN:en'), ('USER', 'yanji'), ('LC_TIME', 'en_US.UTF-8'), ('all_proxy', 'socks://127.0.0.1:7891/'), ('SSH_AGENT_PID', '2001'), ('XDG_SESSION_TYPE', 'x11'), ('GIT_ASKPASS', '/usr/share/code/resources/app/extensions/git/dist/askpass.sh'), ('SHLVL', '2'), ('LD_LIBRARY_PATH', '/home/yanji/robot_screwing/install/robot_msgs/lib:/lib/x86_64-linux-gnu:/usr/lib/x86_64-linux-gnu:/home/yanji/robot_screwing/install/screw_robot_control/lib:/opt/ros/foxy/opt/yaml_cpp_vendor/lib:/opt/ros/foxy/opt/rviz_ogre_vendor/lib:/opt/ros/foxy/lib/x86_64-linux-gnu:/opt/ros/foxy/lib:/lib/x86_64-linux-gnu:/usr/lib/x86_64-linux-gnu:/usr/local/cuda/lib64:/usr/local/cuda/lib64'), ('HOME', '/home/yanji'), ('CHROME_DESKTOP', 'code.desktop'), ('CONDA_SHLVL', '1'), ('TERM_PROGRAM_VERSION', '1.97.2'), ('DESKTOP_SESSION', 'ubuntu'), ('NO_PROXY', 'localhost,127.0.0.0/8,::1'), ('ROS_PYTHON_VERSION', '3'), ('GNOME_SHELL_SESSION_MODE', 'ubuntu'), ('GTK_MODULES', 'gail:atk-bridge'), ('XDG_SEAT_PATH', '/org/freedesktop/DisplayManager/Seat0'), ('VSCODE_GIT_ASKPASS_MAIN', '/usr/share/code/resources/app/extensions/git/dist/askpass-main.js'), ('PS1', '\\[\x1b]633;A\x07\\](screwrobot) \\[\\e]0;\\u@\\h: \\w\\a\\]${debian_chroot:+($debian_chroot)}\\[\\033[01;32m\\]\\u@\\h\\[\\033[00m\\]:\\[\\033[01;34m\\]\\w\\[\\033[00m\\]\\$ \\[\x1b]633;B\x07\\]'), ('LC_MONETARY', 'en_US.UTF-8'), ('VSCODE_GIT_ASKPASS_NODE', '/usr/share/code/code'), ('MANAGERPID', '1913'), ('PYDEVD_DISABLE_FILE_VALIDATION', '1'), ('BUNDLED_DEBUGPY_PATH', '/home/yanji/.vscode/extensions/ms-python.debugpy-2025.8.0-linux-x64/bundled/libs/debugpy'), ('DBUS_SESSION_BUS_ADDRESS', 'unix:path=/run/user/1000/bus'), ('COLORTERM', 'truecolor'), ('_CE_M', ''), ('IM_CONFIG_PHASE', '1'), ('https_proxy', 'http://127.0.0.1:7890/'), ('COLCON_PREFIX_PATH', '/home/yanji/robot_screwing/install'), ('ROS_DISTRO', 'foxy'), ('LOGNAME', 'yanji'), ('CONDA_ROOT', '/home/yanji/anaconda3'), ('ALL_PROXY', 'socks://127.0.0.1:7891/'), ('http_proxy', 'http://127.0.0.1:7890/'), ('JOURNAL_STREAM', '8:55105'), ('_', '/usr/bin/colcon'), ('ROS_VERSION', '2'), ('XDG_SESSION_CLASS', 'user'), ('TERM', 'xterm-256color'), ('GNOME_DESKTOP_SESSION_ID', 'this-is-deprecated'), ('_CE_CONDA', ''), ('ROS_LOCALHOST_ONLY', '0'), ('PATH', '/home/yanji/anaconda3/envs/screwrobot/bin:/opt/ros/foxy/bin:/usr/lib/ccache:/home/yanji/anaconda3/condabin:/home/yanji/.local/bin:/usr/local/sbin:/usr/local/bin:/usr/sbin:/usr/bin:/sbin:/bin:/usr/games:/usr/local/games:/snap/bin:/usr/local/cuda/bin:/home/yanji/pycharm/bin:/opt/ros/foxy/bin:/usr/lib/ccache:/home/yanji/anaconda3/envs/screwrobot/bin:/usr/lib/ccache:/home/yanji/anaconda3/condabin:/home/yanji/.local/bin:/usr/local/sbin:/usr/local/bin:/usr/sbin:/usr/bin:/sbin:/bin:/usr/games:/usr/local/games:/snap/bin:/usr/local/cuda/bin:/home/yanji/pycharm/bin:/home/yanji/anaconda3/envs/screwrobot/bin:/usr/lib/ccache:/home/yanji/anaconda3/condabin:/home/yanji/.local/bin:/usr/local/sbin:/usr/local/bin:/usr/sbin:/usr/bin:/sbin:/bin:/usr/games:/usr/local/games:/snap/bin:/usr/local/cuda/bin:/home/yanji/pycharm/bin/:/usr/local/cuda/bin:/home/yanji/pycharm/bin/'), ('SESSION_MANAGER', 'local/yanji-server:@/tmp/.ICE-unix/2037,unix/yanji-server:/tmp/.ICE-unix/2037'), ('GDM_LANG', 'zh_CN'), ('INVOCATION_ID', 'f74828f496264434998967c741588413'), ('PAPERSIZE', 'letter'), ('XDG_SESSION_PATH', '/org/freedesktop/DisplayManager/Session0'), ('XDG_MENU_PREFIX', 'gnome-'), ('LC_ADDRESS', 'en_US.UTF-8'), ('GNOME_TERMINAL_SCREEN', '/org/gnome/Terminal/screen/337b567d_41aa_4403_9182_7d1dab657401'), ('XDG_RUNTIME_DIR', '/run/user/1000'), ('GDK_BACKEND', 'x11'), ('DISPLAY', ':0'), ('VSCODE_DEBUGPY_ADAPTER_ENDPOINTS', '/home/yanji/.vscode/extensions/ms-python.debugpy-2025.8.0-linux-x64/.noConfigDebugAdapterEndpoints/endpoint-35e173d817dea6ca.txt'), ('LANG', 'zh_CN.UTF-8'), ('XDG_CURRENT_DESKTOP', 'Unity'), ('LC_TELEPHONE', 'en_US.UTF-8'), ('XMODIFIERS', '@im=ibus'), ('XDG_SESSION_DESKTOP', 'ubuntu'), ('XAUTHORITY', '/home/yanji/.Xauthority'), ('LS_COLORS', 'rs=0:di=01;34:ln=01;36:mh=00:pi=40;33:so=01;35:do=01;35:bd=40;33;01:cd=40;33;01:or=40;31;01:mi=00:su=37;41:sg=30;43:ca=30;41:tw=30;42:ow=34;42:st=37;44:ex=01;32:*.tar=01;31:*.tgz=01;31:*.arc=01;31:*.arj=01;31:*.taz=01;31:*.lha=01;31:*.lz4=01;31:*.lzh=01;31:*.lzma=01;31:*.tlz=01;31:*.txz=01;31:*.tzo=01;31:*.t7z=01;31:*.zip=01;31:*.z=01;31:*.dz=01;31:*.gz=01;31:*.lrz=01;31:*.lz=01;31:*.lzo=01;31:*.xz=01;31:*.zst=01;31:*.tzst=01;31:*.bz2=01;31:*.bz=01;31:*.tbz=01;31:*.tbz2=01;31:*.tz=01;31:*.deb=01;31:*.rpm=01;31:*.jar=01;31:*.war=01;31:*.ear=01;31:*.sar=01;31:*.rar=01;31:*.alz=01;31:*.ace=01;31:*.zoo=01;31:*.cpio=01;31:*.7z=01;31:*.rz=01;31:*.cab=01;31:*.wim=01;31:*.swm=01;31:*.dwm=01;31:*.esd=01;31:*.jpg=01;35:*.jpeg=01;35:*.mjpg=01;35:*.mjpeg=01;35:*.gif=01;35:*.bmp=01;35:*.pbm=01;35:*.pgm=01;35:*.ppm=01;35:*.tga=01;35:*.xbm=01;35:*.xpm=01;35:*.tif=01;35:*.tiff=01;35:*.png=01;35:*.svg=01;35:*.svgz=01;35:*.mng=01;35:*.pcx=01;35:*.mov=01;35:*.mpg=01;35:*.mpeg=01;35:*.m2v=01;35:*.mkv=01;35:*.webm=01;35:*.ogm=01;35:*.mp4=01;35:*.m4v=01;35:*.mp4v=01;35:*.vob=01;35:*.qt=01;35:*.nuv=01;35:*.wmv=01;35:*.asf=01;35:*.rm=01;35:*.rmvb=01;35:*.flc=01;35:*.avi=01;35:*.fli=01;35:*.flv=01;35:*.gl=01;35:*.dl=01;35:*.xcf=01;35:*.xwd=01;35:*.yuv=01;35:*.cgm=01;35:*.emf=01;35:*.ogv=01;35:*.ogx=01;35:*.aac=00;36:*.au=00;36:*.flac=00;36:*.m4a=00;36:*.mid=00;36:*.midi=00;36:*.mka=00;36:*.mp3=00;36:*.mpc=00;36:*.ogg=00;36:*.ra=00;36:*.wav=00;36:*.oga=00;36:*.opus=00;36:*.spx=00;36:*.xspf=00;36:'), ('VSCODE_GIT_IPC_HANDLE', '/run/user/1000/vscode-git-51992ed709.sock'), ('GNOME_TERMINAL_SERVICE', ':1.82'), ('TERM_PROGRAM', 'vscode'), ('SSH_AUTH_SOCK', '/run/user/1000/keyring/ssh'), ('XDG_GREETER_DATA_DIR', '/var/lib/lightdm-data/yanji'), ('AMENT_PREFIX_PATH', '/home/yanji/robot_screwing/install/screw_robot_control:/home/yanji/robot_screwing/install/robot_msgs:/home/yanji/robot_screwing/install/real_robot:/home/yanji/robot_screwing/install/mj_sim:/opt/ros/foxy'), ('CONDA_PYTHON_EXE', '/home/yanji/anaconda3/bin/python'), ('ORIGINAL_XDG_CURRENT_DESKTOP', 'ubuntu:GNOME'), ('SHELL', '/bin/bash'), ('LC_NAME', 'en_US.UTF-8'), ('QT_ACCESSIBILITY', '1'), ('GDMSESSION', 'ubuntu'), ('LESSCLOSE', '/usr/bin/lesspipe %s %s'), ('CONDA_DEFAULT_ENV', 'screwrobot'), ('LC_MEASUREMENT', 'en_US.UTF-8'), ('GPG_AGENT_INFO', '/run/user/1000/gnupg/S.gpg-agent:0:1'), ('LC_IDENTIFICATION', 'en_US.UTF-8'), ('VSCODE_GIT_ASKPASS_EXTRA_ARGS', ''), ('QT_IM_MODULE', 'ibus'), ('PWD', '/home/yanji/robot_screwing/build/screw_robot_control'), ('LC_ALL', 'en_US.UTF-8'), ('XDG_CONFIG_DIRS', '/etc/xdg/xdg-ubuntu:/etc/xdg'), ('CONDA_EXE', '/home/yanji/anaconda3/bin/conda'), ('XDG_DATA_DIRS', '/usr/share/ubuntu:/home/yanji/.local/share/flatpak/exports/share:/var/lib/flatpak/exports/share:/usr/local/share:/usr/share:/var/lib/snapd/desktop'), ('PYTHONPATH', '/home/yanji/robot_screwing/install/robot_msgs/lib/python3.8/site-packages:/home/yanji/robot_screwing/install/real_robot/lib/python3.8/site-packages:/home/yanji/robot_screwing/install/mj_sim/lib/python3.8/site-packages:/opt/ros/foxy/lib/python3.8/site-packages'), ('HTTP_PROXY', 'http://127.0.0.1:7890/'), ('LC_NUMERIC', 'en_US.UTF-8'), ('CONDA_PREFIX', '/home/yanji/anaconda3/envs/screwrobot'), ('LC_PAPER', 'en_US.UTF-8'), ('COLCON', '1'), ('VTE_VERSION', '6003'), ('CMAKE_PREFIX_PATH', '/home/yanji/robot_screwing/install/robot_msgs:/home/yanji/robot_screwing/install/screw_robot_control:/home/yanji/robot_screwing/install/real_robot:/home/yanji/robot_screwing/install/mj_sim:/opt/ros/foxy')]), 'shell': False}
[0.411392] (screw_robot_control) StdoutLine: {'line': b'-- Install configuration: ""\n'}
[0.411532] (screw_robot_control) StdoutLine: {'line': b'-- Up-to-date: /home/yanji/robot_screwing/install/screw_robot_control/lib/libSERVO_MOTOR.so\n'}
[0.411610] (screw_robot_control) StdoutLine: {'line': b'-- Up-to-date: /home/yanji/robot_screwing/install/screw_robot_control/lib/libSCREWING_TOOL.so\n'}
[0.411762] (screw_robot_control) StdoutLine: {'line': b'-- Up-to-date: /home/yanji/robot_screwing/install/screw_robot_control/lib/screw_robot_control/right_arm_control\n'}
[0.411896] (screw_robot_control) StdoutLine: {'line': b'-- Up-to-date: /home/yanji/robot_screwing/install/screw_robot_control/lib/screw_robot_control/task_control_screw\n'}
[0.411997] (screw_robot_control) StdoutLine: {'line': b'-- Up-to-date: /home/yanji/robot_screwing/install/screw_robot_control/lib/libjakaAPI.so\n'}
[0.412031] (screw_robot_control) StdoutLine: {'line': b'-- Up-to-date: /home/yanji/robot_screwing/install/screw_robot_control/lib/libdxl_x64_cpp.so\n'}
[0.412079] (screw_robot_control) StdoutLine: {'line': b'-- Up-to-date: /home/yanji/robot_screwing/install/screw_robot_control/include\n'}
[0.412145] (screw_robot_control) StdoutLine: {'line': b'-- Up-to-date: /home/yanji/robot_screwing/install/screw_robot_control/include/screw_robot_control\n'}
[0.412172] (screw_robot_control) StdoutLine: {'line': b'-- Up-to-date: /home/yanji/robot_screwing/install/screw_robot_control/include/screw_robot_control/dynamixel\n'}
[0.412199] (screw_robot_control) StdoutLine: {'line': b'-- Up-to-date: /home/yanji/robot_screwing/install/screw_robot_control/include/screw_robot_control/dynamixel/dynamixel_sdk.h\n'}
[0.412226] (screw_robot_control) StdoutLine: {'line': b'-- Up-to-date: /home/yanji/robot_screwing/install/screw_robot_control/include/screw_robot_control/dynamixel/port_handler.h\n'}
[0.412252] (screw_robot_control) StdoutLine: {'line': b'-- Up-to-date: /home/yanji/robot_screwing/install/screw_robot_control/include/screw_robot_control/dynamixel/packet_handler.h\n'}
[0.412305] (screw_robot_control) StdoutLine: {'line': b'-- Up-to-date: /home/yanji/robot_screwing/install/screw_robot_control/include/screw_robot_control/dynamixel/group_bulk_read.h\n'}
[0.412362] (screw_robot_control) StdoutLine: {'line': b'-- Up-to-date: /home/yanji/robot_screwing/install/screw_robot_control/include/screw_robot_control/dynamixel/protocol1_packet_handler.h\n'}
[0.412417] (screw_robot_control) StdoutLine: {'line': b'-- Up-to-date: /home/yanji/robot_screwing/install/screw_robot_control/include/screw_robot_control/dynamixel/port_handler_arduino.h\n'}
[0.412444] (screw_robot_control) StdoutLine: {'line': b'-- Up-to-date: /home/yanji/robot_screwing/install/screw_robot_control/include/screw_robot_control/dynamixel/group_sync_write.h\n'}
[0.412470] (screw_robot_control) StdoutLine: {'line': b'-- Up-to-date: /home/yanji/robot_screwing/install/screw_robot_control/include/screw_robot_control/dynamixel/port_handler_linux.h\n'}
[0.412496] (screw_robot_control) StdoutLine: {'line': b'-- Up-to-date: /home/yanji/robot_screwing/install/screw_robot_control/include/screw_robot_control/dynamixel/port_handler_windows.h\n'}
[0.412522] (screw_robot_control) StdoutLine: {'line': b'-- Up-to-date: /home/yanji/robot_screwing/install/screw_robot_control/include/screw_robot_control/dynamixel/protocol2_packet_handler.h\n'}
[0.412548] (screw_robot_control) StdoutLine: {'line': b'-- Up-to-date: /home/yanji/robot_screwing/install/screw_robot_control/include/screw_robot_control/dynamixel/port_handler_mac.h\n'}
[0.412573] (screw_robot_control) StdoutLine: {'line': b'-- Up-to-date: /home/yanji/robot_screwing/install/screw_robot_control/include/screw_robot_control/dynamixel/group_sync_read.h\n'}
[0.412598] (screw_robot_control) StdoutLine: {'line': b'-- Up-to-date: /home/yanji/robot_screwing/install/screw_robot_control/include/screw_robot_control/dynamixel/group_bulk_write.h\n'}
[0.412623] (screw_robot_control) StdoutLine: {'line': b'-- Up-to-date: /home/yanji/robot_screwing/install/screw_robot_control/include/screw_robot_control/jaka\n'}
[0.412649] (screw_robot_control) StdoutLine: {'line': b'-- Up-to-date: /home/yanji/robot_screwing/install/screw_robot_control/include/screw_robot_control/jaka/right_arm_control.hpp\n'}
[0.412675] (screw_robot_control) StdoutLine: {'line': b'-- Up-to-date: /home/yanji/robot_screwing/install/screw_robot_control/include/screw_robot_control/jaka/servo_motor_function.hpp\n'}
[0.412699] (screw_robot_control) StdoutLine: {'line': b'-- Up-to-date: /home/yanji/robot_screwing/install/screw_robot_control/include/screw_robot_control/jaka/JAKAZuRobot.h\n'}
[0.412724] (screw_robot_control) StdoutLine: {'line': b'-- Up-to-date: /home/yanji/robot_screwing/install/screw_robot_control/include/screw_robot_control/jaka/jktypes.h\n'}
[0.412748] (screw_robot_control) StdoutLine: {'line': b'-- Up-to-date: /home/yanji/robot_screwing/install/screw_robot_control/include/screw_robot_control/jaka/task_control_screw.hpp\n'}
[0.412773] (screw_robot_control) StdoutLine: {'line': b'-- Up-to-date: /home/yanji/robot_screwing/install/screw_robot_control/include/screw_robot_control/jaka/jkerr.h\n'}
[0.412797] (screw_robot_control) StdoutLine: {'line': b'-- Up-to-date: /home/yanji/robot_screwing/install/screw_robot_control/include/screw_robot_control/jaka/screwing_tool.hpp\n'}
[0.412822] (screw_robot_control) StdoutLine: {'line': b'-- Up-to-date: /home/yanji/robot_screwing/install/screw_robot_control/share/screw_robot_control/launch\n'}
[0.412867] (screw_robot_control) StdoutLine: {'line': b'-- Up-to-date: /home/yanji/robot_screwing/install/screw_robot_control/share/screw_robot_control/launch/right_arm_control.launch.py\n'}
[0.412895] (screw_robot_control) StdoutLine: {'line': b'-- Up-to-date: /home/yanji/robot_screwing/install/screw_robot_control/share/ament_index/resource_index/package_run_dependencies/screw_robot_control\n'}
[0.412921] (screw_robot_control) StdoutLine: {'line': b'-- Up-to-date: /home/yanji/robot_screwing/install/screw_robot_control/share/ament_index/resource_index/parent_prefix_path/screw_robot_control\n'}
[0.412972] (screw_robot_control) StdoutLine: {'line': b'-- Up-to-date: /home/yanji/robot_screwing/install/screw_robot_control/share/screw_robot_control/environment/ament_prefix_path.sh\n'}
[0.412996] (screw_robot_control) StdoutLine: {'line': b'-- Up-to-date: /home/yanji/robot_screwing/install/screw_robot_control/share/screw_robot_control/environment/ament_prefix_path.dsv\n'}
[0.413018] (screw_robot_control) StdoutLine: {'line': b'-- Up-to-date: /home/yanji/robot_screwing/install/screw_robot_control/share/screw_robot_control/environment/path.sh\n'}
[0.413042] (screw_robot_control) StdoutLine: {'line': b'-- Up-to-date: /home/yanji/robot_screwing/install/screw_robot_control/share/screw_robot_control/environment/path.dsv\n'}
[0.413064] (screw_robot_control) StdoutLine: {'line': b'-- Up-to-date: /home/yanji/robot_screwing/install/screw_robot_control/share/screw_robot_control/local_setup.bash\n'}
[0.413117] (screw_robot_control) StdoutLine: {'line': b'-- Up-to-date: /home/yanji/robot_screwing/install/screw_robot_control/share/screw_robot_control/local_setup.sh\n'}
[0.413144] (screw_robot_control) StdoutLine: {'line': b'-- Up-to-date: /home/yanji/robot_screwing/install/screw_robot_control/share/screw_robot_control/local_setup.zsh\n'}
[0.413170] (screw_robot_control) StdoutLine: {'line': b'-- Up-to-date: /home/yanji/robot_screwing/install/screw_robot_control/share/screw_robot_control/local_setup.dsv\n'}
[0.413196] (screw_robot_control) StdoutLine: {'line': b'-- Installing: /home/yanji/robot_screwing/install/screw_robot_control/share/screw_robot_control/package.dsv\n'}
[0.413222] (screw_robot_control) StdoutLine: {'line': b'-- Up-to-date: /home/yanji/robot_screwing/install/screw_robot_control/share/ament_index/resource_index/packages/screw_robot_control\n'}
[0.413280] (screw_robot_control) StdoutLine: {'line': b'-- Up-to-date: /home/yanji/robot_screwing/install/screw_robot_control/share/screw_robot_control/cmake/screw_robot_controlConfig.cmake\n'}
[0.413307] (screw_robot_control) StdoutLine: {'line': b'-- Up-to-date: /home/yanji/robot_screwing/install/screw_robot_control/share/screw_robot_control/cmake/screw_robot_controlConfig-version.cmake\n'}
[0.413333] (screw_robot_control) StdoutLine: {'line': b'-- Up-to-date: /home/yanji/robot_screwing/install/screw_robot_control/share/screw_robot_control/package.xml\n'}
[0.413748] (screw_robot_control) CommandEnded: {'returncode': 0}
[0.420333] (screw_robot_control) JobEnded: {'identifier': 'screw_robot_control', 'rc': 0}
[0.500393] (-) TimerEvent: {}
[0.505761] (mj_sim) Command: {'cmd': ['/usr/bin/python3', '-W', 'ignore:setup.py install is deprecated', '-W', 'ignore:easy_install command is deprecated', 'setup.py', 'egg_info', '--egg-base', '../../build/mj_sim', 'build', '--build-base', '/home/yanji/robot_screwing/build/mj_sim/build', 'install', '--record', '/home/yanji/robot_screwing/build/mj_sim/install.log', '--install-scripts', '$base/lib/mj_sim', '--single-version-externally-managed', 'install_data'], 'cwd': '/home/yanji/robot_screwing/src/mj_sim', 'env': {'LESSOPEN': '| /usr/bin/lesspipe %s', 'LIBRARY_PATH': '/home/yanji/jaka_python:/home/yanji/jaka_python::/usr/local/cuda/lib64:/usr/local/cuda/lib64', 'CONDA_PROMPT_MODIFIER': '(screwrobot)', 'HTTPS_PROXY': 'http://127.0.0.1:7890/', 'no_proxy': 'localhost,127.0.0.0/8,::1', 'LANGUAGE': 'zh_CN:en', 'USER': 'yanji', 'LC_TIME': 'en_US.UTF-8', 'all_proxy': 'socks://127.0.0.1:7891/', 'SSH_AGENT_PID': '2001', 'XDG_SESSION_TYPE': 'x11', 'GIT_ASKPASS': '/usr/share/code/resources/app/extensions/git/dist/askpass.sh', 'SHLVL': '2', 'LD_LIBRARY_PATH': '/lib/x86_64-linux-gnu:/usr/lib/x86_64-linux-gnu:/home/yanji/robot_screwing/install/screw_robot_control/lib:/home/yanji/robot_screwing/install/robot_msgs/lib:/opt/ros/foxy/opt/yaml_cpp_vendor/lib:/opt/ros/foxy/opt/rviz_ogre_vendor/lib:/opt/ros/foxy/lib/x86_64-linux-gnu:/opt/ros/foxy/lib:/lib/x86_64-linux-gnu:/usr/lib/x86_64-linux-gnu::/usr/local/cuda/lib64:/usr/local/cuda/lib64', 'HOME': '/home/yanji', 'CHROME_DESKTOP': 'code.desktop', 'CONDA_SHLVL': '1', 'TERM_PROGRAM_VERSION': '1.97.2', 'DESKTOP_SESSION': 'ubuntu', 'NO_PROXY': 'localhost,127.0.0.0/8,::1', 'ROS_PYTHON_VERSION': '3', 'GNOME_SHELL_SESSION_MODE': 'ubuntu', 'GTK_MODULES': 'gail:atk-bridge', 'XDG_SEAT_PATH': '/org/freedesktop/DisplayManager/Seat0', 'VSCODE_GIT_ASKPASS_MAIN': '/usr/share/code/resources/app/extensions/git/dist/askpass-main.js', 'PS1': '\\[\x1b]633;A\x07\\](screwrobot) \\[\\e]0;\\u@\\h: \\w\\a\\]${debian_chroot:+($debian_chroot)}\\[\\033[01;32m\\]\\u@\\h\\[\\033[00m\\]:\\[\\033[01;34m\\]\\w\\[\\033[00m\\]\\$ \\[\x1b]633;B\x07\\]', 'LC_MONETARY': 'en_US.UTF-8', 'VSCODE_GIT_ASKPASS_NODE': '/usr/share/code/code', 'MANAGERPID': '1913', 'PYDEVD_DISABLE_FILE_VALIDATION': '1', 'BUNDLED_DEBUGPY_PATH': '/home/yanji/.vscode/extensions/ms-python.debugpy-2025.8.0-linux-x64/bundled/libs/debugpy', 'DBUS_SESSION_BUS_ADDRESS': 'unix:path=/run/user/1000/bus', 'COLORTERM': 'truecolor', '_CE_M': '', 'IM_CONFIG_PHASE': '1', 'https_proxy': 'http://127.0.0.1:7890/', 'COLCON_PREFIX_PATH': '/home/yanji/robot_screwing/install', 'ROS_DISTRO': 'foxy', 'LOGNAME': 'yanji', 'CONDA_ROOT': '/home/yanji/anaconda3', 'ALL_PROXY': 'socks://127.0.0.1:7891/', 'http_proxy': 'http://127.0.0.1:7890/', 'JOURNAL_STREAM': '8:55105', '_': '/usr/bin/colcon', 'ROS_VERSION': '2', 'XDG_SESSION_CLASS': 'user', 'TERM': 'xterm-256color', 'GNOME_DESKTOP_SESSION_ID': 'this-is-deprecated', '_CE_CONDA': '', 'ROS_LOCALHOST_ONLY': '0', 'PATH': '/home/yanji/anaconda3/envs/screwrobot/bin:/opt/ros/foxy/bin:/usr/lib/ccache:/home/yanji/anaconda3/condabin:/home/yanji/.local/bin:/usr/local/sbin:/usr/local/bin:/usr/sbin:/usr/bin:/sbin:/bin:/usr/games:/usr/local/games:/snap/bin:/usr/local/cuda/bin:/home/yanji/pycharm/bin:/opt/ros/foxy/bin:/usr/lib/ccache:/home/yanji/anaconda3/envs/screwrobot/bin:/usr/lib/ccache:/home/yanji/anaconda3/condabin:/home/yanji/.local/bin:/usr/local/sbin:/usr/local/bin:/usr/sbin:/usr/bin:/sbin:/bin:/usr/games:/usr/local/games:/snap/bin:/usr/local/cuda/bin:/home/yanji/pycharm/bin:/home/yanji/anaconda3/envs/screwrobot/bin:/usr/lib/ccache:/home/yanji/anaconda3/condabin:/home/yanji/.local/bin:/usr/local/sbin:/usr/local/bin:/usr/sbin:/usr/bin:/sbin:/bin:/usr/games:/usr/local/games:/snap/bin:/usr/local/cuda/bin:/home/yanji/pycharm/bin/:/usr/local/cuda/bin:/home/yanji/pycharm/bin/', 'SESSION_MANAGER': 'local/yanji-server:@/tmp/.ICE-unix/2037,unix/yanji-server:/tmp/.ICE-unix/2037', 'GDM_LANG': 'zh_CN', 'INVOCATION_ID': 'f74828f496264434998967c741588413', 'PAPERSIZE': 'letter', 'XDG_SESSION_PATH': '/org/freedesktop/DisplayManager/Session0', 'XDG_MENU_PREFIX': 'gnome-', 'LC_ADDRESS': 'en_US.UTF-8', 'GNOME_TERMINAL_SCREEN': '/org/gnome/Terminal/screen/337b567d_41aa_4403_9182_7d1dab657401', 'XDG_RUNTIME_DIR': '/run/user/1000', 'GDK_BACKEND': 'x11', 'DISPLAY': ':0', 'VSCODE_DEBUGPY_ADAPTER_ENDPOINTS': '/home/yanji/.vscode/extensions/ms-python.debugpy-2025.8.0-linux-x64/.noConfigDebugAdapterEndpoints/endpoint-35e173d817dea6ca.txt', 'LANG': 'zh_CN.UTF-8', 'XDG_CURRENT_DESKTOP': 'Unity', 'LC_TELEPHONE': 'en_US.UTF-8', 'XMODIFIERS': '@im=ibus', 'XDG_SESSION_DESKTOP': 'ubuntu', 'XAUTHORITY': '/home/yanji/.Xauthority', 'LS_COLORS': 'rs=0:di=01;34:ln=01;36:mh=00:pi=40;33:so=01;35:do=01;35:bd=40;33;01:cd=40;33;01:or=40;31;01:mi=00:su=37;41:sg=30;43:ca=30;41:tw=30;42:ow=34;42:st=37;44:ex=01;32:*.tar=01;31:*.tgz=01;31:*.arc=01;31:*.arj=01;31:*.taz=01;31:*.lha=01;31:*.lz4=01;31:*.lzh=01;31:*.lzma=01;31:*.tlz=01;31:*.txz=01;31:*.tzo=01;31:*.t7z=01;31:*.zip=01;31:*.z=01;31:*.dz=01;31:*.gz=01;31:*.lrz=01;31:*.lz=01;31:*.lzo=01;31:*.xz=01;31:*.zst=01;31:*.tzst=01;31:*.bz2=01;31:*.bz=01;31:*.tbz=01;31:*.tbz2=01;31:*.tz=01;31:*.deb=01;31:*.rpm=01;31:*.jar=01;31:*.war=01;31:*.ear=01;31:*.sar=01;31:*.rar=01;31:*.alz=01;31:*.ace=01;31:*.zoo=01;31:*.cpio=01;31:*.7z=01;31:*.rz=01;31:*.cab=01;31:*.wim=01;31:*.swm=01;31:*.dwm=01;31:*.esd=01;31:*.jpg=01;35:*.jpeg=01;35:*.mjpg=01;35:*.mjpeg=01;35:*.gif=01;35:*.bmp=01;35:*.pbm=01;35:*.pgm=01;35:*.ppm=01;35:*.tga=01;35:*.xbm=01;35:*.xpm=01;35:*.tif=01;35:*.tiff=01;35:*.png=01;35:*.svg=01;35:*.svgz=01;35:*.mng=01;35:*.pcx=01;35:*.mov=01;35:*.mpg=01;35:*.mpeg=01;35:*.m2v=01;35:*.mkv=01;35:*.webm=01;35:*.ogm=01;35:*.mp4=01;35:*.m4v=01;35:*.mp4v=01;35:*.vob=01;35:*.qt=01;35:*.nuv=01;35:*.wmv=01;35:*.asf=01;35:*.rm=01;35:*.rmvb=01;35:*.flc=01;35:*.avi=01;35:*.fli=01;35:*.flv=01;35:*.gl=01;35:*.dl=01;35:*.xcf=01;35:*.xwd=01;35:*.yuv=01;35:*.cgm=01;35:*.emf=01;35:*.ogv=01;35:*.ogx=01;35:*.aac=00;36:*.au=00;36:*.flac=00;36:*.m4a=00;36:*.mid=00;36:*.midi=00;36:*.mka=00;36:*.mp3=00;36:*.mpc=00;36:*.ogg=00;36:*.ra=00;36:*.wav=00;36:*.oga=00;36:*.opus=00;36:*.spx=00;36:*.xspf=00;36:', 'VSCODE_GIT_IPC_HANDLE': '/run/user/1000/vscode-git-51992ed709.sock', 'GNOME_TERMINAL_SERVICE': ':1.82', 'TERM_PROGRAM': 'vscode', 'SSH_AUTH_SOCK': '/run/user/1000/keyring/ssh', 'XDG_GREETER_DATA_DIR': '/var/lib/lightdm-data/yanji', 'AMENT_PREFIX_PATH': '/home/yanji/robot_screwing/install/screw_robot_control:/home/yanji/robot_screwing/install/robot_msgs:/home/yanji/robot_screwing/install/real_robot:/home/yanji/robot_screwing/install/mj_sim:/opt/ros/foxy', 'CONDA_PYTHON_EXE': '/home/yanji/anaconda3/bin/python', 'ORIGINAL_XDG_CURRENT_DESKTOP': 'ubuntu:GNOME', 'SHELL': '/bin/bash', 'LC_NAME': 'en_US.UTF-8', 'QT_ACCESSIBILITY': '1', 'GDMSESSION': 'ubuntu', 'LESSCLOSE': '/usr/bin/lesspipe %s %s', 'CONDA_DEFAULT_ENV': 'screwrobot', 'LC_MEASUREMENT': 'en_US.UTF-8', 'GPG_AGENT_INFO': '/run/user/1000/gnupg/S.gpg-agent:0:1', 'LC_IDENTIFICATION': 'en_US.UTF-8', 'VSCODE_GIT_ASKPASS_EXTRA_ARGS': '', 'QT_IM_MODULE': 'ibus', 'PWD': '/home/yanji/robot_screwing/build/mj_sim', 'LC_ALL': 'en_US.UTF-8', 'XDG_CONFIG_DIRS': '/etc/xdg/xdg-ubuntu:/etc/xdg', 'CONDA_EXE': '/home/yanji/anaconda3/bin/conda', 'XDG_DATA_DIRS': '/usr/share/ubuntu:/home/yanji/.local/share/flatpak/exports/share:/var/lib/flatpak/exports/share:/usr/local/share:/usr/share:/var/lib/snapd/desktop', 'PYTHONPATH': '/home/yanji/robot_screwing/build/mj_sim/prefix_override:/usr/lib/python3/dist-packages/colcon_core/task/python/colcon_distutils_commands:/home/yanji/robot_screwing/install/mj_sim/lib/python3.8/site-packages:/home/yanji/robot_screwing/install/robot_msgs/lib/python3.8/site-packages:/home/yanji/robot_screwing/install/real_robot/lib/python3.8/site-packages:/home/yanji/robot_screwing/install/mj_sim/lib/python3.8/site-packages:/opt/ros/foxy/lib/python3.8/site-packages', 'HTTP_PROXY': 'http://127.0.0.1:7890/', 'LC_NUMERIC': 'en_US.UTF-8', 'CONDA_PREFIX': '/home/yanji/anaconda3/envs/screwrobot', 'LC_PAPER': 'en_US.UTF-8', 'COLCON': '1', 'VTE_VERSION': '6003', 'CMAKE_PREFIX_PATH': '/home/yanji/robot_screwing/install/screw_robot_control:/home/yanji/robot_screwing/install/robot_msgs'}, 'shell': False}
[0.508092] (real_robot) Command: {'cmd': ['/usr/bin/python3', '-W', 'ignore:setup.py install is deprecated', '-W', 'ignore:easy_install command is deprecated', 'setup.py', 'egg_info', '--egg-base', '../../build/real_robot', 'build', '--build-base', '/home/yanji/robot_screwing/build/real_robot/build', 'install', '--record', '/home/yanji/robot_screwing/build/real_robot/install.log', '--install-scripts', '$base/lib/real_robot', '--single-version-externally-managed', 'install_data'], 'cwd': '/home/yanji/robot_screwing/src/real_robot', 'env': {'LESSOPEN': '| /usr/bin/lesspipe %s', 'LIBRARY_PATH': '/home/yanji/jaka_python:/home/yanji/jaka_python::/usr/local/cuda/lib64:/usr/local/cuda/lib64', 'CONDA_PROMPT_MODIFIER': '(screwrobot)', 'HTTPS_PROXY': 'http://127.0.0.1:7890/', 'no_proxy': 'localhost,127.0.0.0/8,::1', 'LANGUAGE': 'zh_CN:en', 'USER': 'yanji', 'LC_TIME': 'en_US.UTF-8', 'all_proxy': 'socks://127.0.0.1:7891/', 'SSH_AGENT_PID': '2001', 'XDG_SESSION_TYPE': 'x11', 'GIT_ASKPASS': '/usr/share/code/resources/app/extensions/git/dist/askpass.sh', 'SHLVL': '2', 'LD_LIBRARY_PATH': '/lib/x86_64-linux-gnu:/usr/lib/x86_64-linux-gnu:/home/yanji/robot_screwing/install/screw_robot_control/lib:/home/yanji/robot_screwing/install/robot_msgs/lib:/opt/ros/foxy/opt/yaml_cpp_vendor/lib:/opt/ros/foxy/opt/rviz_ogre_vendor/lib:/opt/ros/foxy/lib/x86_64-linux-gnu:/opt/ros/foxy/lib:/lib/x86_64-linux-gnu:/usr/lib/x86_64-linux-gnu::/usr/local/cuda/lib64:/usr/local/cuda/lib64', 'HOME': '/home/yanji', 'CHROME_DESKTOP': 'code.desktop', 'CONDA_SHLVL': '1', 'TERM_PROGRAM_VERSION': '1.97.2', 'DESKTOP_SESSION': 'ubuntu', 'NO_PROXY': 'localhost,127.0.0.0/8,::1', 'ROS_PYTHON_VERSION': '3', 'GNOME_SHELL_SESSION_MODE': 'ubuntu', 'GTK_MODULES': 'gail:atk-bridge', 'XDG_SEAT_PATH': '/org/freedesktop/DisplayManager/Seat0', 'VSCODE_GIT_ASKPASS_MAIN': '/usr/share/code/resources/app/extensions/git/dist/askpass-main.js', 'PS1': '\\[\x1b]633;A\x07\\](screwrobot) \\[\\e]0;\\u@\\h: \\w\\a\\]${debian_chroot:+($debian_chroot)}\\[\\033[01;32m\\]\\u@\\h\\[\\033[00m\\]:\\[\\033[01;34m\\]\\w\\[\\033[00m\\]\\$ \\[\x1b]633;B\x07\\]', 'LC_MONETARY': 'en_US.UTF-8', 'VSCODE_GIT_ASKPASS_NODE': '/usr/share/code/code', 'MANAGERPID': '1913', 'PYDEVD_DISABLE_FILE_VALIDATION': '1', 'BUNDLED_DEBUGPY_PATH': '/home/yanji/.vscode/extensions/ms-python.debugpy-2025.8.0-linux-x64/bundled/libs/debugpy', 'DBUS_SESSION_BUS_ADDRESS': 'unix:path=/run/user/1000/bus', 'COLORTERM': 'truecolor', '_CE_M': '', 'IM_CONFIG_PHASE': '1', 'https_proxy': 'http://127.0.0.1:7890/', 'COLCON_PREFIX_PATH': '/home/yanji/robot_screwing/install', 'ROS_DISTRO': 'foxy', 'LOGNAME': 'yanji', 'CONDA_ROOT': '/home/yanji/anaconda3', 'ALL_PROXY': 'socks://127.0.0.1:7891/', 'http_proxy': 'http://127.0.0.1:7890/', 'JOURNAL_STREAM': '8:55105', '_': '/usr/bin/colcon', 'ROS_VERSION': '2', 'XDG_SESSION_CLASS': 'user', 'TERM': 'xterm-256color', 'GNOME_DESKTOP_SESSION_ID': 'this-is-deprecated', '_CE_CONDA': '', 'ROS_LOCALHOST_ONLY': '0', 'PATH': '/home/yanji/anaconda3/envs/screwrobot/bin:/opt/ros/foxy/bin:/usr/lib/ccache:/home/yanji/anaconda3/condabin:/home/yanji/.local/bin:/usr/local/sbin:/usr/local/bin:/usr/sbin:/usr/bin:/sbin:/bin:/usr/games:/usr/local/games:/snap/bin:/usr/local/cuda/bin:/home/yanji/pycharm/bin:/opt/ros/foxy/bin:/usr/lib/ccache:/home/yanji/anaconda3/envs/screwrobot/bin:/usr/lib/ccache:/home/yanji/anaconda3/condabin:/home/yanji/.local/bin:/usr/local/sbin:/usr/local/bin:/usr/sbin:/usr/bin:/sbin:/bin:/usr/games:/usr/local/games:/snap/bin:/usr/local/cuda/bin:/home/yanji/pycharm/bin:/home/yanji/anaconda3/envs/screwrobot/bin:/usr/lib/ccache:/home/yanji/anaconda3/condabin:/home/yanji/.local/bin:/usr/local/sbin:/usr/local/bin:/usr/sbin:/usr/bin:/sbin:/bin:/usr/games:/usr/local/games:/snap/bin:/usr/local/cuda/bin:/home/yanji/pycharm/bin/:/usr/local/cuda/bin:/home/yanji/pycharm/bin/', 'SESSION_MANAGER': 'local/yanji-server:@/tmp/.ICE-unix/2037,unix/yanji-server:/tmp/.ICE-unix/2037', 'GDM_LANG': 'zh_CN', 'INVOCATION_ID': 'f74828f496264434998967c741588413', 'PAPERSIZE': 'letter', 'XDG_SESSION_PATH': '/org/freedesktop/DisplayManager/Session0', 'XDG_MENU_PREFIX': 'gnome-', 'LC_ADDRESS': 'en_US.UTF-8', 'GNOME_TERMINAL_SCREEN': '/org/gnome/Terminal/screen/337b567d_41aa_4403_9182_7d1dab657401', 'XDG_RUNTIME_DIR': '/run/user/1000', 'GDK_BACKEND': 'x11', 'DISPLAY': ':0', 'VSCODE_DEBUGPY_ADAPTER_ENDPOINTS': '/home/yanji/.vscode/extensions/ms-python.debugpy-2025.8.0-linux-x64/.noConfigDebugAdapterEndpoints/endpoint-35e173d817dea6ca.txt', 'LANG': 'zh_CN.UTF-8', 'XDG_CURRENT_DESKTOP': 'Unity', 'LC_TELEPHONE': 'en_US.UTF-8', 'XMODIFIERS': '@im=ibus', 'XDG_SESSION_DESKTOP': 'ubuntu', 'XAUTHORITY': '/home/yanji/.Xauthority', 'LS_COLORS': 'rs=0:di=01;34:ln=01;36:mh=00:pi=40;33:so=01;35:do=01;35:bd=40;33;01:cd=40;33;01:or=40;31;01:mi=00:su=37;41:sg=30;43:ca=30;41:tw=30;42:ow=34;42:st=37;44:ex=01;32:*.tar=01;31:*.tgz=01;31:*.arc=01;31:*.arj=01;31:*.taz=01;31:*.lha=01;31:*.lz4=01;31:*.lzh=01;31:*.lzma=01;31:*.tlz=01;31:*.txz=01;31:*.tzo=01;31:*.t7z=01;31:*.zip=01;31:*.z=01;31:*.dz=01;31:*.gz=01;31:*.lrz=01;31:*.lz=01;31:*.lzo=01;31:*.xz=01;31:*.zst=01;31:*.tzst=01;31:*.bz2=01;31:*.bz=01;31:*.tbz=01;31:*.tbz2=01;31:*.tz=01;31:*.deb=01;31:*.rpm=01;31:*.jar=01;31:*.war=01;31:*.ear=01;31:*.sar=01;31:*.rar=01;31:*.alz=01;31:*.ace=01;31:*.zoo=01;31:*.cpio=01;31:*.7z=01;31:*.rz=01;31:*.cab=01;31:*.wim=01;31:*.swm=01;31:*.dwm=01;31:*.esd=01;31:*.jpg=01;35:*.jpeg=01;35:*.mjpg=01;35:*.mjpeg=01;35:*.gif=01;35:*.bmp=01;35:*.pbm=01;35:*.pgm=01;35:*.ppm=01;35:*.tga=01;35:*.xbm=01;35:*.xpm=01;35:*.tif=01;35:*.tiff=01;35:*.png=01;35:*.svg=01;35:*.svgz=01;35:*.mng=01;35:*.pcx=01;35:*.mov=01;35:*.mpg=01;35:*.mpeg=01;35:*.m2v=01;35:*.mkv=01;35:*.webm=01;35:*.ogm=01;35:*.mp4=01;35:*.m4v=01;35:*.mp4v=01;35:*.vob=01;35:*.qt=01;35:*.nuv=01;35:*.wmv=01;35:*.asf=01;35:*.rm=01;35:*.rmvb=01;35:*.flc=01;35:*.avi=01;35:*.fli=01;35:*.flv=01;35:*.gl=01;35:*.dl=01;35:*.xcf=01;35:*.xwd=01;35:*.yuv=01;35:*.cgm=01;35:*.emf=01;35:*.ogv=01;35:*.ogx=01;35:*.aac=00;36:*.au=00;36:*.flac=00;36:*.m4a=00;36:*.mid=00;36:*.midi=00;36:*.mka=00;36:*.mp3=00;36:*.mpc=00;36:*.ogg=00;36:*.ra=00;36:*.wav=00;36:*.oga=00;36:*.opus=00;36:*.spx=00;36:*.xspf=00;36:', 'VSCODE_GIT_IPC_HANDLE': '/run/user/1000/vscode-git-51992ed709.sock', 'GNOME_TERMINAL_SERVICE': ':1.82', 'TERM_PROGRAM': 'vscode', 'SSH_AUTH_SOCK': '/run/user/1000/keyring/ssh', 'XDG_GREETER_DATA_DIR': '/var/lib/lightdm-data/yanji', 'AMENT_PREFIX_PATH': '/home/yanji/robot_screwing/install/screw_robot_control:/home/yanji/robot_screwing/install/robot_msgs:/home/yanji/robot_screwing/install/real_robot:/home/yanji/robot_screwing/install/mj_sim:/opt/ros/foxy', 'CONDA_PYTHON_EXE': '/home/yanji/anaconda3/bin/python', 'ORIGINAL_XDG_CURRENT_DESKTOP': 'ubuntu:GNOME', 'SHELL': '/bin/bash', 'LC_NAME': 'en_US.UTF-8', 'QT_ACCESSIBILITY': '1', 'GDMSESSION': 'ubuntu', 'LESSCLOSE': '/usr/bin/lesspipe %s %s', 'CONDA_DEFAULT_ENV': 'screwrobot', 'LC_MEASUREMENT': 'en_US.UTF-8', 'GPG_AGENT_INFO': '/run/user/1000/gnupg/S.gpg-agent:0:1', 'LC_IDENTIFICATION': 'en_US.UTF-8', 'VSCODE_GIT_ASKPASS_EXTRA_ARGS': '', 'QT_IM_MODULE': 'ibus', 'PWD': '/home/yanji/robot_screwing/build/real_robot', 'LC_ALL': 'en_US.UTF-8', 'XDG_CONFIG_DIRS': '/etc/xdg/xdg-ubuntu:/etc/xdg', 'CONDA_EXE': '/home/yanji/anaconda3/bin/conda', 'XDG_DATA_DIRS': '/usr/share/ubuntu:/home/yanji/.local/share/flatpak/exports/share:/var/lib/flatpak/exports/share:/usr/local/share:/usr/share:/var/lib/snapd/desktop', 'PYTHONPATH': '/home/yanji/robot_screwing/build/real_robot/prefix_override:/usr/lib/python3/dist-packages/colcon_core/task/python/colcon_distutils_commands:/home/yanji/robot_screwing/install/real_robot/lib/python3.8/site-packages:/home/yanji/robot_screwing/install/robot_msgs/lib/python3.8/site-packages:/home/yanji/robot_screwing/install/real_robot/lib/python3.8/site-packages:/home/yanji/robot_screwing/install/mj_sim/lib/python3.8/site-packages:/opt/ros/foxy/lib/python3.8/site-packages', 'HTTP_PROXY': 'http://127.0.0.1:7890/', 'LC_NUMERIC': 'en_US.UTF-8', 'CONDA_PREFIX': '/home/yanji/anaconda3/envs/screwrobot', 'LC_PAPER': 'en_US.UTF-8', 'COLCON': '1', 'VTE_VERSION': '6003', 'CMAKE_PREFIX_PATH': '/home/yanji/robot_screwing/install/screw_robot_control:/home/yanji/robot_screwing/install/robot_msgs'}, 'shell': False}
[0.600471] (-) TimerEvent: {}
[0.603952] (real_robot) StdoutLine: {'line': b'running egg_info\n'}
[0.604161] (real_robot) StdoutLine: {'line': b'writing ../../build/real_robot/real_robot.egg-info/PKG-INFO\n'}
[0.604256] (real_robot) StdoutLine: {'line': b'writing dependency_links to ../../build/real_robot/real_robot.egg-info/dependency_links.txt\n'}
[0.604360] (real_robot) StdoutLine: {'line': b'writing entry points to ../../build/real_robot/real_robot.egg-info/entry_points.txt\n'}
[0.604465] (real_robot) StdoutLine: {'line': b'writing requirements to ../../build/real_robot/real_robot.egg-info/requires.txt\n'}
[0.604493] (real_robot) StdoutLine: {'line': b'writing top-level names to ../../build/real_robot/real_robot.egg-info/top_level.txt\n'}
[0.619465] (real_robot) StdoutLine: {'line': b"reading manifest file '../../build/real_robot/real_robot.egg-info/SOURCES.txt'\n"}
[0.619788] (real_robot) StdoutLine: {'line': b"writing manifest file '../../build/real_robot/real_robot.egg-info/SOURCES.txt'\n"}
[0.619819] (real_robot) StdoutLine: {'line': b'running build\n'}
[0.619852] (real_robot) StdoutLine: {'line': b'running build_py\n'}
[0.619907] (real_robot) StdoutLine: {'line': b'running install\n'}
[0.620277] (real_robot) StdoutLine: {'line': b'running install_lib\n'}
[0.620485] (mj_sim) StdoutLine: {'line': b'running egg_info\n'}
[0.620887] (mj_sim) StdoutLine: {'line': b'writing ../../build/mj_sim/mj_sim.egg-info/PKG-INFO\n'}
[0.620916] (real_robot) StdoutLine: {'line': b'running install_data\n'}
[0.620943] (real_robot) StdoutLine: {'line': b'running install_egg_info\n'}
[0.620987] (mj_sim) StdoutLine: {'line': b'writing dependency_links to ../../build/mj_sim/mj_sim.egg-info/dependency_links.txt\n'}
[0.621068] (mj_sim) StdoutLine: {'line': b'writing entry points to ../../build/mj_sim/mj_sim.egg-info/entry_points.txt\n'}
[0.621166] (mj_sim) StdoutLine: {'line': b'writing requirements to ../../build/mj_sim/mj_sim.egg-info/requires.txt\n'}
[0.621271] (mj_sim) StdoutLine: {'line': b'writing top-level names to ../../build/mj_sim/mj_sim.egg-info/top_level.txt\n'}
[0.621564] (real_robot) StdoutLine: {'line': b"removing '/home/yanji/robot_screwing/install/real_robot/lib/python3.8/site-packages/real_robot-0.0.0-py3.8.egg-info' (and everything under it)\n"}
[0.621781] (real_robot) StdoutLine: {'line': b'Copying ../../build/real_robot/real_robot.egg-info to /home/yanji/robot_screwing/install/real_robot/lib/python3.8/site-packages/real_robot-0.0.0-py3.8.egg-info\n'}
[0.622092] (real_robot) StdoutLine: {'line': b'running install_scripts\n'}
[0.629736] (real_robot) StdoutLine: {'line': b"writing list of installed files to '/home/yanji/robot_screwing/build/real_robot/install.log'\n"}
[0.637253] (mj_sim) StdoutLine: {'line': b"reading manifest file '../../build/mj_sim/mj_sim.egg-info/SOURCES.txt'\n"}
[0.637642] (mj_sim) StdoutLine: {'line': b"writing manifest file '../../build/mj_sim/mj_sim.egg-info/SOURCES.txt'\n"}
[0.637695] (mj_sim) StdoutLine: {'line': b'running build\n'}
[0.637733] (mj_sim) StdoutLine: {'line': b'running build_py\n'}
[0.638093] (mj_sim) StdoutLine: {'line': b'running install\n'}
[0.638489] (mj_sim) StdoutLine: {'line': b'running install_lib\n'}
[0.639239] (real_robot) CommandEnded: {'returncode': 0}
[0.639541] (mj_sim) StdoutLine: {'line': b'running install_data\n'}
[0.639603] (mj_sim) StdoutLine: {'line': b'running install_egg_info\n'}
[0.640381] (mj_sim) StdoutLine: {'line': b"removing '/home/yanji/robot_screwing/install/mj_sim/lib/python3.8/site-packages/mj_sim-0.0.0-py3.8.egg-info' (and everything under it)\n"}
[0.640563] (mj_sim) StdoutLine: {'line': b'Copying ../../build/mj_sim/mj_sim.egg-info to /home/yanji/robot_screwing/install/mj_sim/lib/python3.8/site-packages/mj_sim-0.0.0-py3.8.egg-info\n'}
[0.640719] (mj_sim) StdoutLine: {'line': b'running install_scripts\n'}
[0.642170] (real_robot) JobEnded: {'identifier': 'real_robot', 'rc': 0}
[0.648392] (mj_sim) StdoutLine: {'line': b'Installing mpc_node script to /home/yanji/robot_screwing/install/mj_sim/lib/mj_sim\n'}
[0.648484] (mj_sim) StdoutLine: {'line': b'Installing robot_sim_env script to /home/yanji/robot_screwing/install/mj_sim/lib/mj_sim\n'}
[0.648661] (mj_sim) StdoutLine: {'line': b"writing list of installed files to '/home/yanji/robot_screwing/build/mj_sim/install.log'\n"}
[0.658624] (mj_sim) CommandEnded: {'returncode': 0}
[0.661374] (mj_sim) JobEnded: {'identifier': 'mj_sim', 'rc': 0}
[0.661725] (-) EventReactorShutdown: {}
