[0.000000] (-) TimerEvent: {}
[0.000088] (mj_sim) JobQueued: {'identifier': 'mj_sim', 'dependencies': OrderedDict()}
[0.000149] (real_robot) JobQueued: {'identifier': 'real_robot', 'dependencies': OrderedDict()}
[0.000184] (robot_msgs) JobQueued: {'identifier': 'robot_msgs', 'dependencies': OrderedDict()}
[0.000278] (screw_robot_control) JobQueued: {'identifier': 'screw_robot_control', 'dependencies': OrderedDict([('robot_msgs', '/home/yanji/robot_screwing/install/robot_msgs')])}
[0.000328] (robot_msgs) JobStarted: {'identifier': 'robot_msgs'}
[0.003372] (mj_sim) JobStarted: {'identifier': 'mj_sim'}
[0.006433] (real_robot) JobStarted: {'identifier': 'real_robot'}
[0.010085] (robot_msgs) JobProgress: {'identifier': 'robot_msgs', 'progress': 'cmake'}
[0.010396] (robot_msgs) JobProgress: {'identifier': 'robot_msgs', 'progress': 'build'}
[0.010671] (robot_msgs) Command: {'cmd': ['/usr/bin/cmake', '--build', '/home/yanji/robot_screwing/build/robot_msgs', '--', '-j24', '-l24'], 'cwd': '/home/yanji/robot_screwing/build/robot_msgs', 'env': OrderedDict([('LESSOPEN', '| /usr/bin/lesspipe %s'), ('LIBRARY_PATH', '/home/yanji/jaka_python:/home/yanji/jaka_python::/usr/local/cuda/lib64:/usr/local/cuda/lib64'), ('CONDA_PROMPT_MODIFIER', '(screwrobot)'), ('HTTPS_PROXY', 'http://127.0.0.1:7890/'), ('no_proxy', 'localhost,127.0.0.0/8,::1'), ('LANGUAGE', 'zh_CN:en'), ('USER', 'yanji'), ('LC_TIME', 'en_US.UTF-8'), ('all_proxy', 'socks://127.0.0.1:7891/'), ('SSH_AGENT_PID', '2030'), ('XDG_SESSION_TYPE', 'x11'), ('GIT_ASKPASS', '/usr/share/code/resources/app/extensions/git/dist/askpass.sh'), ('SHLVL', '2'), ('LD_LIBRARY_PATH', '/lib/x86_64-linux-gnu:/usr/lib/x86_64-linux-gnu:/home/yanji/robot_screwing/install/screw_robot_control/lib:/home/yanji/robot_screwing/install/robot_msgs/lib:/opt/ros/foxy/opt/yaml_cpp_vendor/lib:/opt/ros/foxy/opt/rviz_ogre_vendor/lib:/opt/ros/foxy/lib/x86_64-linux-gnu:/opt/ros/foxy/lib:/lib/x86_64-linux-gnu:/usr/lib/x86_64-linux-gnu::/usr/local/cuda/lib64:/usr/local/cuda/lib64'), ('HOME', '/home/yanji'), ('CHROME_DESKTOP', 'code.desktop'), ('CONDA_SHLVL', '1'), ('OLDPWD', '/home/yanji/robot_screwing/src'), ('TERM_PROGRAM_VERSION', '1.97.2'), ('DESKTOP_SESSION', 'ubuntu'), ('NO_PROXY', 'localhost,127.0.0.0/8,::1'), ('ROS_PYTHON_VERSION', '3'), ('GNOME_SHELL_SESSION_MODE', 'ubuntu'), ('GTK_MODULES', 'gail:atk-bridge'), ('XDG_SEAT_PATH', '/org/freedesktop/DisplayManager/Seat0'), ('VSCODE_GIT_ASKPASS_MAIN', '/usr/share/code/resources/app/extensions/git/dist/askpass-main.js'), ('LC_MONETARY', 'en_US.UTF-8'), ('VSCODE_GIT_ASKPASS_NODE', '/usr/share/code/code'), ('MANAGERPID', '1942'), ('PYDEVD_DISABLE_FILE_VALIDATION', '1'), ('BUNDLED_DEBUGPY_PATH', '/home/yanji/.vscode/extensions/ms-python.debugpy-2025.10.0-linux-x64/bundled/libs/debugpy'), ('DBUS_SESSION_BUS_ADDRESS', 'unix:path=/run/user/1000/bus'), ('COLORTERM', 'truecolor'), ('_CE_M', ''), ('IM_CONFIG_PHASE', '1'), ('https_proxy', 'http://127.0.0.1:7890/'), ('COLCON_PREFIX_PATH', '/home/yanji/robot_screwing/install'), ('ROS_DISTRO', 'foxy'), ('LOGNAME', 'yanji'), ('ALL_PROXY', 'socks://127.0.0.1:7891/'), ('http_proxy', 'http://127.0.0.1:7890/'), ('JOURNAL_STREAM', '8:62573'), ('_', '/usr/bin/colcon'), ('ROS_VERSION', '2'), ('XDG_SESSION_CLASS', 'user'), ('TERM', 'xterm-256color'), ('GNOME_DESKTOP_SESSION_ID', 'this-is-deprecated'), ('_CE_CONDA', ''), ('ROS_LOCALHOST_ONLY', '0'), ('PATH', '/home/yanji/anaconda3/envs/screwrobot/bin:/opt/ros/foxy/bin:/usr/lib/ccache:/home/yanji/anaconda3/envs/screwrobot/bin:/usr/lib/ccache:/home/yanji/anaconda3/condabin:/home/yanji/.local/bin:/usr/local/sbin:/usr/local/bin:/usr/sbin:/usr/bin:/sbin:/bin:/usr/games:/usr/local/games:/snap/bin:/usr/local/cuda/bin:/home/yanji/pycharm/bin:/home/yanji/.vscode/extensions/ms-python.debugpy-2025.10.0-linux-x64/bundled/scripts/noConfigScripts:/usr/local/cuda/bin:/home/yanji/pycharm/bin'), ('SESSION_MANAGER', 'local/yanji-server:@/tmp/.ICE-unix/2066,unix/yanji-server:/tmp/.ICE-unix/2066'), ('GDM_LANG', 'zh_CN'), ('INVOCATION_ID', '7d605fe84c3e49cabbdb23ff5b52dddb'), ('PAPERSIZE', 'letter'), ('XDG_SESSION_PATH', '/org/freedesktop/DisplayManager/Session0'), ('XDG_MENU_PREFIX', 'gnome-'), ('LC_ADDRESS', 'en_US.UTF-8'), ('GNOME_TERMINAL_SCREEN', '/org/gnome/Terminal/screen/74f246c2_f299_40e3_8e19_ce1c8425d4a0'), ('XDG_RUNTIME_DIR', '/run/user/1000'), ('GDK_BACKEND', 'x11'), ('DISPLAY', ':0'), ('VSCODE_DEBUGPY_ADAPTER_ENDPOINTS', '/home/yanji/.vscode/extensions/ms-python.debugpy-2025.10.0-linux-x64/.noConfigDebugAdapterEndpoints/endpoint-35e173d817dea6ca.txt'), ('LANG', 'zh_CN.UTF-8'), ('XDG_CURRENT_DESKTOP', 'Unity'), ('LC_TELEPHONE', 'en_US.UTF-8'), ('XMODIFIERS', '@im=ibus'), ('XDG_SESSION_DESKTOP', 'ubuntu'), ('XAUTHORITY', '/home/yanji/.Xauthority'), ('LS_COLORS', 'rs=0:di=01;34:ln=01;36:mh=00:pi=40;33:so=01;35:do=01;35:bd=40;33;01:cd=40;33;01:or=40;31;01:mi=00:su=37;41:sg=30;43:ca=30;41:tw=30;42:ow=34;42:st=37;44:ex=01;32:*.tar=01;31:*.tgz=01;31:*.arc=01;31:*.arj=01;31:*.taz=01;31:*.lha=01;31:*.lz4=01;31:*.lzh=01;31:*.lzma=01;31:*.tlz=01;31:*.txz=01;31:*.tzo=01;31:*.t7z=01;31:*.zip=01;31:*.z=01;31:*.dz=01;31:*.gz=01;31:*.lrz=01;31:*.lz=01;31:*.lzo=01;31:*.xz=01;31:*.zst=01;31:*.tzst=01;31:*.bz2=01;31:*.bz=01;31:*.tbz=01;31:*.tbz2=01;31:*.tz=01;31:*.deb=01;31:*.rpm=01;31:*.jar=01;31:*.war=01;31:*.ear=01;31:*.sar=01;31:*.rar=01;31:*.alz=01;31:*.ace=01;31:*.zoo=01;31:*.cpio=01;31:*.7z=01;31:*.rz=01;31:*.cab=01;31:*.wim=01;31:*.swm=01;31:*.dwm=01;31:*.esd=01;31:*.jpg=01;35:*.jpeg=01;35:*.mjpg=01;35:*.mjpeg=01;35:*.gif=01;35:*.bmp=01;35:*.pbm=01;35:*.pgm=01;35:*.ppm=01;35:*.tga=01;35:*.xbm=01;35:*.xpm=01;35:*.tif=01;35:*.tiff=01;35:*.png=01;35:*.svg=01;35:*.svgz=01;35:*.mng=01;35:*.pcx=01;35:*.mov=01;35:*.mpg=01;35:*.mpeg=01;35:*.m2v=01;35:*.mkv=01;35:*.webm=01;35:*.ogm=01;35:*.mp4=01;35:*.m4v=01;35:*.mp4v=01;35:*.vob=01;35:*.qt=01;35:*.nuv=01;35:*.wmv=01;35:*.asf=01;35:*.rm=01;35:*.rmvb=01;35:*.flc=01;35:*.avi=01;35:*.fli=01;35:*.flv=01;35:*.gl=01;35:*.dl=01;35:*.xcf=01;35:*.xwd=01;35:*.yuv=01;35:*.cgm=01;35:*.emf=01;35:*.ogv=01;35:*.ogx=01;35:*.aac=00;36:*.au=00;36:*.flac=00;36:*.m4a=00;36:*.mid=00;36:*.midi=00;36:*.mka=00;36:*.mp3=00;36:*.mpc=00;36:*.ogg=00;36:*.ra=00;36:*.wav=00;36:*.oga=00;36:*.opus=00;36:*.spx=00;36:*.xspf=00;36:'), ('VSCODE_GIT_IPC_HANDLE', '/run/user/1000/vscode-git-51992ed709.sock'), ('GNOME_TERMINAL_SERVICE', ':1.82'), ('TERM_PROGRAM', 'vscode'), ('SSH_AUTH_SOCK', '/run/user/1000/keyring/ssh'), ('XDG_GREETER_DATA_DIR', '/var/lib/lightdm-data/yanji'), ('AMENT_PREFIX_PATH', '/home/yanji/robot_screwing/install/screw_robot_control:/home/yanji/robot_screwing/install/robot_msgs:/home/yanji/robot_screwing/install/real_robot:/home/yanji/robot_screwing/install/mj_sim:/opt/ros/foxy'), ('CONDA_PYTHON_EXE', '/home/yanji/anaconda3/bin/python'), ('ORIGINAL_XDG_CURRENT_DESKTOP', 'ubuntu:GNOME'), ('SHELL', '/bin/bash'), ('LC_NAME', 'en_US.UTF-8'), ('QT_ACCESSIBILITY', '1'), ('GDMSESSION', 'ubuntu'), ('LESSCLOSE', '/usr/bin/lesspipe %s %s'), ('CONDA_DEFAULT_ENV', 'screwrobot'), ('LC_MEASUREMENT', 'en_US.UTF-8'), ('GPG_AGENT_INFO', '/run/user/1000/gnupg/S.gpg-agent:0:1'), ('LC_IDENTIFICATION', 'en_US.UTF-8'), ('VSCODE_GIT_ASKPASS_EXTRA_ARGS', ''), ('QT_IM_MODULE', 'ibus'), ('PWD', '/home/yanji/robot_screwing/build/robot_msgs'), ('LC_ALL', 'en_US.UTF-8'), ('XDG_CONFIG_DIRS', '/etc/xdg/xdg-ubuntu:/etc/xdg'), ('CONDA_EXE', '/home/yanji/anaconda3/bin/conda'), ('XDG_DATA_DIRS', '/usr/share/ubuntu:/home/yanji/.local/share/flatpak/exports/share:/var/lib/flatpak/exports/share:/usr/local/share:/usr/share:/var/lib/snapd/desktop'), ('PYTHONPATH', '/home/yanji/robot_screwing/install/robot_msgs/lib/python3.8/site-packages:/home/yanji/robot_screwing/install/real_robot/lib/python3.8/site-packages:/home/yanji/robot_screwing/install/mj_sim/lib/python3.8/site-packages:/opt/ros/foxy/lib/python3.8/site-packages'), ('HTTP_PROXY', 'http://127.0.0.1:7890/'), ('LC_NUMERIC', 'en_US.UTF-8'), ('CONDA_PREFIX', '/home/yanji/anaconda3/envs/screwrobot'), ('LC_PAPER', 'en_US.UTF-8'), ('COLCON', '1'), ('VTE_VERSION', '6003'), ('CMAKE_PREFIX_PATH', '/home/yanji/robot_screwing/install/screw_robot_control:/home/yanji/robot_screwing/install/robot_msgs:/home/yanji/robot_screwing/install/real_robot:/home/yanji/robot_screwing/install/mj_sim:/opt/ros/foxy')]), 'shell': False}
[0.099963] (-) TimerEvent: {}
[0.200253] (-) TimerEvent: {}
[0.234934] (robot_msgs) StdoutLine: {'line': b'[  1%] Built target robot_msgs__cpp\n'}
[0.235295] (robot_msgs) StdoutLine: {'line': b'[ 12%] Built target robot_msgs__rosidl_generator_c\n'}
[0.235607] (robot_msgs) StdoutLine: {'line': b'[ 24%] Built target robot_msgs__rosidl_typesupport_cpp\n'}
[0.235966] (robot_msgs) StdoutLine: {'line': b'[ 35%] Built target robot_msgs__rosidl_typesupport_introspection_cpp\n'}
[0.236020] (robot_msgs) StdoutLine: {'line': b'[ 47%] Built target robot_msgs__rosidl_typesupport_c\n'}
[0.236128] (robot_msgs) StdoutLine: {'line': b'[ 58%] Built target robot_msgs__rosidl_typesupport_introspection_c\n'}
[0.236228] (robot_msgs) StdoutLine: {'line': b'[ 70%] Built target robot_msgs__rosidl_typesupport_fastrtps_cpp\n'}
[0.236800] (robot_msgs) StdoutLine: {'line': b'[ 82%] Built target robot_msgs__rosidl_typesupport_fastrtps_c\n'}
[0.236850] (robot_msgs) StdoutLine: {'line': b'[ 82%] Built target robot_msgs\n'}
[0.236897] (robot_msgs) StdoutLine: {'line': b'[ 83%] Built target robot_msgs__py\n'}
[0.236924] (robot_msgs) StdoutLine: {'line': b'[ 93%] Built target robot_msgs__python\n'}
[0.236949] (robot_msgs) StdoutLine: {'line': b'[ 97%] Built target robot_msgs__rosidl_typesupport_introspection_c__pyext\n'}
[0.236973] (robot_msgs) StdoutLine: {'line': b'[ 97%] Built target robot_msgs__rosidl_typesupport_c__pyext\n'}
[0.236999] (robot_msgs) StdoutLine: {'line': b'[100%] Built target robot_msgs__rosidl_typesupport_fastrtps_c__pyext\n'}
[0.237027] (robot_msgs) CommandEnded: {'returncode': 0}
[0.237281] (robot_msgs) JobProgress: {'identifier': 'robot_msgs', 'progress': 'install'}
[0.240842] (robot_msgs) Command: {'cmd': ['/usr/bin/cmake', '--install', '/home/yanji/robot_screwing/build/robot_msgs'], 'cwd': '/home/yanji/robot_screwing/build/robot_msgs', 'env': OrderedDict([('LESSOPEN', '| /usr/bin/lesspipe %s'), ('LIBRARY_PATH', '/home/yanji/jaka_python:/home/yanji/jaka_python::/usr/local/cuda/lib64:/usr/local/cuda/lib64'), ('CONDA_PROMPT_MODIFIER', '(screwrobot)'), ('HTTPS_PROXY', 'http://127.0.0.1:7890/'), ('no_proxy', 'localhost,127.0.0.0/8,::1'), ('LANGUAGE', 'zh_CN:en'), ('USER', 'yanji'), ('LC_TIME', 'en_US.UTF-8'), ('all_proxy', 'socks://127.0.0.1:7891/'), ('SSH_AGENT_PID', '2030'), ('XDG_SESSION_TYPE', 'x11'), ('GIT_ASKPASS', '/usr/share/code/resources/app/extensions/git/dist/askpass.sh'), ('SHLVL', '2'), ('LD_LIBRARY_PATH', '/lib/x86_64-linux-gnu:/usr/lib/x86_64-linux-gnu:/home/yanji/robot_screwing/install/screw_robot_control/lib:/home/yanji/robot_screwing/install/robot_msgs/lib:/opt/ros/foxy/opt/yaml_cpp_vendor/lib:/opt/ros/foxy/opt/rviz_ogre_vendor/lib:/opt/ros/foxy/lib/x86_64-linux-gnu:/opt/ros/foxy/lib:/lib/x86_64-linux-gnu:/usr/lib/x86_64-linux-gnu::/usr/local/cuda/lib64:/usr/local/cuda/lib64'), ('HOME', '/home/yanji'), ('CHROME_DESKTOP', 'code.desktop'), ('CONDA_SHLVL', '1'), ('OLDPWD', '/home/yanji/robot_screwing/src'), ('TERM_PROGRAM_VERSION', '1.97.2'), ('DESKTOP_SESSION', 'ubuntu'), ('NO_PROXY', 'localhost,127.0.0.0/8,::1'), ('ROS_PYTHON_VERSION', '3'), ('GNOME_SHELL_SESSION_MODE', 'ubuntu'), ('GTK_MODULES', 'gail:atk-bridge'), ('XDG_SEAT_PATH', '/org/freedesktop/DisplayManager/Seat0'), ('VSCODE_GIT_ASKPASS_MAIN', '/usr/share/code/resources/app/extensions/git/dist/askpass-main.js'), ('LC_MONETARY', 'en_US.UTF-8'), ('VSCODE_GIT_ASKPASS_NODE', '/usr/share/code/code'), ('MANAGERPID', '1942'), ('PYDEVD_DISABLE_FILE_VALIDATION', '1'), ('BUNDLED_DEBUGPY_PATH', '/home/yanji/.vscode/extensions/ms-python.debugpy-2025.10.0-linux-x64/bundled/libs/debugpy'), ('DBUS_SESSION_BUS_ADDRESS', 'unix:path=/run/user/1000/bus'), ('COLORTERM', 'truecolor'), ('_CE_M', ''), ('IM_CONFIG_PHASE', '1'), ('https_proxy', 'http://127.0.0.1:7890/'), ('COLCON_PREFIX_PATH', '/home/yanji/robot_screwing/install'), ('ROS_DISTRO', 'foxy'), ('LOGNAME', 'yanji'), ('ALL_PROXY', 'socks://127.0.0.1:7891/'), ('http_proxy', 'http://127.0.0.1:7890/'), ('JOURNAL_STREAM', '8:62573'), ('_', '/usr/bin/colcon'), ('ROS_VERSION', '2'), ('XDG_SESSION_CLASS', 'user'), ('TERM', 'xterm-256color'), ('GNOME_DESKTOP_SESSION_ID', 'this-is-deprecated'), ('_CE_CONDA', ''), ('ROS_LOCALHOST_ONLY', '0'), ('PATH', '/home/yanji/anaconda3/envs/screwrobot/bin:/opt/ros/foxy/bin:/usr/lib/ccache:/home/yanji/anaconda3/envs/screwrobot/bin:/usr/lib/ccache:/home/yanji/anaconda3/condabin:/home/yanji/.local/bin:/usr/local/sbin:/usr/local/bin:/usr/sbin:/usr/bin:/sbin:/bin:/usr/games:/usr/local/games:/snap/bin:/usr/local/cuda/bin:/home/yanji/pycharm/bin:/home/yanji/.vscode/extensions/ms-python.debugpy-2025.10.0-linux-x64/bundled/scripts/noConfigScripts:/usr/local/cuda/bin:/home/yanji/pycharm/bin'), ('SESSION_MANAGER', 'local/yanji-server:@/tmp/.ICE-unix/2066,unix/yanji-server:/tmp/.ICE-unix/2066'), ('GDM_LANG', 'zh_CN'), ('INVOCATION_ID', '7d605fe84c3e49cabbdb23ff5b52dddb'), ('PAPERSIZE', 'letter'), ('XDG_SESSION_PATH', '/org/freedesktop/DisplayManager/Session0'), ('XDG_MENU_PREFIX', 'gnome-'), ('LC_ADDRESS', 'en_US.UTF-8'), ('GNOME_TERMINAL_SCREEN', '/org/gnome/Terminal/screen/74f246c2_f299_40e3_8e19_ce1c8425d4a0'), ('XDG_RUNTIME_DIR', '/run/user/1000'), ('GDK_BACKEND', 'x11'), ('DISPLAY', ':0'), ('VSCODE_DEBUGPY_ADAPTER_ENDPOINTS', '/home/yanji/.vscode/extensions/ms-python.debugpy-2025.10.0-linux-x64/.noConfigDebugAdapterEndpoints/endpoint-35e173d817dea6ca.txt'), ('LANG', 'zh_CN.UTF-8'), ('XDG_CURRENT_DESKTOP', 'Unity'), ('LC_TELEPHONE', 'en_US.UTF-8'), ('XMODIFIERS', '@im=ibus'), ('XDG_SESSION_DESKTOP', 'ubuntu'), ('XAUTHORITY', '/home/yanji/.Xauthority'), ('LS_COLORS', 'rs=0:di=01;34:ln=01;36:mh=00:pi=40;33:so=01;35:do=01;35:bd=40;33;01:cd=40;33;01:or=40;31;01:mi=00:su=37;41:sg=30;43:ca=30;41:tw=30;42:ow=34;42:st=37;44:ex=01;32:*.tar=01;31:*.tgz=01;31:*.arc=01;31:*.arj=01;31:*.taz=01;31:*.lha=01;31:*.lz4=01;31:*.lzh=01;31:*.lzma=01;31:*.tlz=01;31:*.txz=01;31:*.tzo=01;31:*.t7z=01;31:*.zip=01;31:*.z=01;31:*.dz=01;31:*.gz=01;31:*.lrz=01;31:*.lz=01;31:*.lzo=01;31:*.xz=01;31:*.zst=01;31:*.tzst=01;31:*.bz2=01;31:*.bz=01;31:*.tbz=01;31:*.tbz2=01;31:*.tz=01;31:*.deb=01;31:*.rpm=01;31:*.jar=01;31:*.war=01;31:*.ear=01;31:*.sar=01;31:*.rar=01;31:*.alz=01;31:*.ace=01;31:*.zoo=01;31:*.cpio=01;31:*.7z=01;31:*.rz=01;31:*.cab=01;31:*.wim=01;31:*.swm=01;31:*.dwm=01;31:*.esd=01;31:*.jpg=01;35:*.jpeg=01;35:*.mjpg=01;35:*.mjpeg=01;35:*.gif=01;35:*.bmp=01;35:*.pbm=01;35:*.pgm=01;35:*.ppm=01;35:*.tga=01;35:*.xbm=01;35:*.xpm=01;35:*.tif=01;35:*.tiff=01;35:*.png=01;35:*.svg=01;35:*.svgz=01;35:*.mng=01;35:*.pcx=01;35:*.mov=01;35:*.mpg=01;35:*.mpeg=01;35:*.m2v=01;35:*.mkv=01;35:*.webm=01;35:*.ogm=01;35:*.mp4=01;35:*.m4v=01;35:*.mp4v=01;35:*.vob=01;35:*.qt=01;35:*.nuv=01;35:*.wmv=01;35:*.asf=01;35:*.rm=01;35:*.rmvb=01;35:*.flc=01;35:*.avi=01;35:*.fli=01;35:*.flv=01;35:*.gl=01;35:*.dl=01;35:*.xcf=01;35:*.xwd=01;35:*.yuv=01;35:*.cgm=01;35:*.emf=01;35:*.ogv=01;35:*.ogx=01;35:*.aac=00;36:*.au=00;36:*.flac=00;36:*.m4a=00;36:*.mid=00;36:*.midi=00;36:*.mka=00;36:*.mp3=00;36:*.mpc=00;36:*.ogg=00;36:*.ra=00;36:*.wav=00;36:*.oga=00;36:*.opus=00;36:*.spx=00;36:*.xspf=00;36:'), ('VSCODE_GIT_IPC_HANDLE', '/run/user/1000/vscode-git-51992ed709.sock'), ('GNOME_TERMINAL_SERVICE', ':1.82'), ('TERM_PROGRAM', 'vscode'), ('SSH_AUTH_SOCK', '/run/user/1000/keyring/ssh'), ('XDG_GREETER_DATA_DIR', '/var/lib/lightdm-data/yanji'), ('AMENT_PREFIX_PATH', '/home/yanji/robot_screwing/install/screw_robot_control:/home/yanji/robot_screwing/install/robot_msgs:/home/yanji/robot_screwing/install/real_robot:/home/yanji/robot_screwing/install/mj_sim:/opt/ros/foxy'), ('CONDA_PYTHON_EXE', '/home/yanji/anaconda3/bin/python'), ('ORIGINAL_XDG_CURRENT_DESKTOP', 'ubuntu:GNOME'), ('SHELL', '/bin/bash'), ('LC_NAME', 'en_US.UTF-8'), ('QT_ACCESSIBILITY', '1'), ('GDMSESSION', 'ubuntu'), ('LESSCLOSE', '/usr/bin/lesspipe %s %s'), ('CONDA_DEFAULT_ENV', 'screwrobot'), ('LC_MEASUREMENT', 'en_US.UTF-8'), ('GPG_AGENT_INFO', '/run/user/1000/gnupg/S.gpg-agent:0:1'), ('LC_IDENTIFICATION', 'en_US.UTF-8'), ('VSCODE_GIT_ASKPASS_EXTRA_ARGS', ''), ('QT_IM_MODULE', 'ibus'), ('PWD', '/home/yanji/robot_screwing/build/robot_msgs'), ('LC_ALL', 'en_US.UTF-8'), ('XDG_CONFIG_DIRS', '/etc/xdg/xdg-ubuntu:/etc/xdg'), ('CONDA_EXE', '/home/yanji/anaconda3/bin/conda'), ('XDG_DATA_DIRS', '/usr/share/ubuntu:/home/yanji/.local/share/flatpak/exports/share:/var/lib/flatpak/exports/share:/usr/local/share:/usr/share:/var/lib/snapd/desktop'), ('PYTHONPATH', '/home/yanji/robot_screwing/install/robot_msgs/lib/python3.8/site-packages:/home/yanji/robot_screwing/install/real_robot/lib/python3.8/site-packages:/home/yanji/robot_screwing/install/mj_sim/lib/python3.8/site-packages:/opt/ros/foxy/lib/python3.8/site-packages'), ('HTTP_PROXY', 'http://127.0.0.1:7890/'), ('LC_NUMERIC', 'en_US.UTF-8'), ('CONDA_PREFIX', '/home/yanji/anaconda3/envs/screwrobot'), ('LC_PAPER', 'en_US.UTF-8'), ('COLCON', '1'), ('VTE_VERSION', '6003'), ('CMAKE_PREFIX_PATH', '/home/yanji/robot_screwing/install/screw_robot_control:/home/yanji/robot_screwing/install/robot_msgs:/home/yanji/robot_screwing/install/real_robot:/home/yanji/robot_screwing/install/mj_sim:/opt/ros/foxy')]), 'shell': False}
[0.245178] (robot_msgs) StdoutLine: {'line': b'-- Install configuration: ""\n'}
[0.245613] (robot_msgs) StdoutLine: {'line': b'-- Up-to-date: /home/yanji/robot_screwing/install/robot_msgs/share/ament_index/resource_index/rosidl_interfaces/robot_msgs\n'}
[0.245991] (robot_msgs) StdoutLine: {'line': b'-- Up-to-date: /home/yanji/robot_screwing/install/robot_msgs/include/robot_msgs\n'}
[0.246047] (robot_msgs) StdoutLine: {'line': b'-- Up-to-date: /home/yanji/robot_screwing/install/robot_msgs/include/robot_msgs/srv\n'}
[0.246093] (robot_msgs) StdoutLine: {'line': b'-- Up-to-date: /home/yanji/robot_screwing/install/robot_msgs/include/robot_msgs/srv/detail\n'}
[0.246153] (robot_msgs) StdoutLine: {'line': b'-- Up-to-date: /home/yanji/robot_screwing/install/robot_msgs/include/robot_msgs/srv/detail/start_rotation__functions.c\n'}
[0.246229] (robot_msgs) StdoutLine: {'line': b'-- Up-to-date: /home/yanji/robot_screwing/install/robot_msgs/include/robot_msgs/srv/detail/start_pose__type_support.h\n'}
[0.246309] (robot_msgs) StdoutLine: {'line': b'-- Up-to-date: /home/yanji/robot_screwing/install/robot_msgs/include/robot_msgs/srv/detail/start_rotation__struct.h\n'}
[0.246374] (robot_msgs) StdoutLine: {'line': b'-- Up-to-date: /home/yanji/robot_screwing/install/robot_msgs/include/robot_msgs/srv/detail/start_pose__functions.h\n'}
[0.246414] (robot_msgs) StdoutLine: {'line': b'-- Up-to-date: /home/yanji/robot_screwing/install/robot_msgs/include/robot_msgs/srv/detail/start_pose__struct.h\n'}
[0.246463] (robot_msgs) StdoutLine: {'line': b'-- Up-to-date: /home/yanji/robot_screwing/install/robot_msgs/include/robot_msgs/srv/detail/start_pose__functions.c\n'}
[0.246501] (robot_msgs) StdoutLine: {'line': b'-- Up-to-date: /home/yanji/robot_screwing/install/robot_msgs/include/robot_msgs/srv/detail/start_rotation__functions.h\n'}
[0.246555] (robot_msgs) StdoutLine: {'line': b'-- Up-to-date: /home/yanji/robot_screwing/install/robot_msgs/include/robot_msgs/srv/detail/start_rotation__type_support.h\n'}
[0.246630] (robot_msgs) StdoutLine: {'line': b'-- Up-to-date: /home/yanji/robot_screwing/install/robot_msgs/include/robot_msgs/srv/start_pose.h\n'}
[0.246685] (robot_msgs) StdoutLine: {'line': b'-- Up-to-date: /home/yanji/robot_screwing/install/robot_msgs/include/robot_msgs/srv/start_rotation.h\n'}
[0.246744] (robot_msgs) StdoutLine: {'line': b'-- Up-to-date: /home/yanji/robot_screwing/install/robot_msgs/include/robot_msgs/action\n'}
[0.246789] (robot_msgs) StdoutLine: {'line': b'-- Up-to-date: /home/yanji/robot_screwing/install/robot_msgs/include/robot_msgs/action/detail\n'}
[0.246846] (robot_msgs) StdoutLine: {'line': b'-- Up-to-date: /home/yanji/robot_screwing/install/robot_msgs/include/robot_msgs/action/detail/screw__struct.h\n'}
[0.246897] (robot_msgs) StdoutLine: {'line': b'-- Up-to-date: /home/yanji/robot_screwing/install/robot_msgs/include/robot_msgs/action/detail/screw__functions.c\n'}
[0.246940] (robot_msgs) StdoutLine: {'line': b'-- Up-to-date: /home/yanji/robot_screwing/install/robot_msgs/include/robot_msgs/action/detail/screw__functions.h\n'}
[0.246992] (robot_msgs) StdoutLine: {'line': b'-- Up-to-date: /home/yanji/robot_screwing/install/robot_msgs/include/robot_msgs/action/detail/screw__type_support.h\n'}
[0.247041] (robot_msgs) StdoutLine: {'line': b'-- Up-to-date: /home/yanji/robot_screwing/install/robot_msgs/include/robot_msgs/action/screw.h\n'}
[0.247080] (robot_msgs) StdoutLine: {'line': b'-- Up-to-date: /home/yanji/robot_screwing/install/robot_msgs/include/robot_msgs/msg\n'}
[0.247160] (robot_msgs) StdoutLine: {'line': b'-- Up-to-date: /home/yanji/robot_screwing/install/robot_msgs/include/robot_msgs/msg/detail\n'}
[0.247258] (robot_msgs) StdoutLine: {'line': b'-- Up-to-date: /home/yanji/robot_screwing/install/robot_msgs/include/robot_msgs/msg/detail/current_pub__struct.h\n'}
[0.247348] (robot_msgs) StdoutLine: {'line': b'-- Up-to-date: /home/yanji/robot_screwing/install/robot_msgs/include/robot_msgs/msg/detail/current_pub__functions.h\n'}
[0.247439] (robot_msgs) StdoutLine: {'line': b'-- Up-to-date: /home/yanji/robot_screwing/install/robot_msgs/include/robot_msgs/msg/detail/robot_status__functions.h\n'}
[0.247515] (robot_msgs) StdoutLine: {'line': b'-- Up-to-date: /home/yanji/robot_screwing/install/robot_msgs/include/robot_msgs/msg/detail/ft_pub__functions.h\n'}
[0.247600] (robot_msgs) StdoutLine: {'line': b'-- Up-to-date: /home/yanji/robot_screwing/install/robot_msgs/include/robot_msgs/msg/detail/ref_status__functions.h\n'}
[0.247699] (robot_msgs) StdoutLine: {'line': b'-- Up-to-date: /home/yanji/robot_screwing/install/robot_msgs/include/robot_msgs/msg/detail/width_pub__type_support.h\n'}
[0.247768] (robot_msgs) StdoutLine: {'line': b'-- Up-to-date: /home/yanji/robot_screwing/install/robot_msgs/include/robot_msgs/msg/detail/control_command__type_support.h\n'}
[0.247811] (robot_msgs) StdoutLine: {'line': b'-- Up-to-date: /home/yanji/robot_screwing/install/robot_msgs/include/robot_msgs/msg/detail/control_command__functions.h\n'}
[0.247868] (robot_msgs) StdoutLine: {'line': b'-- Up-to-date: /home/yanji/robot_screwing/install/robot_msgs/include/robot_msgs/msg/detail/ft_pub__functions.c\n'}
[0.247912] (robot_msgs) StdoutLine: {'line': b'-- Up-to-date: /home/yanji/robot_screwing/install/robot_msgs/include/robot_msgs/msg/detail/width_pub__struct.h\n'}
[0.247951] (robot_msgs) StdoutLine: {'line': b'-- Up-to-date: /home/yanji/robot_screwing/install/robot_msgs/include/robot_msgs/msg/detail/control_command__functions.c\n'}
[0.247996] (robot_msgs) StdoutLine: {'line': b'-- Up-to-date: /home/yanji/robot_screwing/install/robot_msgs/include/robot_msgs/msg/detail/control_command__struct.h\n'}
[0.248034] (robot_msgs) StdoutLine: {'line': b'-- Up-to-date: /home/yanji/robot_screwing/install/robot_msgs/include/robot_msgs/msg/detail/robot_status__struct.h\n'}
[0.248086] (robot_msgs) StdoutLine: {'line': b'-- Up-to-date: /home/yanji/robot_screwing/install/robot_msgs/include/robot_msgs/msg/detail/width_pub__functions.h\n'}
[0.248135] (robot_msgs) StdoutLine: {'line': b'-- Up-to-date: /home/yanji/robot_screwing/install/robot_msgs/include/robot_msgs/msg/detail/robot_status__type_support.h\n'}
[0.248175] (robot_msgs) StdoutLine: {'line': b'-- Up-to-date: /home/yanji/robot_screwing/install/robot_msgs/include/robot_msgs/msg/detail/ft_pub__type_support.h\n'}
[0.248216] (robot_msgs) StdoutLine: {'line': b'-- Up-to-date: /home/yanji/robot_screwing/install/robot_msgs/include/robot_msgs/msg/detail/ref_status__type_support.h\n'}
[0.248264] (robot_msgs) StdoutLine: {'line': b'-- Up-to-date: /home/yanji/robot_screwing/install/robot_msgs/include/robot_msgs/msg/detail/current_pub__functions.c\n'}
[0.248310] (robot_msgs) StdoutLine: {'line': b'-- Up-to-date: /home/yanji/robot_screwing/install/robot_msgs/include/robot_msgs/msg/detail/current_pub__type_support.h\n'}
[0.248353] (robot_msgs) StdoutLine: {'line': b'-- Up-to-date: /home/yanji/robot_screwing/install/robot_msgs/include/robot_msgs/msg/detail/robot_status__functions.c\n'}
[0.248395] (robot_msgs) StdoutLine: {'line': b'-- Up-to-date: /home/yanji/robot_screwing/install/robot_msgs/include/robot_msgs/msg/detail/width_pub__functions.c\n'}
[0.248443] (robot_msgs) StdoutLine: {'line': b'-- Up-to-date: /home/yanji/robot_screwing/install/robot_msgs/include/robot_msgs/msg/detail/ft_pub__struct.h\n'}
[0.248482] (robot_msgs) StdoutLine: {'line': b'-- Up-to-date: /home/yanji/robot_screwing/install/robot_msgs/include/robot_msgs/msg/detail/ref_status__functions.c\n'}
[0.248522] (robot_msgs) StdoutLine: {'line': b'-- Up-to-date: /home/yanji/robot_screwing/install/robot_msgs/include/robot_msgs/msg/detail/ref_status__struct.h\n'}
[0.248563] (robot_msgs) StdoutLine: {'line': b'-- Up-to-date: /home/yanji/robot_screwing/install/robot_msgs/include/robot_msgs/msg/robot_status.h\n'}
[0.248605] (robot_msgs) StdoutLine: {'line': b'-- Up-to-date: /home/yanji/robot_screwing/install/robot_msgs/include/robot_msgs/msg/control_command.h\n'}
[0.248645] (robot_msgs) StdoutLine: {'line': b'-- Up-to-date: /home/yanji/robot_screwing/install/robot_msgs/include/robot_msgs/msg/rosidl_generator_c__visibility_control.h\n'}
[0.248683] (robot_msgs) StdoutLine: {'line': b'-- Up-to-date: /home/yanji/robot_screwing/install/robot_msgs/include/robot_msgs/msg/current_pub.h\n'}
[0.248724] (robot_msgs) StdoutLine: {'line': b'-- Up-to-date: /home/yanji/robot_screwing/install/robot_msgs/include/robot_msgs/msg/width_pub.h\n'}
[0.248764] (robot_msgs) StdoutLine: {'line': b'-- Up-to-date: /home/yanji/robot_screwing/install/robot_msgs/include/robot_msgs/msg/ref_status.h\n'}
[0.248808] (robot_msgs) StdoutLine: {'line': b'-- Up-to-date: /home/yanji/robot_screwing/install/robot_msgs/include/robot_msgs/msg/ft_pub.h\n'}
[0.248847] (robot_msgs) StdoutLine: {'line': b'-- Up-to-date: /home/yanji/robot_screwing/install/robot_msgs/share/robot_msgs/environment/library_path.sh\n'}
[0.248885] (robot_msgs) StdoutLine: {'line': b'-- Up-to-date: /home/yanji/robot_screwing/install/robot_msgs/share/robot_msgs/environment/library_path.dsv\n'}
[0.248923] (robot_msgs) StdoutLine: {'line': b'-- Up-to-date: /home/yanji/robot_screwing/install/robot_msgs/lib/librobot_msgs__rosidl_generator_c.so\n'}
[0.248962] (robot_msgs) StdoutLine: {'line': b'-- Up-to-date: /home/yanji/robot_screwing/install/robot_msgs/include/robot_msgs\n'}
[0.249000] (robot_msgs) StdoutLine: {'line': b'-- Up-to-date: /home/yanji/robot_screwing/install/robot_msgs/include/robot_msgs/srv\n'}
[0.249038] (robot_msgs) StdoutLine: {'line': b'-- Up-to-date: /home/yanji/robot_screwing/install/robot_msgs/include/robot_msgs/srv/detail\n'}
[0.249077] (robot_msgs) StdoutLine: {'line': b'-- Up-to-date: /home/yanji/robot_screwing/install/robot_msgs/include/robot_msgs/srv/detail/start_rotation__rosidl_typesupport_fastrtps_c.h\n'}
[0.249118] (robot_msgs) StdoutLine: {'line': b'-- Up-to-date: /home/yanji/robot_screwing/install/robot_msgs/include/robot_msgs/srv/detail/start_pose__rosidl_typesupport_fastrtps_c.h\n'}
[0.249159] (robot_msgs) StdoutLine: {'line': b'-- Up-to-date: /home/yanji/robot_screwing/install/robot_msgs/include/robot_msgs/action\n'}
[0.249199] (robot_msgs) StdoutLine: {'line': b'-- Up-to-date: /home/yanji/robot_screwing/install/robot_msgs/include/robot_msgs/action/detail\n'}
[0.249238] (robot_msgs) StdoutLine: {'line': b'-- Up-to-date: /home/yanji/robot_screwing/install/robot_msgs/include/robot_msgs/action/detail/screw__rosidl_typesupport_fastrtps_c.h\n'}
[0.249288] (robot_msgs) StdoutLine: {'line': b'-- Up-to-date: /home/yanji/robot_screwing/install/robot_msgs/include/robot_msgs/msg\n'}
[0.249331] (robot_msgs) StdoutLine: {'line': b'-- Up-to-date: /home/yanji/robot_screwing/install/robot_msgs/include/robot_msgs/msg/detail\n'}
[0.249373] (robot_msgs) StdoutLine: {'line': b'-- Up-to-date: /home/yanji/robot_screwing/install/robot_msgs/include/robot_msgs/msg/detail/current_pub__rosidl_typesupport_fastrtps_c.h\n'}
[0.249416] (robot_msgs) StdoutLine: {'line': b'-- Up-to-date: /home/yanji/robot_screwing/install/robot_msgs/include/robot_msgs/msg/detail/control_command__rosidl_typesupport_fastrtps_c.h\n'}
[0.249461] (robot_msgs) StdoutLine: {'line': b'-- Up-to-date: /home/yanji/robot_screwing/install/robot_msgs/include/robot_msgs/msg/detail/width_pub__rosidl_typesupport_fastrtps_c.h\n'}
[0.249502] (robot_msgs) StdoutLine: {'line': b'-- Up-to-date: /home/yanji/robot_screwing/install/robot_msgs/include/robot_msgs/msg/detail/ref_status__rosidl_typesupport_fastrtps_c.h\n'}
[0.249540] (robot_msgs) StdoutLine: {'line': b'-- Up-to-date: /home/yanji/robot_screwing/install/robot_msgs/include/robot_msgs/msg/detail/ft_pub__rosidl_typesupport_fastrtps_c.h\n'}
[0.249579] (robot_msgs) StdoutLine: {'line': b'-- Up-to-date: /home/yanji/robot_screwing/install/robot_msgs/include/robot_msgs/msg/detail/robot_status__rosidl_typesupport_fastrtps_c.h\n'}
[0.249619] (robot_msgs) StdoutLine: {'line': b'-- Up-to-date: /home/yanji/robot_screwing/install/robot_msgs/include/robot_msgs/msg/rosidl_typesupport_fastrtps_c__visibility_control.h\n'}
[0.249660] (robot_msgs) StdoutLine: {'line': b'-- Up-to-date: /home/yanji/robot_screwing/install/robot_msgs/lib/librobot_msgs__rosidl_typesupport_fastrtps_c.so\n'}
[0.249702] (robot_msgs) StdoutLine: {'line': b'-- Up-to-date: /home/yanji/robot_screwing/install/robot_msgs/include/robot_msgs\n'}
[0.249742] (robot_msgs) StdoutLine: {'line': b'-- Up-to-date: /home/yanji/robot_screwing/install/robot_msgs/include/robot_msgs/srv\n'}
[0.249780] (robot_msgs) StdoutLine: {'line': b'-- Up-to-date: /home/yanji/robot_screwing/install/robot_msgs/include/robot_msgs/srv/detail\n'}
[0.249818] (robot_msgs) StdoutLine: {'line': b'-- Up-to-date: /home/yanji/robot_screwing/install/robot_msgs/include/robot_msgs/srv/detail/dds_fastrtps\n'}
[0.249856] (robot_msgs) StdoutLine: {'line': b'-- Up-to-date: /home/yanji/robot_screwing/install/robot_msgs/include/robot_msgs/srv/detail/start_pose__rosidl_typesupport_fastrtps_cpp.hpp\n'}
[0.249895] (robot_msgs) StdoutLine: {'line': b'-- Up-to-date: /home/yanji/robot_screwing/install/robot_msgs/include/robot_msgs/srv/detail/start_rotation__rosidl_typesupport_fastrtps_cpp.hpp\n'}
[0.249935] (robot_msgs) StdoutLine: {'line': b'-- Up-to-date: /home/yanji/robot_screwing/install/robot_msgs/include/robot_msgs/action\n'}
[0.249974] (robot_msgs) StdoutLine: {'line': b'-- Up-to-date: /home/yanji/robot_screwing/install/robot_msgs/include/robot_msgs/action/detail\n'}
[0.250013] (robot_msgs) StdoutLine: {'line': b'-- Up-to-date: /home/yanji/robot_screwing/install/robot_msgs/include/robot_msgs/action/detail/dds_fastrtps\n'}
[0.250052] (robot_msgs) StdoutLine: {'line': b'-- Up-to-date: /home/yanji/robot_screwing/install/robot_msgs/include/robot_msgs/action/detail/screw__rosidl_typesupport_fastrtps_cpp.hpp\n'}
[0.250090] (robot_msgs) StdoutLine: {'line': b'-- Up-to-date: /home/yanji/robot_screwing/install/robot_msgs/include/robot_msgs/msg\n'}
[0.250128] (robot_msgs) StdoutLine: {'line': b'-- Up-to-date: /home/yanji/robot_screwing/install/robot_msgs/include/robot_msgs/msg/detail\n'}
[0.250167] (robot_msgs) StdoutLine: {'line': b'-- Up-to-date: /home/yanji/robot_screwing/install/robot_msgs/include/robot_msgs/msg/detail/control_command__rosidl_typesupport_fastrtps_cpp.hpp\n'}
[0.250208] (robot_msgs) StdoutLine: {'line': b'-- Up-to-date: /home/yanji/robot_screwing/install/robot_msgs/include/robot_msgs/msg/detail/width_pub__rosidl_typesupport_fastrtps_cpp.hpp\n'}
[0.250255] (robot_msgs) StdoutLine: {'line': b'-- Up-to-date: /home/yanji/robot_screwing/install/robot_msgs/include/robot_msgs/msg/detail/dds_fastrtps\n'}
[0.250300] (robot_msgs) StdoutLine: {'line': b'-- Up-to-date: /home/yanji/robot_screwing/install/robot_msgs/include/robot_msgs/msg/detail/ft_pub__rosidl_typesupport_fastrtps_cpp.hpp\n'}
[0.250340] (robot_msgs) StdoutLine: {'line': b'-- Up-to-date: /home/yanji/robot_screwing/install/robot_msgs/include/robot_msgs/msg/detail/robot_status__rosidl_typesupport_fastrtps_cpp.hpp\n'}
[0.250381] (robot_msgs) StdoutLine: {'line': b'-- Up-to-date: /home/yanji/robot_screwing/install/robot_msgs/include/robot_msgs/msg/detail/current_pub__rosidl_typesupport_fastrtps_cpp.hpp\n'}
[0.250420] (robot_msgs) StdoutLine: {'line': b'-- Up-to-date: /home/yanji/robot_screwing/install/robot_msgs/include/robot_msgs/msg/detail/ref_status__rosidl_typesupport_fastrtps_cpp.hpp\n'}
[0.250463] (robot_msgs) StdoutLine: {'line': b'-- Up-to-date: /home/yanji/robot_screwing/install/robot_msgs/include/robot_msgs/msg/rosidl_typesupport_fastrtps_cpp__visibility_control.h\n'}
[0.250502] (robot_msgs) StdoutLine: {'line': b'-- Up-to-date: /home/yanji/robot_screwing/install/robot_msgs/lib/librobot_msgs__rosidl_typesupport_fastrtps_cpp.so\n'}
[0.250544] (robot_msgs) StdoutLine: {'line': b'-- Up-to-date: /home/yanji/robot_screwing/install/robot_msgs/include/robot_msgs\n'}
[0.250586] (robot_msgs) StdoutLine: {'line': b'-- Up-to-date: /home/yanji/robot_screwing/install/robot_msgs/include/robot_msgs/srv\n'}
[0.250626] (robot_msgs) StdoutLine: {'line': b'-- Up-to-date: /home/yanji/robot_screwing/install/robot_msgs/include/robot_msgs/srv/detail\n'}
[0.250668] (robot_msgs) StdoutLine: {'line': b'-- Up-to-date: /home/yanji/robot_screwing/install/robot_msgs/include/robot_msgs/srv/detail/start_rotation__type_support.c\n'}
[0.250711] (robot_msgs) StdoutLine: {'line': b'-- Up-to-date: /home/yanji/robot_screwing/install/robot_msgs/include/robot_msgs/srv/detail/start_pose__type_support.c\n'}
[0.250752] (robot_msgs) StdoutLine: {'line': b'-- Up-to-date: /home/yanji/robot_screwing/install/robot_msgs/include/robot_msgs/srv/detail/start_rotation__rosidl_typesupport_introspection_c.h\n'}
[0.250794] (robot_msgs) StdoutLine: {'line': b'-- Up-to-date: /home/yanji/robot_screwing/install/robot_msgs/include/robot_msgs/srv/detail/start_pose__rosidl_typesupport_introspection_c.h\n'}
[0.250843] (robot_msgs) StdoutLine: {'line': b'-- Up-to-date: /home/yanji/robot_screwing/install/robot_msgs/include/robot_msgs/action\n'}
[0.250882] (robot_msgs) StdoutLine: {'line': b'-- Up-to-date: /home/yanji/robot_screwing/install/robot_msgs/include/robot_msgs/action/detail\n'}
[0.250919] (robot_msgs) StdoutLine: {'line': b'-- Up-to-date: /home/yanji/robot_screwing/install/robot_msgs/include/robot_msgs/action/detail/screw__type_support.c\n'}
[0.250956] (robot_msgs) StdoutLine: {'line': b'-- Up-to-date: /home/yanji/robot_screwing/install/robot_msgs/include/robot_msgs/action/detail/screw__rosidl_typesupport_introspection_c.h\n'}
[0.250993] (robot_msgs) StdoutLine: {'line': b'-- Up-to-date: /home/yanji/robot_screwing/install/robot_msgs/include/robot_msgs/msg\n'}
[0.251030] (robot_msgs) StdoutLine: {'line': b'-- Up-to-date: /home/yanji/robot_screwing/install/robot_msgs/include/robot_msgs/msg/detail\n'}
[0.251067] (robot_msgs) StdoutLine: {'line': b'-- Up-to-date: /home/yanji/robot_screwing/install/robot_msgs/include/robot_msgs/msg/detail/current_pub__rosidl_typesupport_introspection_c.h\n'}
[0.251107] (robot_msgs) StdoutLine: {'line': b'-- Up-to-date: /home/yanji/robot_screwing/install/robot_msgs/include/robot_msgs/msg/detail/ref_status__type_support.c\n'}
[0.251150] (robot_msgs) StdoutLine: {'line': b'-- Up-to-date: /home/yanji/robot_screwing/install/robot_msgs/include/robot_msgs/msg/detail/ref_status__rosidl_typesupport_introspection_c.h\n'}
[0.251192] (robot_msgs) StdoutLine: {'line': b'-- Up-to-date: /home/yanji/robot_screwing/install/robot_msgs/include/robot_msgs/msg/detail/current_pub__type_support.c\n'}
[0.251235] (robot_msgs) StdoutLine: {'line': b'-- Up-to-date: /home/yanji/robot_screwing/install/robot_msgs/include/robot_msgs/msg/detail/robot_status__type_support.c\n'}
[0.251281] (robot_msgs) StdoutLine: {'line': b'-- Up-to-date: /home/yanji/robot_screwing/install/robot_msgs/include/robot_msgs/msg/detail/control_command__rosidl_typesupport_introspection_c.h\n'}
[0.251321] (robot_msgs) StdoutLine: {'line': b'-- Up-to-date: /home/yanji/robot_screwing/install/robot_msgs/include/robot_msgs/msg/detail/ft_pub__rosidl_typesupport_introspection_c.h\n'}
[0.251360] (robot_msgs) StdoutLine: {'line': b'-- Up-to-date: /home/yanji/robot_screwing/install/robot_msgs/include/robot_msgs/msg/detail/control_command__type_support.c\n'}
[0.251398] (robot_msgs) StdoutLine: {'line': b'-- Up-to-date: /home/yanji/robot_screwing/install/robot_msgs/include/robot_msgs/msg/detail/ft_pub__type_support.c\n'}
[0.251436] (robot_msgs) StdoutLine: {'line': b'-- Up-to-date: /home/yanji/robot_screwing/install/robot_msgs/include/robot_msgs/msg/detail/width_pub__type_support.c\n'}
[0.251480] (robot_msgs) StdoutLine: {'line': b'-- Up-to-date: /home/yanji/robot_screwing/install/robot_msgs/include/robot_msgs/msg/detail/width_pub__rosidl_typesupport_introspection_c.h\n'}
[0.251518] (robot_msgs) StdoutLine: {'line': b'-- Up-to-date: /home/yanji/robot_screwing/install/robot_msgs/include/robot_msgs/msg/detail/robot_status__rosidl_typesupport_introspection_c.h\n'}
[0.251557] (robot_msgs) StdoutLine: {'line': b'-- Up-to-date: /home/yanji/robot_screwing/install/robot_msgs/include/robot_msgs/msg/rosidl_typesupport_introspection_c__visibility_control.h\n'}
[0.251597] (robot_msgs) StdoutLine: {'line': b'-- Up-to-date: /home/yanji/robot_screwing/install/robot_msgs/lib/librobot_msgs__rosidl_typesupport_introspection_c.so\n'}
[0.251634] (robot_msgs) StdoutLine: {'line': b'-- Up-to-date: /home/yanji/robot_screwing/install/robot_msgs/lib/librobot_msgs__rosidl_typesupport_c.so\n'}
[0.251671] (robot_msgs) StdoutLine: {'line': b'-- Up-to-date: /home/yanji/robot_screwing/install/robot_msgs/include/robot_msgs\n'}
[0.251705] (robot_msgs) StdoutLine: {'line': b'-- Up-to-date: /home/yanji/robot_screwing/install/robot_msgs/include/robot_msgs/srv\n'}
[0.251739] (robot_msgs) StdoutLine: {'line': b'-- Up-to-date: /home/yanji/robot_screwing/install/robot_msgs/include/robot_msgs/srv/detail\n'}
[0.251775] (robot_msgs) StdoutLine: {'line': b'-- Up-to-date: /home/yanji/robot_screwing/install/robot_msgs/include/robot_msgs/srv/detail/start_rotation__type_support.hpp\n'}
[0.251812] (robot_msgs) StdoutLine: {'line': b'-- Up-to-date: /home/yanji/robot_screwing/install/robot_msgs/include/robot_msgs/srv/detail/start_rotation__struct.hpp\n'}
[0.251850] (robot_msgs) StdoutLine: {'line': b'-- Up-to-date: /home/yanji/robot_screwing/install/robot_msgs/include/robot_msgs/srv/detail/start_pose__builder.hpp\n'}
[0.251889] (robot_msgs) StdoutLine: {'line': b'-- Up-to-date: /home/yanji/robot_screwing/install/robot_msgs/include/robot_msgs/srv/detail/start_rotation__traits.hpp\n'}
[0.251929] (robot_msgs) StdoutLine: {'line': b'-- Up-to-date: /home/yanji/robot_screwing/install/robot_msgs/include/robot_msgs/srv/detail/start_pose__type_support.hpp\n'}
[0.251968] (robot_msgs) StdoutLine: {'line': b'-- Up-to-date: /home/yanji/robot_screwing/install/robot_msgs/include/robot_msgs/srv/detail/start_rotation__builder.hpp\n'}
[0.252008] (robot_msgs) StdoutLine: {'line': b'-- Up-to-date: /home/yanji/robot_screwing/install/robot_msgs/include/robot_msgs/srv/detail/start_pose__traits.hpp\n'}
[0.252049] (robot_msgs) StdoutLine: {'line': b'-- Up-to-date: /home/yanji/robot_screwing/install/robot_msgs/include/robot_msgs/srv/detail/start_pose__struct.hpp\n'}
[0.252088] (robot_msgs) StdoutLine: {'line': b'-- Up-to-date: /home/yanji/robot_screwing/install/robot_msgs/include/robot_msgs/srv/start_pose.hpp\n'}
[0.252129] (robot_msgs) StdoutLine: {'line': b'-- Up-to-date: /home/yanji/robot_screwing/install/robot_msgs/include/robot_msgs/srv/start_rotation.hpp\n'}
[0.252171] (robot_msgs) StdoutLine: {'line': b'-- Up-to-date: /home/yanji/robot_screwing/install/robot_msgs/include/robot_msgs/action\n'}
[0.252211] (robot_msgs) StdoutLine: {'line': b'-- Up-to-date: /home/yanji/robot_screwing/install/robot_msgs/include/robot_msgs/action/detail\n'}
[0.252260] (robot_msgs) StdoutLine: {'line': b'-- Up-to-date: /home/yanji/robot_screwing/install/robot_msgs/include/robot_msgs/action/detail/screw__type_support.hpp\n'}
[0.252302] (robot_msgs) StdoutLine: {'line': b'-- Up-to-date: /home/yanji/robot_screwing/install/robot_msgs/include/robot_msgs/action/detail/screw__struct.hpp\n'}
[0.252340] (robot_msgs) StdoutLine: {'line': b'-- Up-to-date: /home/yanji/robot_screwing/install/robot_msgs/include/robot_msgs/action/detail/screw__builder.hpp\n'}
[0.252381] (robot_msgs) StdoutLine: {'line': b'-- Up-to-date: /home/yanji/robot_screwing/install/robot_msgs/include/robot_msgs/action/detail/screw__traits.hpp\n'}
[0.252423] (robot_msgs) StdoutLine: {'line': b'-- Up-to-date: /home/yanji/robot_screwing/install/robot_msgs/include/robot_msgs/action/screw.hpp\n'}
[0.252466] (robot_msgs) StdoutLine: {'line': b'-- Up-to-date: /home/yanji/robot_screwing/install/robot_msgs/include/robot_msgs/msg\n'}
[0.252507] (robot_msgs) StdoutLine: {'line': b'-- Up-to-date: /home/yanji/robot_screwing/install/robot_msgs/include/robot_msgs/msg/detail\n'}
[0.252548] (robot_msgs) StdoutLine: {'line': b'-- Up-to-date: /home/yanji/robot_screwing/install/robot_msgs/include/robot_msgs/msg/detail/ref_status__struct.hpp\n'}
[0.252591] (robot_msgs) StdoutLine: {'line': b'-- Up-to-date: /home/yanji/robot_screwing/install/robot_msgs/include/robot_msgs/msg/detail/ref_status__traits.hpp\n'}
[0.252635] (robot_msgs) StdoutLine: {'line': b'-- Up-to-date: /home/yanji/robot_screwing/install/robot_msgs/include/robot_msgs/msg/detail/ft_pub__builder.hpp\n'}
[0.252678] (robot_msgs) StdoutLine: {'line': b'-- Up-to-date: /home/yanji/robot_screwing/install/robot_msgs/include/robot_msgs/msg/detail/width_pub__builder.hpp\n'}
[0.252721] (robot_msgs) StdoutLine: {'line': b'-- Up-to-date: /home/yanji/robot_screwing/install/robot_msgs/include/robot_msgs/msg/detail/control_command__traits.hpp\n'}
[0.252765] (robot_msgs) StdoutLine: {'line': b'-- Up-to-date: /home/yanji/robot_screwing/install/robot_msgs/include/robot_msgs/msg/detail/ref_status__type_support.hpp\n'}
[0.252806] (robot_msgs) StdoutLine: {'line': b'-- Up-to-date: /home/yanji/robot_screwing/install/robot_msgs/include/robot_msgs/msg/detail/robot_status__type_support.hpp\n'}
[0.252848] (robot_msgs) StdoutLine: {'line': b'-- Up-to-date: /home/yanji/robot_screwing/install/robot_msgs/include/robot_msgs/msg/detail/robot_status__struct.hpp\n'}
[0.252891] (robot_msgs) StdoutLine: {'line': b'-- Up-to-date: /home/yanji/robot_screwing/install/robot_msgs/include/robot_msgs/msg/detail/ref_status__builder.hpp\n'}
[0.252934] (robot_msgs) StdoutLine: {'line': b'-- Up-to-date: /home/yanji/robot_screwing/install/robot_msgs/include/robot_msgs/msg/detail/current_pub__traits.hpp\n'}
[0.252976] (robot_msgs) StdoutLine: {'line': b'-- Up-to-date: /home/yanji/robot_screwing/install/robot_msgs/include/robot_msgs/msg/detail/current_pub__builder.hpp\n'}
[0.253017] (robot_msgs) StdoutLine: {'line': b'-- Up-to-date: /home/yanji/robot_screwing/install/robot_msgs/include/robot_msgs/msg/detail/width_pub__struct.hpp\n'}
[0.253057] (robot_msgs) StdoutLine: {'line': b'-- Up-to-date: /home/yanji/robot_screwing/install/robot_msgs/include/robot_msgs/msg/detail/current_pub__type_support.hpp\n'}
[0.253095] (robot_msgs) StdoutLine: {'line': b'-- Up-to-date: /home/yanji/robot_screwing/install/robot_msgs/include/robot_msgs/msg/detail/width_pub__type_support.hpp\n'}
[0.253137] (robot_msgs) StdoutLine: {'line': b'-- Up-to-date: /home/yanji/robot_screwing/install/robot_msgs/include/robot_msgs/msg/detail/control_command__type_support.hpp\n'}
[0.253179] (robot_msgs) StdoutLine: {'line': b'-- Up-to-date: /home/yanji/robot_screwing/install/robot_msgs/include/robot_msgs/msg/detail/width_pub__traits.hpp\n'}
[0.253221] (robot_msgs) StdoutLine: {'line': b'-- Up-to-date: /home/yanji/robot_screwing/install/robot_msgs/include/robot_msgs/msg/detail/ft_pub__struct.hpp\n'}
[0.253273] (robot_msgs) StdoutLine: {'line': b'-- Up-to-date: /home/yanji/robot_screwing/install/robot_msgs/include/robot_msgs/msg/detail/control_command__builder.hpp\n'}
[0.253318] (robot_msgs) StdoutLine: {'line': b'-- Up-to-date: /home/yanji/robot_screwing/install/robot_msgs/include/robot_msgs/msg/detail/current_pub__struct.hpp\n'}
[0.253359] (robot_msgs) StdoutLine: {'line': b'-- Up-to-date: /home/yanji/robot_screwing/install/robot_msgs/include/robot_msgs/msg/detail/ft_pub__traits.hpp\n'}
[0.253399] (robot_msgs) StdoutLine: {'line': b'-- Up-to-date: /home/yanji/robot_screwing/install/robot_msgs/include/robot_msgs/msg/detail/robot_status__traits.hpp\n'}
[0.253440] (robot_msgs) StdoutLine: {'line': b'-- Up-to-date: /home/yanji/robot_screwing/install/robot_msgs/include/robot_msgs/msg/detail/ft_pub__type_support.hpp\n'}
[0.253478] (robot_msgs) StdoutLine: {'line': b'-- Up-to-date: /home/yanji/robot_screwing/install/robot_msgs/include/robot_msgs/msg/detail/control_command__struct.hpp\n'}
[0.253522] (robot_msgs) StdoutLine: {'line': b'-- Up-to-date: /home/yanji/robot_screwing/install/robot_msgs/include/robot_msgs/msg/detail/robot_status__builder.hpp\n'}
[0.253567] (robot_msgs) StdoutLine: {'line': b'-- Up-to-date: /home/yanji/robot_screwing/install/robot_msgs/include/robot_msgs/msg/ref_status.hpp\n'}
[0.253610] (robot_msgs) StdoutLine: {'line': b'-- Up-to-date: /home/yanji/robot_screwing/install/robot_msgs/include/robot_msgs/msg/rosidl_generator_cpp__visibility_control.hpp\n'}
[0.253652] (robot_msgs) StdoutLine: {'line': b'-- Up-to-date: /home/yanji/robot_screwing/install/robot_msgs/include/robot_msgs/msg/control_command.hpp\n'}
[0.253692] (robot_msgs) StdoutLine: {'line': b'-- Up-to-date: /home/yanji/robot_screwing/install/robot_msgs/include/robot_msgs/msg/width_pub.hpp\n'}
[0.253735] (robot_msgs) StdoutLine: {'line': b'-- Up-to-date: /home/yanji/robot_screwing/install/robot_msgs/include/robot_msgs/msg/ft_pub.hpp\n'}
[0.253776] (robot_msgs) StdoutLine: {'line': b'-- Up-to-date: /home/yanji/robot_screwing/install/robot_msgs/include/robot_msgs/msg/robot_status.hpp\n'}
[0.253823] (robot_msgs) StdoutLine: {'line': b'-- Up-to-date: /home/yanji/robot_screwing/install/robot_msgs/include/robot_msgs/msg/current_pub.hpp\n'}
[0.253866] (robot_msgs) StdoutLine: {'line': b'-- Up-to-date: /home/yanji/robot_screwing/install/robot_msgs/include/robot_msgs\n'}
[0.253906] (robot_msgs) StdoutLine: {'line': b'-- Up-to-date: /home/yanji/robot_screwing/install/robot_msgs/include/robot_msgs/srv\n'}
[0.253945] (robot_msgs) StdoutLine: {'line': b'-- Up-to-date: /home/yanji/robot_screwing/install/robot_msgs/include/robot_msgs/srv/detail\n'}
[0.253985] (robot_msgs) StdoutLine: {'line': b'-- Up-to-date: /home/yanji/robot_screwing/install/robot_msgs/include/robot_msgs/srv/detail/start_pose__rosidl_typesupport_introspection_cpp.hpp\n'}
[0.254027] (robot_msgs) StdoutLine: {'line': b'-- Up-to-date: /home/yanji/robot_screwing/install/robot_msgs/include/robot_msgs/srv/detail/start_pose__type_support.cpp\n'}
[0.254068] (robot_msgs) StdoutLine: {'line': b'-- Up-to-date: /home/yanji/robot_screwing/install/robot_msgs/include/robot_msgs/srv/detail/start_rotation__rosidl_typesupport_introspection_cpp.hpp\n'}
[0.254107] (robot_msgs) StdoutLine: {'line': b'-- Up-to-date: /home/yanji/robot_screwing/install/robot_msgs/include/robot_msgs/srv/detail/start_rotation__type_support.cpp\n'}
[0.254146] (robot_msgs) StdoutLine: {'line': b'-- Up-to-date: /home/yanji/robot_screwing/install/robot_msgs/include/robot_msgs/action\n'}
[0.254184] (robot_msgs) StdoutLine: {'line': b'-- Up-to-date: /home/yanji/robot_screwing/install/robot_msgs/include/robot_msgs/action/detail\n'}
[0.254220] (robot_msgs) StdoutLine: {'line': b'-- Up-to-date: /home/yanji/robot_screwing/install/robot_msgs/include/robot_msgs/action/detail/screw__type_support.cpp\n'}
[0.254268] (robot_msgs) StdoutLine: {'line': b'-- Up-to-date: /home/yanji/robot_screwing/install/robot_msgs/include/robot_msgs/action/detail/screw__rosidl_typesupport_introspection_cpp.hpp\n'}
[0.254309] (robot_msgs) StdoutLine: {'line': b'-- Up-to-date: /home/yanji/robot_screwing/install/robot_msgs/include/robot_msgs/msg\n'}
[0.254347] (robot_msgs) StdoutLine: {'line': b'-- Up-to-date: /home/yanji/robot_screwing/install/robot_msgs/include/robot_msgs/msg/detail\n'}
[0.254383] (robot_msgs) StdoutLine: {'line': b'-- Up-to-date: /home/yanji/robot_screwing/install/robot_msgs/include/robot_msgs/msg/detail/width_pub__rosidl_typesupport_introspection_cpp.hpp\n'}
[0.254419] (robot_msgs) StdoutLine: {'line': b'-- Up-to-date: /home/yanji/robot_screwing/install/robot_msgs/include/robot_msgs/msg/detail/ft_pub__rosidl_typesupport_introspection_cpp.hpp\n'}
[0.254457] (robot_msgs) StdoutLine: {'line': b'-- Up-to-date: /home/yanji/robot_screwing/install/robot_msgs/include/robot_msgs/msg/detail/width_pub__type_support.cpp\n'}
[0.254494] (robot_msgs) StdoutLine: {'line': b'-- Up-to-date: /home/yanji/robot_screwing/install/robot_msgs/include/robot_msgs/msg/detail/ft_pub__type_support.cpp\n'}
[0.254534] (robot_msgs) StdoutLine: {'line': b'-- Up-to-date: /home/yanji/robot_screwing/install/robot_msgs/include/robot_msgs/msg/detail/control_command__rosidl_typesupport_introspection_cpp.hpp\n'}
[0.254573] (robot_msgs) StdoutLine: {'line': b'-- Up-to-date: /home/yanji/robot_screwing/install/robot_msgs/include/robot_msgs/msg/detail/robot_status__type_support.cpp\n'}
[0.254612] (robot_msgs) StdoutLine: {'line': b'-- Up-to-date: /home/yanji/robot_screwing/install/robot_msgs/include/robot_msgs/msg/detail/ref_status__rosidl_typesupport_introspection_cpp.hpp\n'}
[0.254651] (robot_msgs) StdoutLine: {'line': b'-- Up-to-date: /home/yanji/robot_screwing/install/robot_msgs/include/robot_msgs/msg/detail/current_pub__type_support.cpp\n'}
[0.254690] (robot_msgs) StdoutLine: {'line': b'-- Up-to-date: /home/yanji/robot_screwing/install/robot_msgs/include/robot_msgs/msg/detail/current_pub__rosidl_typesupport_introspection_cpp.hpp\n'}
[0.254733] (robot_msgs) StdoutLine: {'line': b'-- Up-to-date: /home/yanji/robot_screwing/install/robot_msgs/include/robot_msgs/msg/detail/ref_status__type_support.cpp\n'}
[0.254774] (robot_msgs) StdoutLine: {'line': b'-- Up-to-date: /home/yanji/robot_screwing/install/robot_msgs/include/robot_msgs/msg/detail/control_command__type_support.cpp\n'}
[0.254813] (robot_msgs) StdoutLine: {'line': b'-- Up-to-date: /home/yanji/robot_screwing/install/robot_msgs/include/robot_msgs/msg/detail/robot_status__rosidl_typesupport_introspection_cpp.hpp\n'}
[0.254854] (robot_msgs) StdoutLine: {'line': b'-- Up-to-date: /home/yanji/robot_screwing/install/robot_msgs/lib/librobot_msgs__rosidl_typesupport_introspection_cpp.so\n'}
[0.254894] (robot_msgs) StdoutLine: {'line': b'-- Up-to-date: /home/yanji/robot_screwing/install/robot_msgs/lib/librobot_msgs__rosidl_typesupport_cpp.so\n'}
[0.254933] (robot_msgs) StdoutLine: {'line': b'-- Up-to-date: /home/yanji/robot_screwing/install/robot_msgs/share/robot_msgs/environment/pythonpath.sh\n'}
[0.254973] (robot_msgs) StdoutLine: {'line': b'-- Up-to-date: /home/yanji/robot_screwing/install/robot_msgs/share/robot_msgs/environment/pythonpath.dsv\n'}
[0.255012] (robot_msgs) StdoutLine: {'line': b'-- Up-to-date: /home/yanji/robot_screwing/install/robot_msgs/lib/python3.8/site-packages/robot_msgs/__init__.py\n'}
[0.264214] (robot_msgs) StdoutLine: {'line': b'-- Up-to-date: /home/yanji/robot_screwing/install/robot_msgs/lib/python3.8/site-packages/robot_msgs/msg\n'}
[0.264317] (robot_msgs) StdoutLine: {'line': b'-- Up-to-date: /home/yanji/robot_screwing/install/robot_msgs/lib/python3.8/site-packages/robot_msgs/msg/_robot_status_s.c\n'}
[0.264351] (robot_msgs) StdoutLine: {'line': b'-- Up-to-date: /home/yanji/robot_screwing/install/robot_msgs/lib/python3.8/site-packages/robot_msgs/msg/_width_pub_s.c\n'}
[0.264478] (robot_msgs) StdoutLine: {'line': b'-- Up-to-date: /home/yanji/robot_screwing/install/robot_msgs/lib/python3.8/site-packages/robot_msgs/msg/__init__.py\n'}
[0.264515] (robot_msgs) StdoutLine: {'line': b'-- Up-to-date: /home/yanji/robot_screwing/install/robot_msgs/lib/python3.8/site-packages/robot_msgs/msg/_control_command.py\n'}
[0.264540] (robot_msgs) StdoutLine: {'line': b'-- Up-to-date: /home/yanji/robot_screwing/install/robot_msgs/lib/python3.8/site-packages/robot_msgs/msg/_ref_status.py\n'}
[0.264618] (robot_msgs) StdoutLine: {'line': b'-- Up-to-date: /home/yanji/robot_screwing/install/robot_msgs/lib/python3.8/site-packages/robot_msgs/msg/_robot_status.py\n'}
[0.264644] (robot_msgs) StdoutLine: {'line': b'-- Up-to-date: /home/yanji/robot_screwing/install/robot_msgs/lib/python3.8/site-packages/robot_msgs/msg/_ft_pub_s.c\n'}
[0.264669] (robot_msgs) StdoutLine: {'line': b'-- Up-to-date: /home/yanji/robot_screwing/install/robot_msgs/lib/python3.8/site-packages/robot_msgs/msg/_ref_status_s.c\n'}
[0.264694] (robot_msgs) StdoutLine: {'line': b'-- Up-to-date: /home/yanji/robot_screwing/install/robot_msgs/lib/python3.8/site-packages/robot_msgs/msg/_current_pub.py\n'}
[0.264732] (robot_msgs) StdoutLine: {'line': b'-- Up-to-date: /home/yanji/robot_screwing/install/robot_msgs/lib/python3.8/site-packages/robot_msgs/msg/_control_command_s.c\n'}
[0.264756] (robot_msgs) StdoutLine: {'line': b'-- Up-to-date: /home/yanji/robot_screwing/install/robot_msgs/lib/python3.8/site-packages/robot_msgs/msg/_current_pub_s.c\n'}
[0.264779] (robot_msgs) StdoutLine: {'line': b'-- Up-to-date: /home/yanji/robot_screwing/install/robot_msgs/lib/python3.8/site-packages/robot_msgs/msg/_width_pub.py\n'}
[0.264802] (robot_msgs) StdoutLine: {'line': b'-- Up-to-date: /home/yanji/robot_screwing/install/robot_msgs/lib/python3.8/site-packages/robot_msgs/msg/_ft_pub.py\n'}
[0.264824] (robot_msgs) StdoutLine: {'line': b'-- Up-to-date: /home/yanji/robot_screwing/install/robot_msgs/lib/python3.8/site-packages/robot_msgs/srv\n'}
[0.264846] (robot_msgs) StdoutLine: {'line': b'-- Up-to-date: /home/yanji/robot_screwing/install/robot_msgs/lib/python3.8/site-packages/robot_msgs/srv/__init__.py\n'}
[0.264869] (robot_msgs) StdoutLine: {'line': b'-- Up-to-date: /home/yanji/robot_screwing/install/robot_msgs/lib/python3.8/site-packages/robot_msgs/srv/_start_pose_s.c\n'}
[0.264890] (robot_msgs) StdoutLine: {'line': b'-- Up-to-date: /home/yanji/robot_screwing/install/robot_msgs/lib/python3.8/site-packages/robot_msgs/srv/_start_rotation.py\n'}
[0.264912] (robot_msgs) StdoutLine: {'line': b'-- Up-to-date: /home/yanji/robot_screwing/install/robot_msgs/lib/python3.8/site-packages/robot_msgs/srv/_start_rotation_s.c\n'}
[0.264934] (robot_msgs) StdoutLine: {'line': b'-- Up-to-date: /home/yanji/robot_screwing/install/robot_msgs/lib/python3.8/site-packages/robot_msgs/srv/_start_pose.py\n'}
[0.264958] (robot_msgs) StdoutLine: {'line': b'-- Up-to-date: /home/yanji/robot_screwing/install/robot_msgs/lib/python3.8/site-packages/robot_msgs/action\n'}
[0.264983] (robot_msgs) StdoutLine: {'line': b'-- Up-to-date: /home/yanji/robot_screwing/install/robot_msgs/lib/python3.8/site-packages/robot_msgs/action/__init__.py\n'}
[0.265008] (robot_msgs) StdoutLine: {'line': b'-- Up-to-date: /home/yanji/robot_screwing/install/robot_msgs/lib/python3.8/site-packages/robot_msgs/action/_screw.py\n'}
[0.265032] (robot_msgs) StdoutLine: {'line': b'-- Up-to-date: /home/yanji/robot_screwing/install/robot_msgs/lib/python3.8/site-packages/robot_msgs/action/_screw_s.c\n'}
[0.265057] (robot_msgs) StdoutLine: {'line': b'-- Up-to-date: /home/yanji/robot_screwing/install/robot_msgs/lib/python3.8/site-packages/robot_msgs/robot_msgs_s__rosidl_typesupport_fastrtps_c.cpython-38-x86_64-linux-gnu.so\n'}
[0.265099] (robot_msgs) StdoutLine: {'line': b'-- Up-to-date: /home/yanji/robot_screwing/install/robot_msgs/lib/python3.8/site-packages/robot_msgs/robot_msgs_s__rosidl_typesupport_introspection_c.cpython-38-x86_64-linux-gnu.so\n'}
[0.265252] (robot_msgs) StdoutLine: {'line': b'-- Up-to-date: /home/yanji/robot_screwing/install/robot_msgs/lib/python3.8/site-packages/robot_msgs/robot_msgs_s__rosidl_typesupport_c.cpython-38-x86_64-linux-gnu.so\n'}
[0.265448] (robot_msgs) StdoutLine: {'line': b'-- Up-to-date: /home/yanji/robot_screwing/install/robot_msgs/lib/librobot_msgs__python.so\n'}
[0.265528] (robot_msgs) StdoutLine: {'line': b'-- Up-to-date: /home/yanji/robot_screwing/install/robot_msgs/share/robot_msgs/msg/FtPub.idl\n'}
[0.265584] (robot_msgs) StdoutLine: {'line': b'-- Up-to-date: /home/yanji/robot_screwing/install/robot_msgs/share/robot_msgs/msg/RobotStatus.idl\n'}
[0.265611] (robot_msgs) StdoutLine: {'line': b'-- Up-to-date: /home/yanji/robot_screwing/install/robot_msgs/share/robot_msgs/msg/ControlCommand.idl\n'}
[0.265637] (robot_msgs) StdoutLine: {'line': b'-- Up-to-date: /home/yanji/robot_screwing/install/robot_msgs/share/robot_msgs/msg/RefStatus.idl\n'}
[0.265680] (robot_msgs) StdoutLine: {'line': b'-- Up-to-date: /home/yanji/robot_screwing/install/robot_msgs/share/robot_msgs/srv/StartPose.idl\n'}
[0.265730] (robot_msgs) StdoutLine: {'line': b'-- Up-to-date: /home/yanji/robot_screwing/install/robot_msgs/share/robot_msgs/srv/StartRotation.idl\n'}
[0.265758] (robot_msgs) StdoutLine: {'line': b'-- Up-to-date: /home/yanji/robot_screwing/install/robot_msgs/share/robot_msgs/action/Screw.idl\n'}
[0.265799] (robot_msgs) StdoutLine: {'line': b'-- Up-to-date: /home/yanji/robot_screwing/install/robot_msgs/share/robot_msgs/msg/CurrentPub.idl\n'}
[0.265825] (robot_msgs) StdoutLine: {'line': b'-- Up-to-date: /home/yanji/robot_screwing/install/robot_msgs/share/robot_msgs/msg/WidthPub.idl\n'}
[0.265850] (robot_msgs) StdoutLine: {'line': b'-- Up-to-date: /home/yanji/robot_screwing/install/robot_msgs/share/robot_msgs/msg/FtPub.msg\n'}
[0.265874] (robot_msgs) StdoutLine: {'line': b'-- Up-to-date: /home/yanji/robot_screwing/install/robot_msgs/share/robot_msgs/msg/RobotStatus.msg\n'}
[0.265935] (robot_msgs) StdoutLine: {'line': b'-- Up-to-date: /home/yanji/robot_screwing/install/robot_msgs/share/robot_msgs/msg/ControlCommand.msg\n'}
[0.265961] (robot_msgs) StdoutLine: {'line': b'-- Up-to-date: /home/yanji/robot_screwing/install/robot_msgs/share/robot_msgs/msg/RefStatus.msg\n'}
[0.265985] (robot_msgs) StdoutLine: {'line': b'-- Up-to-date: /home/yanji/robot_screwing/install/robot_msgs/share/robot_msgs/srv/StartPose.srv\n'}
[0.266010] (robot_msgs) StdoutLine: {'line': b'-- Up-to-date: /home/yanji/robot_screwing/install/robot_msgs/share/robot_msgs/srv/StartPose_Request.msg\n'}
[0.266035] (robot_msgs) StdoutLine: {'line': b'-- Up-to-date: /home/yanji/robot_screwing/install/robot_msgs/share/robot_msgs/srv/StartPose_Response.msg\n'}
[0.266060] (robot_msgs) StdoutLine: {'line': b'-- Up-to-date: /home/yanji/robot_screwing/install/robot_msgs/share/robot_msgs/srv/StartRotation.srv\n'}
[0.266085] (robot_msgs) StdoutLine: {'line': b'-- Up-to-date: /home/yanji/robot_screwing/install/robot_msgs/share/robot_msgs/srv/StartRotation_Request.msg\n'}
[0.266123] (robot_msgs) StdoutLine: {'line': b'-- Up-to-date: /home/yanji/robot_screwing/install/robot_msgs/share/robot_msgs/srv/StartRotation_Response.msg\n'}
[0.266148] (robot_msgs) StdoutLine: {'line': b'-- Up-to-date: /home/yanji/robot_screwing/install/robot_msgs/share/robot_msgs/action/Screw.action\n'}
[0.266172] (robot_msgs) StdoutLine: {'line': b'-- Up-to-date: /home/yanji/robot_screwing/install/robot_msgs/share/robot_msgs/msg/CurrentPub.msg\n'}
[0.266198] (robot_msgs) StdoutLine: {'line': b'-- Up-to-date: /home/yanji/robot_screwing/install/robot_msgs/share/robot_msgs/msg/WidthPub.msg\n'}
[0.266273] (robot_msgs) StdoutLine: {'line': b'-- Up-to-date: /home/yanji/robot_screwing/install/robot_msgs/share/ament_index/resource_index/package_run_dependencies/robot_msgs\n'}
[0.266314] (robot_msgs) StdoutLine: {'line': b'-- Up-to-date: /home/yanji/robot_screwing/install/robot_msgs/share/ament_index/resource_index/parent_prefix_path/robot_msgs\n'}
[0.266348] (robot_msgs) StdoutLine: {'line': b'-- Up-to-date: /home/yanji/robot_screwing/install/robot_msgs/share/robot_msgs/environment/ament_prefix_path.sh\n'}
[0.266378] (robot_msgs) StdoutLine: {'line': b'-- Up-to-date: /home/yanji/robot_screwing/install/robot_msgs/share/robot_msgs/environment/ament_prefix_path.dsv\n'}
[0.266402] (robot_msgs) StdoutLine: {'line': b'-- Up-to-date: /home/yanji/robot_screwing/install/robot_msgs/share/robot_msgs/environment/path.sh\n'}
[0.266435] (robot_msgs) StdoutLine: {'line': b'-- Up-to-date: /home/yanji/robot_screwing/install/robot_msgs/share/robot_msgs/environment/path.dsv\n'}
[0.266465] (robot_msgs) StdoutLine: {'line': b'-- Up-to-date: /home/yanji/robot_screwing/install/robot_msgs/share/robot_msgs/local_setup.bash\n'}
[0.266488] (robot_msgs) StdoutLine: {'line': b'-- Up-to-date: /home/yanji/robot_screwing/install/robot_msgs/share/robot_msgs/local_setup.sh\n'}
[0.266520] (robot_msgs) StdoutLine: {'line': b'-- Up-to-date: /home/yanji/robot_screwing/install/robot_msgs/share/robot_msgs/local_setup.zsh\n'}
[0.266551] (robot_msgs) StdoutLine: {'line': b'-- Up-to-date: /home/yanji/robot_screwing/install/robot_msgs/share/robot_msgs/local_setup.dsv\n'}
[0.266573] (robot_msgs) StdoutLine: {'line': b'-- Installing: /home/yanji/robot_screwing/install/robot_msgs/share/robot_msgs/package.dsv\n'}
[0.266603] (robot_msgs) StdoutLine: {'line': b'-- Up-to-date: /home/yanji/robot_screwing/install/robot_msgs/share/ament_index/resource_index/packages/robot_msgs\n'}
[0.266627] (robot_msgs) StdoutLine: {'line': b'-- Up-to-date: /home/yanji/robot_screwing/install/robot_msgs/share/robot_msgs/cmake/robot_msgs__rosidl_generator_cExport.cmake\n'}
[0.266650] (robot_msgs) StdoutLine: {'line': b'-- Up-to-date: /home/yanji/robot_screwing/install/robot_msgs/share/robot_msgs/cmake/robot_msgs__rosidl_generator_cExport-noconfig.cmake\n'}
[0.266683] (robot_msgs) StdoutLine: {'line': b'-- Up-to-date: /home/yanji/robot_screwing/install/robot_msgs/share/robot_msgs/cmake/robot_msgs__rosidl_typesupport_introspection_cExport.cmake\n'}
[0.266714] (robot_msgs) StdoutLine: {'line': b'-- Up-to-date: /home/yanji/robot_screwing/install/robot_msgs/share/robot_msgs/cmake/robot_msgs__rosidl_typesupport_introspection_cExport-noconfig.cmake\n'}
[0.266736] (robot_msgs) StdoutLine: {'line': b'-- Up-to-date: /home/yanji/robot_screwing/install/robot_msgs/share/robot_msgs/cmake/robot_msgs__rosidl_typesupport_cExport.cmake\n'}
[0.266775] (robot_msgs) StdoutLine: {'line': b'-- Up-to-date: /home/yanji/robot_screwing/install/robot_msgs/share/robot_msgs/cmake/robot_msgs__rosidl_typesupport_cExport-noconfig.cmake\n'}
[0.266810] (robot_msgs) StdoutLine: {'line': b'-- Up-to-date: /home/yanji/robot_screwing/install/robot_msgs/share/robot_msgs/cmake/robot_msgs__rosidl_generator_cppExport.cmake\n'}
[0.266847] (robot_msgs) StdoutLine: {'line': b'-- Up-to-date: /home/yanji/robot_screwing/install/robot_msgs/share/robot_msgs/cmake/robot_msgs__rosidl_typesupport_introspection_cppExport.cmake\n'}
[0.266883] (robot_msgs) StdoutLine: {'line': b'-- Up-to-date: /home/yanji/robot_screwing/install/robot_msgs/share/robot_msgs/cmake/robot_msgs__rosidl_typesupport_introspection_cppExport-noconfig.cmake\n'}
[0.266922] (robot_msgs) StdoutLine: {'line': b'-- Up-to-date: /home/yanji/robot_screwing/install/robot_msgs/share/robot_msgs/cmake/robot_msgs__rosidl_typesupport_cppExport.cmake\n'}
[0.266960] (robot_msgs) StdoutLine: {'line': b'-- Up-to-date: /home/yanji/robot_screwing/install/robot_msgs/share/robot_msgs/cmake/robot_msgs__rosidl_typesupport_cppExport-noconfig.cmake\n'}
[0.266991] (robot_msgs) StdoutLine: {'line': b'-- Up-to-date: /home/yanji/robot_screwing/install/robot_msgs/share/robot_msgs/cmake/rosidl_cmake-extras.cmake\n'}
[0.267014] (robot_msgs) StdoutLine: {'line': b'-- Up-to-date: /home/yanji/robot_screwing/install/robot_msgs/share/robot_msgs/cmake/ament_cmake_export_dependencies-extras.cmake\n'}
[0.267040] (robot_msgs) StdoutLine: {'line': b'-- Up-to-date: /home/yanji/robot_screwing/install/robot_msgs/share/robot_msgs/cmake/ament_cmake_export_libraries-extras.cmake\n'}
[0.267062] (robot_msgs) StdoutLine: {'line': b'-- Up-to-date: /home/yanji/robot_screwing/install/robot_msgs/share/robot_msgs/cmake/ament_cmake_export_targets-extras.cmake\n'}
[0.267083] (robot_msgs) StdoutLine: {'line': b'-- Up-to-date: /home/yanji/robot_screwing/install/robot_msgs/share/robot_msgs/cmake/ament_cmake_export_include_directories-extras.cmake\n'}
[0.267107] (robot_msgs) StdoutLine: {'line': b'-- Up-to-date: /home/yanji/robot_screwing/install/robot_msgs/share/robot_msgs/cmake/rosidl_cmake_export_typesupport_libraries-extras.cmake\n'}
[0.267128] (robot_msgs) StdoutLine: {'line': b'-- Up-to-date: /home/yanji/robot_screwing/install/robot_msgs/share/robot_msgs/cmake/rosidl_cmake_export_typesupport_targets-extras.cmake\n'}
[0.267150] (robot_msgs) StdoutLine: {'line': b'-- Up-to-date: /home/yanji/robot_screwing/install/robot_msgs/share/robot_msgs/cmake/robot_msgsConfig.cmake\n'}
[0.267171] (robot_msgs) StdoutLine: {'line': b'-- Up-to-date: /home/yanji/robot_screwing/install/robot_msgs/share/robot_msgs/cmake/robot_msgsConfig-version.cmake\n'}
[0.267193] (robot_msgs) StdoutLine: {'line': b'-- Up-to-date: /home/yanji/robot_screwing/install/robot_msgs/share/robot_msgs/package.xml\n'}
[0.268149] (robot_msgs) CommandEnded: {'returncode': 0}
[0.277675] (robot_msgs) JobEnded: {'identifier': 'robot_msgs', 'rc': 0}
[0.278111] (screw_robot_control) JobStarted: {'identifier': 'screw_robot_control'}
[0.281859] (screw_robot_control) JobProgress: {'identifier': 'screw_robot_control', 'progress': 'cmake'}
[0.282124] (screw_robot_control) JobProgress: {'identifier': 'screw_robot_control', 'progress': 'build'}
[0.282227] (screw_robot_control) Command: {'cmd': ['/usr/bin/cmake', '--build', '/home/yanji/robot_screwing/build/screw_robot_control', '--', '-j24', '-l24'], 'cwd': '/home/yanji/robot_screwing/build/screw_robot_control', 'env': OrderedDict([('LESSOPEN', '| /usr/bin/lesspipe %s'), ('LIBRARY_PATH', '/home/yanji/jaka_python:/home/yanji/jaka_python::/usr/local/cuda/lib64:/usr/local/cuda/lib64'), ('CONDA_PROMPT_MODIFIER', '(screwrobot)'), ('HTTPS_PROXY', 'http://127.0.0.1:7890/'), ('no_proxy', 'localhost,127.0.0.0/8,::1'), ('LANGUAGE', 'zh_CN:en'), ('USER', 'yanji'), ('LC_TIME', 'en_US.UTF-8'), ('all_proxy', 'socks://127.0.0.1:7891/'), ('SSH_AGENT_PID', '2030'), ('XDG_SESSION_TYPE', 'x11'), ('GIT_ASKPASS', '/usr/share/code/resources/app/extensions/git/dist/askpass.sh'), ('SHLVL', '2'), ('LD_LIBRARY_PATH', '/home/yanji/robot_screwing/install/robot_msgs/lib:/lib/x86_64-linux-gnu:/usr/lib/x86_64-linux-gnu:/home/yanji/robot_screwing/install/screw_robot_control/lib:/opt/ros/foxy/opt/yaml_cpp_vendor/lib:/opt/ros/foxy/opt/rviz_ogre_vendor/lib:/opt/ros/foxy/lib/x86_64-linux-gnu:/opt/ros/foxy/lib:/lib/x86_64-linux-gnu:/usr/lib/x86_64-linux-gnu:/usr/local/cuda/lib64:/usr/local/cuda/lib64'), ('HOME', '/home/yanji'), ('CHROME_DESKTOP', 'code.desktop'), ('CONDA_SHLVL', '1'), ('OLDPWD', '/home/yanji/robot_screwing/src'), ('TERM_PROGRAM_VERSION', '1.97.2'), ('DESKTOP_SESSION', 'ubuntu'), ('NO_PROXY', 'localhost,127.0.0.0/8,::1'), ('ROS_PYTHON_VERSION', '3'), ('GNOME_SHELL_SESSION_MODE', 'ubuntu'), ('GTK_MODULES', 'gail:atk-bridge'), ('XDG_SEAT_PATH', '/org/freedesktop/DisplayManager/Seat0'), ('VSCODE_GIT_ASKPASS_MAIN', '/usr/share/code/resources/app/extensions/git/dist/askpass-main.js'), ('LC_MONETARY', 'en_US.UTF-8'), ('VSCODE_GIT_ASKPASS_NODE', '/usr/share/code/code'), ('MANAGERPID', '1942'), ('PYDEVD_DISABLE_FILE_VALIDATION', '1'), ('BUNDLED_DEBUGPY_PATH', '/home/yanji/.vscode/extensions/ms-python.debugpy-2025.10.0-linux-x64/bundled/libs/debugpy'), ('DBUS_SESSION_BUS_ADDRESS', 'unix:path=/run/user/1000/bus'), ('COLORTERM', 'truecolor'), ('_CE_M', ''), ('IM_CONFIG_PHASE', '1'), ('https_proxy', 'http://127.0.0.1:7890/'), ('COLCON_PREFIX_PATH', '/home/yanji/robot_screwing/install'), ('ROS_DISTRO', 'foxy'), ('LOGNAME', 'yanji'), ('ALL_PROXY', 'socks://127.0.0.1:7891/'), ('http_proxy', 'http://127.0.0.1:7890/'), ('JOURNAL_STREAM', '8:62573'), ('_', '/usr/bin/colcon'), ('ROS_VERSION', '2'), ('XDG_SESSION_CLASS', 'user'), ('TERM', 'xterm-256color'), ('GNOME_DESKTOP_SESSION_ID', 'this-is-deprecated'), ('_CE_CONDA', ''), ('ROS_LOCALHOST_ONLY', '0'), ('PATH', '/home/yanji/anaconda3/envs/screwrobot/bin:/opt/ros/foxy/bin:/usr/lib/ccache:/home/yanji/anaconda3/envs/screwrobot/bin:/usr/lib/ccache:/home/yanji/anaconda3/condabin:/home/yanji/.local/bin:/usr/local/sbin:/usr/local/bin:/usr/sbin:/usr/bin:/sbin:/bin:/usr/games:/usr/local/games:/snap/bin:/usr/local/cuda/bin:/home/yanji/pycharm/bin:/home/yanji/.vscode/extensions/ms-python.debugpy-2025.10.0-linux-x64/bundled/scripts/noConfigScripts:/usr/local/cuda/bin:/home/yanji/pycharm/bin'), ('SESSION_MANAGER', 'local/yanji-server:@/tmp/.ICE-unix/2066,unix/yanji-server:/tmp/.ICE-unix/2066'), ('GDM_LANG', 'zh_CN'), ('INVOCATION_ID', '7d605fe84c3e49cabbdb23ff5b52dddb'), ('PAPERSIZE', 'letter'), ('XDG_SESSION_PATH', '/org/freedesktop/DisplayManager/Session0'), ('XDG_MENU_PREFIX', 'gnome-'), ('LC_ADDRESS', 'en_US.UTF-8'), ('GNOME_TERMINAL_SCREEN', '/org/gnome/Terminal/screen/74f246c2_f299_40e3_8e19_ce1c8425d4a0'), ('XDG_RUNTIME_DIR', '/run/user/1000'), ('GDK_BACKEND', 'x11'), ('DISPLAY', ':0'), ('VSCODE_DEBUGPY_ADAPTER_ENDPOINTS', '/home/yanji/.vscode/extensions/ms-python.debugpy-2025.10.0-linux-x64/.noConfigDebugAdapterEndpoints/endpoint-35e173d817dea6ca.txt'), ('LANG', 'zh_CN.UTF-8'), ('XDG_CURRENT_DESKTOP', 'Unity'), ('LC_TELEPHONE', 'en_US.UTF-8'), ('XMODIFIERS', '@im=ibus'), ('XDG_SESSION_DESKTOP', 'ubuntu'), ('XAUTHORITY', '/home/yanji/.Xauthority'), ('LS_COLORS', 'rs=0:di=01;34:ln=01;36:mh=00:pi=40;33:so=01;35:do=01;35:bd=40;33;01:cd=40;33;01:or=40;31;01:mi=00:su=37;41:sg=30;43:ca=30;41:tw=30;42:ow=34;42:st=37;44:ex=01;32:*.tar=01;31:*.tgz=01;31:*.arc=01;31:*.arj=01;31:*.taz=01;31:*.lha=01;31:*.lz4=01;31:*.lzh=01;31:*.lzma=01;31:*.tlz=01;31:*.txz=01;31:*.tzo=01;31:*.t7z=01;31:*.zip=01;31:*.z=01;31:*.dz=01;31:*.gz=01;31:*.lrz=01;31:*.lz=01;31:*.lzo=01;31:*.xz=01;31:*.zst=01;31:*.tzst=01;31:*.bz2=01;31:*.bz=01;31:*.tbz=01;31:*.tbz2=01;31:*.tz=01;31:*.deb=01;31:*.rpm=01;31:*.jar=01;31:*.war=01;31:*.ear=01;31:*.sar=01;31:*.rar=01;31:*.alz=01;31:*.ace=01;31:*.zoo=01;31:*.cpio=01;31:*.7z=01;31:*.rz=01;31:*.cab=01;31:*.wim=01;31:*.swm=01;31:*.dwm=01;31:*.esd=01;31:*.jpg=01;35:*.jpeg=01;35:*.mjpg=01;35:*.mjpeg=01;35:*.gif=01;35:*.bmp=01;35:*.pbm=01;35:*.pgm=01;35:*.ppm=01;35:*.tga=01;35:*.xbm=01;35:*.xpm=01;35:*.tif=01;35:*.tiff=01;35:*.png=01;35:*.svg=01;35:*.svgz=01;35:*.mng=01;35:*.pcx=01;35:*.mov=01;35:*.mpg=01;35:*.mpeg=01;35:*.m2v=01;35:*.mkv=01;35:*.webm=01;35:*.ogm=01;35:*.mp4=01;35:*.m4v=01;35:*.mp4v=01;35:*.vob=01;35:*.qt=01;35:*.nuv=01;35:*.wmv=01;35:*.asf=01;35:*.rm=01;35:*.rmvb=01;35:*.flc=01;35:*.avi=01;35:*.fli=01;35:*.flv=01;35:*.gl=01;35:*.dl=01;35:*.xcf=01;35:*.xwd=01;35:*.yuv=01;35:*.cgm=01;35:*.emf=01;35:*.ogv=01;35:*.ogx=01;35:*.aac=00;36:*.au=00;36:*.flac=00;36:*.m4a=00;36:*.mid=00;36:*.midi=00;36:*.mka=00;36:*.mp3=00;36:*.mpc=00;36:*.ogg=00;36:*.ra=00;36:*.wav=00;36:*.oga=00;36:*.opus=00;36:*.spx=00;36:*.xspf=00;36:'), ('VSCODE_GIT_IPC_HANDLE', '/run/user/1000/vscode-git-51992ed709.sock'), ('GNOME_TERMINAL_SERVICE', ':1.82'), ('TERM_PROGRAM', 'vscode'), ('SSH_AUTH_SOCK', '/run/user/1000/keyring/ssh'), ('XDG_GREETER_DATA_DIR', '/var/lib/lightdm-data/yanji'), ('AMENT_PREFIX_PATH', '/home/yanji/robot_screwing/install/screw_robot_control:/home/yanji/robot_screwing/install/robot_msgs:/home/yanji/robot_screwing/install/real_robot:/home/yanji/robot_screwing/install/mj_sim:/opt/ros/foxy'), ('CONDA_PYTHON_EXE', '/home/yanji/anaconda3/bin/python'), ('ORIGINAL_XDG_CURRENT_DESKTOP', 'ubuntu:GNOME'), ('SHELL', '/bin/bash'), ('LC_NAME', 'en_US.UTF-8'), ('QT_ACCESSIBILITY', '1'), ('GDMSESSION', 'ubuntu'), ('LESSCLOSE', '/usr/bin/lesspipe %s %s'), ('CONDA_DEFAULT_ENV', 'screwrobot'), ('LC_MEASUREMENT', 'en_US.UTF-8'), ('GPG_AGENT_INFO', '/run/user/1000/gnupg/S.gpg-agent:0:1'), ('LC_IDENTIFICATION', 'en_US.UTF-8'), ('VSCODE_GIT_ASKPASS_EXTRA_ARGS', ''), ('QT_IM_MODULE', 'ibus'), ('PWD', '/home/yanji/robot_screwing/build/screw_robot_control'), ('LC_ALL', 'en_US.UTF-8'), ('XDG_CONFIG_DIRS', '/etc/xdg/xdg-ubuntu:/etc/xdg'), ('CONDA_EXE', '/home/yanji/anaconda3/bin/conda'), ('XDG_DATA_DIRS', '/usr/share/ubuntu:/home/yanji/.local/share/flatpak/exports/share:/var/lib/flatpak/exports/share:/usr/local/share:/usr/share:/var/lib/snapd/desktop'), ('PYTHONPATH', '/home/yanji/robot_screwing/install/robot_msgs/lib/python3.8/site-packages:/home/yanji/robot_screwing/install/real_robot/lib/python3.8/site-packages:/home/yanji/robot_screwing/install/mj_sim/lib/python3.8/site-packages:/opt/ros/foxy/lib/python3.8/site-packages'), ('HTTP_PROXY', 'http://127.0.0.1:7890/'), ('LC_NUMERIC', 'en_US.UTF-8'), ('CONDA_PREFIX', '/home/yanji/anaconda3/envs/screwrobot'), ('LC_PAPER', 'en_US.UTF-8'), ('COLCON', '1'), ('VTE_VERSION', '6003'), ('CMAKE_PREFIX_PATH', '/home/yanji/robot_screwing/install/robot_msgs:/home/yanji/robot_screwing/install/screw_robot_control:/home/yanji/robot_screwing/install/real_robot:/home/yanji/robot_screwing/install/mj_sim:/opt/ros/foxy')]), 'shell': False}
[0.300319] (-) TimerEvent: {}
[0.307332] (screw_robot_control) StdoutLine: {'line': b'[ 20%] Built target SERVO_MOTOR\n'}
[0.320824] (screw_robot_control) StdoutLine: {'line': b'[ 40%] Built target SCREWING_TOOL\n'}
[0.327431] (screw_robot_control) StdoutLine: {'line': b'\x1b[35m\x1b[1mScanning dependencies of target right_arm_control_tcp\x1b[0m\n'}
[0.335429] (screw_robot_control) StdoutLine: {'line': b'[ 60%] Built target task_control_screw\n'}
[0.338057] (screw_robot_control) StdoutLine: {'line': b'[ 80%] Built target right_arm_control\n'}
[0.349603] (screw_robot_control) StdoutLine: {'line': b'[ 90%] \x1b[32mBuilding CXX object CMakeFiles/right_arm_control_tcp.dir/src/right_arm_control_tcp.cpp.o\x1b[0m\n'}
[0.400393] (-) TimerEvent: {}
[0.441327] (mj_sim) Command: {'cmd': ['/usr/bin/python3', '-W', 'ignore:setup.py install is deprecated', '-W', 'ignore:easy_install command is deprecated', 'setup.py', 'egg_info', '--egg-base', '../../build/mj_sim', 'build', '--build-base', '/home/yanji/robot_screwing/build/mj_sim/build', 'install', '--record', '/home/yanji/robot_screwing/build/mj_sim/install.log', '--install-scripts', '$base/lib/mj_sim', '--single-version-externally-managed', 'install_data'], 'cwd': '/home/yanji/robot_screwing/src/mj_sim', 'env': {'LESSOPEN': '| /usr/bin/lesspipe %s', 'LIBRARY_PATH': '/home/yanji/jaka_python:/home/yanji/jaka_python::/usr/local/cuda/lib64:/usr/local/cuda/lib64', 'CONDA_PROMPT_MODIFIER': '(screwrobot)', 'HTTPS_PROXY': 'http://127.0.0.1:7890/', 'no_proxy': 'localhost,127.0.0.0/8,::1', 'LANGUAGE': 'zh_CN:en', 'USER': 'yanji', 'LC_TIME': 'en_US.UTF-8', 'all_proxy': 'socks://127.0.0.1:7891/', 'SSH_AGENT_PID': '2030', 'XDG_SESSION_TYPE': 'x11', 'GIT_ASKPASS': '/usr/share/code/resources/app/extensions/git/dist/askpass.sh', 'SHLVL': '2', 'LD_LIBRARY_PATH': '/lib/x86_64-linux-gnu:/usr/lib/x86_64-linux-gnu:/home/yanji/robot_screwing/install/screw_robot_control/lib:/home/yanji/robot_screwing/install/robot_msgs/lib:/opt/ros/foxy/opt/yaml_cpp_vendor/lib:/opt/ros/foxy/opt/rviz_ogre_vendor/lib:/opt/ros/foxy/lib/x86_64-linux-gnu:/opt/ros/foxy/lib:/lib/x86_64-linux-gnu:/usr/lib/x86_64-linux-gnu::/usr/local/cuda/lib64:/usr/local/cuda/lib64', 'HOME': '/home/yanji', 'CHROME_DESKTOP': 'code.desktop', 'CONDA_SHLVL': '1', 'OLDPWD': '/home/yanji/robot_screwing/src', 'TERM_PROGRAM_VERSION': '1.97.2', 'DESKTOP_SESSION': 'ubuntu', 'NO_PROXY': 'localhost,127.0.0.0/8,::1', 'ROS_PYTHON_VERSION': '3', 'GNOME_SHELL_SESSION_MODE': 'ubuntu', 'GTK_MODULES': 'gail:atk-bridge', 'XDG_SEAT_PATH': '/org/freedesktop/DisplayManager/Seat0', 'VSCODE_GIT_ASKPASS_MAIN': '/usr/share/code/resources/app/extensions/git/dist/askpass-main.js', 'LC_MONETARY': 'en_US.UTF-8', 'VSCODE_GIT_ASKPASS_NODE': '/usr/share/code/code', 'MANAGERPID': '1942', 'PYDEVD_DISABLE_FILE_VALIDATION': '1', 'BUNDLED_DEBUGPY_PATH': '/home/yanji/.vscode/extensions/ms-python.debugpy-2025.10.0-linux-x64/bundled/libs/debugpy', 'DBUS_SESSION_BUS_ADDRESS': 'unix:path=/run/user/1000/bus', 'COLORTERM': 'truecolor', '_CE_M': '', 'IM_CONFIG_PHASE': '1', 'https_proxy': 'http://127.0.0.1:7890/', 'COLCON_PREFIX_PATH': '/home/yanji/robot_screwing/install', 'ROS_DISTRO': 'foxy', 'LOGNAME': 'yanji', 'ALL_PROXY': 'socks://127.0.0.1:7891/', 'http_proxy': 'http://127.0.0.1:7890/', 'JOURNAL_STREAM': '8:62573', '_': '/usr/bin/colcon', 'ROS_VERSION': '2', 'XDG_SESSION_CLASS': 'user', 'TERM': 'xterm-256color', 'GNOME_DESKTOP_SESSION_ID': 'this-is-deprecated', '_CE_CONDA': '', 'ROS_LOCALHOST_ONLY': '0', 'PATH': '/home/yanji/anaconda3/envs/screwrobot/bin:/opt/ros/foxy/bin:/usr/lib/ccache:/home/yanji/anaconda3/envs/screwrobot/bin:/usr/lib/ccache:/home/yanji/anaconda3/condabin:/home/yanji/.local/bin:/usr/local/sbin:/usr/local/bin:/usr/sbin:/usr/bin:/sbin:/bin:/usr/games:/usr/local/games:/snap/bin:/usr/local/cuda/bin:/home/yanji/pycharm/bin:/home/yanji/.vscode/extensions/ms-python.debugpy-2025.10.0-linux-x64/bundled/scripts/noConfigScripts:/usr/local/cuda/bin:/home/yanji/pycharm/bin', 'SESSION_MANAGER': 'local/yanji-server:@/tmp/.ICE-unix/2066,unix/yanji-server:/tmp/.ICE-unix/2066', 'GDM_LANG': 'zh_CN', 'INVOCATION_ID': '7d605fe84c3e49cabbdb23ff5b52dddb', 'PAPERSIZE': 'letter', 'XDG_SESSION_PATH': '/org/freedesktop/DisplayManager/Session0', 'XDG_MENU_PREFIX': 'gnome-', 'LC_ADDRESS': 'en_US.UTF-8', 'GNOME_TERMINAL_SCREEN': '/org/gnome/Terminal/screen/74f246c2_f299_40e3_8e19_ce1c8425d4a0', 'XDG_RUNTIME_DIR': '/run/user/1000', 'GDK_BACKEND': 'x11', 'DISPLAY': ':0', 'VSCODE_DEBUGPY_ADAPTER_ENDPOINTS': '/home/yanji/.vscode/extensions/ms-python.debugpy-2025.10.0-linux-x64/.noConfigDebugAdapterEndpoints/endpoint-35e173d817dea6ca.txt', 'LANG': 'zh_CN.UTF-8', 'XDG_CURRENT_DESKTOP': 'Unity', 'LC_TELEPHONE': 'en_US.UTF-8', 'XMODIFIERS': '@im=ibus', 'XDG_SESSION_DESKTOP': 'ubuntu', 'XAUTHORITY': '/home/yanji/.Xauthority', 'LS_COLORS': 'rs=0:di=01;34:ln=01;36:mh=00:pi=40;33:so=01;35:do=01;35:bd=40;33;01:cd=40;33;01:or=40;31;01:mi=00:su=37;41:sg=30;43:ca=30;41:tw=30;42:ow=34;42:st=37;44:ex=01;32:*.tar=01;31:*.tgz=01;31:*.arc=01;31:*.arj=01;31:*.taz=01;31:*.lha=01;31:*.lz4=01;31:*.lzh=01;31:*.lzma=01;31:*.tlz=01;31:*.txz=01;31:*.tzo=01;31:*.t7z=01;31:*.zip=01;31:*.z=01;31:*.dz=01;31:*.gz=01;31:*.lrz=01;31:*.lz=01;31:*.lzo=01;31:*.xz=01;31:*.zst=01;31:*.tzst=01;31:*.bz2=01;31:*.bz=01;31:*.tbz=01;31:*.tbz2=01;31:*.tz=01;31:*.deb=01;31:*.rpm=01;31:*.jar=01;31:*.war=01;31:*.ear=01;31:*.sar=01;31:*.rar=01;31:*.alz=01;31:*.ace=01;31:*.zoo=01;31:*.cpio=01;31:*.7z=01;31:*.rz=01;31:*.cab=01;31:*.wim=01;31:*.swm=01;31:*.dwm=01;31:*.esd=01;31:*.jpg=01;35:*.jpeg=01;35:*.mjpg=01;35:*.mjpeg=01;35:*.gif=01;35:*.bmp=01;35:*.pbm=01;35:*.pgm=01;35:*.ppm=01;35:*.tga=01;35:*.xbm=01;35:*.xpm=01;35:*.tif=01;35:*.tiff=01;35:*.png=01;35:*.svg=01;35:*.svgz=01;35:*.mng=01;35:*.pcx=01;35:*.mov=01;35:*.mpg=01;35:*.mpeg=01;35:*.m2v=01;35:*.mkv=01;35:*.webm=01;35:*.ogm=01;35:*.mp4=01;35:*.m4v=01;35:*.mp4v=01;35:*.vob=01;35:*.qt=01;35:*.nuv=01;35:*.wmv=01;35:*.asf=01;35:*.rm=01;35:*.rmvb=01;35:*.flc=01;35:*.avi=01;35:*.fli=01;35:*.flv=01;35:*.gl=01;35:*.dl=01;35:*.xcf=01;35:*.xwd=01;35:*.yuv=01;35:*.cgm=01;35:*.emf=01;35:*.ogv=01;35:*.ogx=01;35:*.aac=00;36:*.au=00;36:*.flac=00;36:*.m4a=00;36:*.mid=00;36:*.midi=00;36:*.mka=00;36:*.mp3=00;36:*.mpc=00;36:*.ogg=00;36:*.ra=00;36:*.wav=00;36:*.oga=00;36:*.opus=00;36:*.spx=00;36:*.xspf=00;36:', 'VSCODE_GIT_IPC_HANDLE': '/run/user/1000/vscode-git-51992ed709.sock', 'GNOME_TERMINAL_SERVICE': ':1.82', 'TERM_PROGRAM': 'vscode', 'SSH_AUTH_SOCK': '/run/user/1000/keyring/ssh', 'XDG_GREETER_DATA_DIR': '/var/lib/lightdm-data/yanji', 'AMENT_PREFIX_PATH': '/home/yanji/robot_screwing/install/screw_robot_control:/home/yanji/robot_screwing/install/robot_msgs:/home/yanji/robot_screwing/install/real_robot:/home/yanji/robot_screwing/install/mj_sim:/opt/ros/foxy', 'CONDA_PYTHON_EXE': '/home/yanji/anaconda3/bin/python', 'ORIGINAL_XDG_CURRENT_DESKTOP': 'ubuntu:GNOME', 'SHELL': '/bin/bash', 'LC_NAME': 'en_US.UTF-8', 'QT_ACCESSIBILITY': '1', 'GDMSESSION': 'ubuntu', 'LESSCLOSE': '/usr/bin/lesspipe %s %s', 'CONDA_DEFAULT_ENV': 'screwrobot', 'LC_MEASUREMENT': 'en_US.UTF-8', 'GPG_AGENT_INFO': '/run/user/1000/gnupg/S.gpg-agent:0:1', 'LC_IDENTIFICATION': 'en_US.UTF-8', 'VSCODE_GIT_ASKPASS_EXTRA_ARGS': '', 'QT_IM_MODULE': 'ibus', 'PWD': '/home/yanji/robot_screwing/build/mj_sim', 'LC_ALL': 'en_US.UTF-8', 'XDG_CONFIG_DIRS': '/etc/xdg/xdg-ubuntu:/etc/xdg', 'CONDA_EXE': '/home/yanji/anaconda3/bin/conda', 'XDG_DATA_DIRS': '/usr/share/ubuntu:/home/yanji/.local/share/flatpak/exports/share:/var/lib/flatpak/exports/share:/usr/local/share:/usr/share:/var/lib/snapd/desktop', 'PYTHONPATH': '/home/yanji/robot_screwing/build/mj_sim/prefix_override:/usr/lib/python3/dist-packages/colcon_core/task/python/colcon_distutils_commands:/home/yanji/robot_screwing/install/mj_sim/lib/python3.8/site-packages:/home/yanji/robot_screwing/install/robot_msgs/lib/python3.8/site-packages:/home/yanji/robot_screwing/install/real_robot/lib/python3.8/site-packages:/home/yanji/robot_screwing/install/mj_sim/lib/python3.8/site-packages:/opt/ros/foxy/lib/python3.8/site-packages', 'HTTP_PROXY': 'http://127.0.0.1:7890/', 'LC_NUMERIC': 'en_US.UTF-8', 'CONDA_PREFIX': '/home/yanji/anaconda3/envs/screwrobot', 'LC_PAPER': 'en_US.UTF-8', 'COLCON': '1', 'VTE_VERSION': '6003', 'CMAKE_PREFIX_PATH': '/home/yanji/robot_screwing/install/screw_robot_control:/home/yanji/robot_screwing/install/robot_msgs'}, 'shell': False}
[0.444240] (real_robot) Command: {'cmd': ['/usr/bin/python3', '-W', 'ignore:setup.py install is deprecated', '-W', 'ignore:easy_install command is deprecated', 'setup.py', 'egg_info', '--egg-base', '../../build/real_robot', 'build', '--build-base', '/home/yanji/robot_screwing/build/real_robot/build', 'install', '--record', '/home/yanji/robot_screwing/build/real_robot/install.log', '--install-scripts', '$base/lib/real_robot', '--single-version-externally-managed', 'install_data'], 'cwd': '/home/yanji/robot_screwing/src/real_robot', 'env': {'LESSOPEN': '| /usr/bin/lesspipe %s', 'LIBRARY_PATH': '/home/yanji/jaka_python:/home/yanji/jaka_python::/usr/local/cuda/lib64:/usr/local/cuda/lib64', 'CONDA_PROMPT_MODIFIER': '(screwrobot)', 'HTTPS_PROXY': 'http://127.0.0.1:7890/', 'no_proxy': 'localhost,127.0.0.0/8,::1', 'LANGUAGE': 'zh_CN:en', 'USER': 'yanji', 'LC_TIME': 'en_US.UTF-8', 'all_proxy': 'socks://127.0.0.1:7891/', 'SSH_AGENT_PID': '2030', 'XDG_SESSION_TYPE': 'x11', 'GIT_ASKPASS': '/usr/share/code/resources/app/extensions/git/dist/askpass.sh', 'SHLVL': '2', 'LD_LIBRARY_PATH': '/lib/x86_64-linux-gnu:/usr/lib/x86_64-linux-gnu:/home/yanji/robot_screwing/install/screw_robot_control/lib:/home/yanji/robot_screwing/install/robot_msgs/lib:/opt/ros/foxy/opt/yaml_cpp_vendor/lib:/opt/ros/foxy/opt/rviz_ogre_vendor/lib:/opt/ros/foxy/lib/x86_64-linux-gnu:/opt/ros/foxy/lib:/lib/x86_64-linux-gnu:/usr/lib/x86_64-linux-gnu::/usr/local/cuda/lib64:/usr/local/cuda/lib64', 'HOME': '/home/yanji', 'CHROME_DESKTOP': 'code.desktop', 'CONDA_SHLVL': '1', 'OLDPWD': '/home/yanji/robot_screwing/src', 'TERM_PROGRAM_VERSION': '1.97.2', 'DESKTOP_SESSION': 'ubuntu', 'NO_PROXY': 'localhost,127.0.0.0/8,::1', 'ROS_PYTHON_VERSION': '3', 'GNOME_SHELL_SESSION_MODE': 'ubuntu', 'GTK_MODULES': 'gail:atk-bridge', 'XDG_SEAT_PATH': '/org/freedesktop/DisplayManager/Seat0', 'VSCODE_GIT_ASKPASS_MAIN': '/usr/share/code/resources/app/extensions/git/dist/askpass-main.js', 'LC_MONETARY': 'en_US.UTF-8', 'VSCODE_GIT_ASKPASS_NODE': '/usr/share/code/code', 'MANAGERPID': '1942', 'PYDEVD_DISABLE_FILE_VALIDATION': '1', 'BUNDLED_DEBUGPY_PATH': '/home/yanji/.vscode/extensions/ms-python.debugpy-2025.10.0-linux-x64/bundled/libs/debugpy', 'DBUS_SESSION_BUS_ADDRESS': 'unix:path=/run/user/1000/bus', 'COLORTERM': 'truecolor', '_CE_M': '', 'IM_CONFIG_PHASE': '1', 'https_proxy': 'http://127.0.0.1:7890/', 'COLCON_PREFIX_PATH': '/home/yanji/robot_screwing/install', 'ROS_DISTRO': 'foxy', 'LOGNAME': 'yanji', 'ALL_PROXY': 'socks://127.0.0.1:7891/', 'http_proxy': 'http://127.0.0.1:7890/', 'JOURNAL_STREAM': '8:62573', '_': '/usr/bin/colcon', 'ROS_VERSION': '2', 'XDG_SESSION_CLASS': 'user', 'TERM': 'xterm-256color', 'GNOME_DESKTOP_SESSION_ID': 'this-is-deprecated', '_CE_CONDA': '', 'ROS_LOCALHOST_ONLY': '0', 'PATH': '/home/yanji/anaconda3/envs/screwrobot/bin:/opt/ros/foxy/bin:/usr/lib/ccache:/home/yanji/anaconda3/envs/screwrobot/bin:/usr/lib/ccache:/home/yanji/anaconda3/condabin:/home/yanji/.local/bin:/usr/local/sbin:/usr/local/bin:/usr/sbin:/usr/bin:/sbin:/bin:/usr/games:/usr/local/games:/snap/bin:/usr/local/cuda/bin:/home/yanji/pycharm/bin:/home/yanji/.vscode/extensions/ms-python.debugpy-2025.10.0-linux-x64/bundled/scripts/noConfigScripts:/usr/local/cuda/bin:/home/yanji/pycharm/bin', 'SESSION_MANAGER': 'local/yanji-server:@/tmp/.ICE-unix/2066,unix/yanji-server:/tmp/.ICE-unix/2066', 'GDM_LANG': 'zh_CN', 'INVOCATION_ID': '7d605fe84c3e49cabbdb23ff5b52dddb', 'PAPERSIZE': 'letter', 'XDG_SESSION_PATH': '/org/freedesktop/DisplayManager/Session0', 'XDG_MENU_PREFIX': 'gnome-', 'LC_ADDRESS': 'en_US.UTF-8', 'GNOME_TERMINAL_SCREEN': '/org/gnome/Terminal/screen/74f246c2_f299_40e3_8e19_ce1c8425d4a0', 'XDG_RUNTIME_DIR': '/run/user/1000', 'GDK_BACKEND': 'x11', 'DISPLAY': ':0', 'VSCODE_DEBUGPY_ADAPTER_ENDPOINTS': '/home/yanji/.vscode/extensions/ms-python.debugpy-2025.10.0-linux-x64/.noConfigDebugAdapterEndpoints/endpoint-35e173d817dea6ca.txt', 'LANG': 'zh_CN.UTF-8', 'XDG_CURRENT_DESKTOP': 'Unity', 'LC_TELEPHONE': 'en_US.UTF-8', 'XMODIFIERS': '@im=ibus', 'XDG_SESSION_DESKTOP': 'ubuntu', 'XAUTHORITY': '/home/yanji/.Xauthority', 'LS_COLORS': 'rs=0:di=01;34:ln=01;36:mh=00:pi=40;33:so=01;35:do=01;35:bd=40;33;01:cd=40;33;01:or=40;31;01:mi=00:su=37;41:sg=30;43:ca=30;41:tw=30;42:ow=34;42:st=37;44:ex=01;32:*.tar=01;31:*.tgz=01;31:*.arc=01;31:*.arj=01;31:*.taz=01;31:*.lha=01;31:*.lz4=01;31:*.lzh=01;31:*.lzma=01;31:*.tlz=01;31:*.txz=01;31:*.tzo=01;31:*.t7z=01;31:*.zip=01;31:*.z=01;31:*.dz=01;31:*.gz=01;31:*.lrz=01;31:*.lz=01;31:*.lzo=01;31:*.xz=01;31:*.zst=01;31:*.tzst=01;31:*.bz2=01;31:*.bz=01;31:*.tbz=01;31:*.tbz2=01;31:*.tz=01;31:*.deb=01;31:*.rpm=01;31:*.jar=01;31:*.war=01;31:*.ear=01;31:*.sar=01;31:*.rar=01;31:*.alz=01;31:*.ace=01;31:*.zoo=01;31:*.cpio=01;31:*.7z=01;31:*.rz=01;31:*.cab=01;31:*.wim=01;31:*.swm=01;31:*.dwm=01;31:*.esd=01;31:*.jpg=01;35:*.jpeg=01;35:*.mjpg=01;35:*.mjpeg=01;35:*.gif=01;35:*.bmp=01;35:*.pbm=01;35:*.pgm=01;35:*.ppm=01;35:*.tga=01;35:*.xbm=01;35:*.xpm=01;35:*.tif=01;35:*.tiff=01;35:*.png=01;35:*.svg=01;35:*.svgz=01;35:*.mng=01;35:*.pcx=01;35:*.mov=01;35:*.mpg=01;35:*.mpeg=01;35:*.m2v=01;35:*.mkv=01;35:*.webm=01;35:*.ogm=01;35:*.mp4=01;35:*.m4v=01;35:*.mp4v=01;35:*.vob=01;35:*.qt=01;35:*.nuv=01;35:*.wmv=01;35:*.asf=01;35:*.rm=01;35:*.rmvb=01;35:*.flc=01;35:*.avi=01;35:*.fli=01;35:*.flv=01;35:*.gl=01;35:*.dl=01;35:*.xcf=01;35:*.xwd=01;35:*.yuv=01;35:*.cgm=01;35:*.emf=01;35:*.ogv=01;35:*.ogx=01;35:*.aac=00;36:*.au=00;36:*.flac=00;36:*.m4a=00;36:*.mid=00;36:*.midi=00;36:*.mka=00;36:*.mp3=00;36:*.mpc=00;36:*.ogg=00;36:*.ra=00;36:*.wav=00;36:*.oga=00;36:*.opus=00;36:*.spx=00;36:*.xspf=00;36:', 'VSCODE_GIT_IPC_HANDLE': '/run/user/1000/vscode-git-51992ed709.sock', 'GNOME_TERMINAL_SERVICE': ':1.82', 'TERM_PROGRAM': 'vscode', 'SSH_AUTH_SOCK': '/run/user/1000/keyring/ssh', 'XDG_GREETER_DATA_DIR': '/var/lib/lightdm-data/yanji', 'AMENT_PREFIX_PATH': '/home/yanji/robot_screwing/install/screw_robot_control:/home/yanji/robot_screwing/install/robot_msgs:/home/yanji/robot_screwing/install/real_robot:/home/yanji/robot_screwing/install/mj_sim:/opt/ros/foxy', 'CONDA_PYTHON_EXE': '/home/yanji/anaconda3/bin/python', 'ORIGINAL_XDG_CURRENT_DESKTOP': 'ubuntu:GNOME', 'SHELL': '/bin/bash', 'LC_NAME': 'en_US.UTF-8', 'QT_ACCESSIBILITY': '1', 'GDMSESSION': 'ubuntu', 'LESSCLOSE': '/usr/bin/lesspipe %s %s', 'CONDA_DEFAULT_ENV': 'screwrobot', 'LC_MEASUREMENT': 'en_US.UTF-8', 'GPG_AGENT_INFO': '/run/user/1000/gnupg/S.gpg-agent:0:1', 'LC_IDENTIFICATION': 'en_US.UTF-8', 'VSCODE_GIT_ASKPASS_EXTRA_ARGS': '', 'QT_IM_MODULE': 'ibus', 'PWD': '/home/yanji/robot_screwing/build/real_robot', 'LC_ALL': 'en_US.UTF-8', 'XDG_CONFIG_DIRS': '/etc/xdg/xdg-ubuntu:/etc/xdg', 'CONDA_EXE': '/home/yanji/anaconda3/bin/conda', 'XDG_DATA_DIRS': '/usr/share/ubuntu:/home/yanji/.local/share/flatpak/exports/share:/var/lib/flatpak/exports/share:/usr/local/share:/usr/share:/var/lib/snapd/desktop', 'PYTHONPATH': '/home/yanji/robot_screwing/build/real_robot/prefix_override:/usr/lib/python3/dist-packages/colcon_core/task/python/colcon_distutils_commands:/home/yanji/robot_screwing/install/real_robot/lib/python3.8/site-packages:/home/yanji/robot_screwing/install/robot_msgs/lib/python3.8/site-packages:/home/yanji/robot_screwing/install/real_robot/lib/python3.8/site-packages:/home/yanji/robot_screwing/install/mj_sim/lib/python3.8/site-packages:/opt/ros/foxy/lib/python3.8/site-packages', 'HTTP_PROXY': 'http://127.0.0.1:7890/', 'LC_NUMERIC': 'en_US.UTF-8', 'CONDA_PREFIX': '/home/yanji/anaconda3/envs/screwrobot', 'LC_PAPER': 'en_US.UTF-8', 'COLCON': '1', 'VTE_VERSION': '6003', 'CMAKE_PREFIX_PATH': '/home/yanji/robot_screwing/install/screw_robot_control:/home/yanji/robot_screwing/install/robot_msgs'}, 'shell': False}
[0.500487] (-) TimerEvent: {}
[0.530713] (screw_robot_control) StdoutLine: {'line': b'[100%] \x1b[32m\x1b[1mLinking CXX executable right_arm_control_tcp\x1b[0m\n'}
[0.555614] (mj_sim) StdoutLine: {'line': b'running egg_info\n'}
[0.555887] (mj_sim) StdoutLine: {'line': b'writing ../../build/mj_sim/mj_sim.egg-info/PKG-INFO\n'}
[0.556019] (mj_sim) StdoutLine: {'line': b'writing dependency_links to ../../build/mj_sim/mj_sim.egg-info/dependency_links.txt\n'}
[0.556127] (mj_sim) StdoutLine: {'line': b'writing entry points to ../../build/mj_sim/mj_sim.egg-info/entry_points.txt\n'}
[0.556265] (mj_sim) StdoutLine: {'line': b'writing requirements to ../../build/mj_sim/mj_sim.egg-info/requires.txt\n'}
[0.556332] (mj_sim) StdoutLine: {'line': b'writing top-level names to ../../build/mj_sim/mj_sim.egg-info/top_level.txt\n'}
[0.572023] (mj_sim) StdoutLine: {'line': b"reading manifest file '../../build/mj_sim/mj_sim.egg-info/SOURCES.txt'\n"}
[0.572234] (real_robot) StdoutLine: {'line': b'running egg_info\n'}
[0.572459] (mj_sim) StdoutLine: {'line': b"writing manifest file '../../build/mj_sim/mj_sim.egg-info/SOURCES.txt'\n"}
[0.572558] (mj_sim) StdoutLine: {'line': b'running build\n'}
[0.572640] (mj_sim) StdoutLine: {'line': b'running build_py\n'}
[0.572722] (real_robot) StdoutLine: {'line': b'writing ../../build/real_robot/real_robot.egg-info/PKG-INFO\n'}
[0.572803] (real_robot) StdoutLine: {'line': b'writing dependency_links to ../../build/real_robot/real_robot.egg-info/dependency_links.txt\n'}
[0.572864] (real_robot) StdoutLine: {'line': b'writing entry points to ../../build/real_robot/real_robot.egg-info/entry_points.txt\n'}
[0.572919] (real_robot) StdoutLine: {'line': b'writing requirements to ../../build/real_robot/real_robot.egg-info/requires.txt\n'}
[0.572971] (real_robot) StdoutLine: {'line': b'writing top-level names to ../../build/real_robot/real_robot.egg-info/top_level.txt\n'}
[0.573064] (mj_sim) StdoutLine: {'line': b'running install\n'}
[0.573476] (mj_sim) StdoutLine: {'line': b'running install_lib\n'}
[0.574559] (mj_sim) StdoutLine: {'line': b'running install_data\n'}
[0.574651] (mj_sim) StdoutLine: {'line': b'running install_egg_info\n'}
[0.575549] (mj_sim) StdoutLine: {'line': b"removing '/home/yanji/robot_screwing/install/mj_sim/lib/python3.8/site-packages/mj_sim-0.0.0-py3.8.egg-info' (and everything under it)\n"}
[0.575741] (mj_sim) StdoutLine: {'line': b'Copying ../../build/mj_sim/mj_sim.egg-info to /home/yanji/robot_screwing/install/mj_sim/lib/python3.8/site-packages/mj_sim-0.0.0-py3.8.egg-info\n'}
[0.576040] (mj_sim) StdoutLine: {'line': b'running install_scripts\n'}
[0.584709] (mj_sim) StdoutLine: {'line': b'Installing mpc_node script to /home/yanji/robot_screwing/install/mj_sim/lib/mj_sim\n'}
[0.584848] (mj_sim) StdoutLine: {'line': b'Installing pose_mpc_node script to /home/yanji/robot_screwing/install/mj_sim/lib/mj_sim\n'}
[0.584878] (mj_sim) StdoutLine: {'line': b'Installing robot_sim_env script to /home/yanji/robot_screwing/install/mj_sim/lib/mj_sim\n'}
[0.584903] (mj_sim) StdoutLine: {'line': b"writing list of installed files to '/home/yanji/robot_screwing/build/mj_sim/install.log'\n"}
[0.592008] (real_robot) StdoutLine: {'line': b"reading manifest file '../../build/real_robot/real_robot.egg-info/SOURCES.txt'\n"}
[0.592343] (real_robot) StdoutLine: {'line': b"writing manifest file '../../build/real_robot/real_robot.egg-info/SOURCES.txt'\n"}
[0.592476] (real_robot) StdoutLine: {'line': b'running build\n'}
[0.592559] (real_robot) StdoutLine: {'line': b'running build_py\n'}
[0.592619] (real_robot) StdoutLine: {'line': b'running install\n'}
[0.592920] (real_robot) StdoutLine: {'line': b'running install_lib\n'}
[0.593603] (real_robot) StdoutLine: {'line': b'running install_data\n'}
[0.593704] (real_robot) StdoutLine: {'line': b'running install_egg_info\n'}
[0.594567] (real_robot) StdoutLine: {'line': b"removing '/home/yanji/robot_screwing/install/real_robot/lib/python3.8/site-packages/real_robot-0.0.0-py3.8.egg-info' (and everything under it)\n"}
[0.594758] (real_robot) StdoutLine: {'line': b'Copying ../../build/real_robot/real_robot.egg-info to /home/yanji/robot_screwing/install/real_robot/lib/python3.8/site-packages/real_robot-0.0.0-py3.8.egg-info\n'}
[0.595087] (real_robot) StdoutLine: {'line': b'running install_scripts\n'}
[0.596191] (mj_sim) CommandEnded: {'returncode': 0}
[0.599688] (mj_sim) JobEnded: {'identifier': 'mj_sim', 'rc': 0}
[0.600831] (-) TimerEvent: {}
[0.603280] (real_robot) StdoutLine: {'line': b"writing list of installed files to '/home/yanji/robot_screwing/build/real_robot/install.log'\n"}
[0.613967] (real_robot) CommandEnded: {'returncode': 0}
[0.617920] (real_robot) JobEnded: {'identifier': 'real_robot', 'rc': 0}
[0.700922] (-) TimerEvent: {}
[0.759905] (screw_robot_control) StdoutLine: {'line': b'[100%] Built target right_arm_control_tcp\n'}
[0.765216] (screw_robot_control) CommandEnded: {'returncode': 0}
[0.765615] (screw_robot_control) JobProgress: {'identifier': 'screw_robot_control', 'progress': 'install'}
[0.765730] (screw_robot_control) Command: {'cmd': ['/usr/bin/cmake', '--install', '/home/yanji/robot_screwing/build/screw_robot_control'], 'cwd': '/home/yanji/robot_screwing/build/screw_robot_control', 'env': OrderedDict([('LESSOPEN', '| /usr/bin/lesspipe %s'), ('LIBRARY_PATH', '/home/yanji/jaka_python:/home/yanji/jaka_python::/usr/local/cuda/lib64:/usr/local/cuda/lib64'), ('CONDA_PROMPT_MODIFIER', '(screwrobot)'), ('HTTPS_PROXY', 'http://127.0.0.1:7890/'), ('no_proxy', 'localhost,127.0.0.0/8,::1'), ('LANGUAGE', 'zh_CN:en'), ('USER', 'yanji'), ('LC_TIME', 'en_US.UTF-8'), ('all_proxy', 'socks://127.0.0.1:7891/'), ('SSH_AGENT_PID', '2030'), ('XDG_SESSION_TYPE', 'x11'), ('GIT_ASKPASS', '/usr/share/code/resources/app/extensions/git/dist/askpass.sh'), ('SHLVL', '2'), ('LD_LIBRARY_PATH', '/home/yanji/robot_screwing/install/robot_msgs/lib:/lib/x86_64-linux-gnu:/usr/lib/x86_64-linux-gnu:/home/yanji/robot_screwing/install/screw_robot_control/lib:/opt/ros/foxy/opt/yaml_cpp_vendor/lib:/opt/ros/foxy/opt/rviz_ogre_vendor/lib:/opt/ros/foxy/lib/x86_64-linux-gnu:/opt/ros/foxy/lib:/lib/x86_64-linux-gnu:/usr/lib/x86_64-linux-gnu:/usr/local/cuda/lib64:/usr/local/cuda/lib64'), ('HOME', '/home/yanji'), ('CHROME_DESKTOP', 'code.desktop'), ('CONDA_SHLVL', '1'), ('OLDPWD', '/home/yanji/robot_screwing/src'), ('TERM_PROGRAM_VERSION', '1.97.2'), ('DESKTOP_SESSION', 'ubuntu'), ('NO_PROXY', 'localhost,127.0.0.0/8,::1'), ('ROS_PYTHON_VERSION', '3'), ('GNOME_SHELL_SESSION_MODE', 'ubuntu'), ('GTK_MODULES', 'gail:atk-bridge'), ('XDG_SEAT_PATH', '/org/freedesktop/DisplayManager/Seat0'), ('VSCODE_GIT_ASKPASS_MAIN', '/usr/share/code/resources/app/extensions/git/dist/askpass-main.js'), ('LC_MONETARY', 'en_US.UTF-8'), ('VSCODE_GIT_ASKPASS_NODE', '/usr/share/code/code'), ('MANAGERPID', '1942'), ('PYDEVD_DISABLE_FILE_VALIDATION', '1'), ('BUNDLED_DEBUGPY_PATH', '/home/yanji/.vscode/extensions/ms-python.debugpy-2025.10.0-linux-x64/bundled/libs/debugpy'), ('DBUS_SESSION_BUS_ADDRESS', 'unix:path=/run/user/1000/bus'), ('COLORTERM', 'truecolor'), ('_CE_M', ''), ('IM_CONFIG_PHASE', '1'), ('https_proxy', 'http://127.0.0.1:7890/'), ('COLCON_PREFIX_PATH', '/home/yanji/robot_screwing/install'), ('ROS_DISTRO', 'foxy'), ('LOGNAME', 'yanji'), ('ALL_PROXY', 'socks://127.0.0.1:7891/'), ('http_proxy', 'http://127.0.0.1:7890/'), ('JOURNAL_STREAM', '8:62573'), ('_', '/usr/bin/colcon'), ('ROS_VERSION', '2'), ('XDG_SESSION_CLASS', 'user'), ('TERM', 'xterm-256color'), ('GNOME_DESKTOP_SESSION_ID', 'this-is-deprecated'), ('_CE_CONDA', ''), ('ROS_LOCALHOST_ONLY', '0'), ('PATH', '/home/yanji/anaconda3/envs/screwrobot/bin:/opt/ros/foxy/bin:/usr/lib/ccache:/home/yanji/anaconda3/envs/screwrobot/bin:/usr/lib/ccache:/home/yanji/anaconda3/condabin:/home/yanji/.local/bin:/usr/local/sbin:/usr/local/bin:/usr/sbin:/usr/bin:/sbin:/bin:/usr/games:/usr/local/games:/snap/bin:/usr/local/cuda/bin:/home/yanji/pycharm/bin:/home/yanji/.vscode/extensions/ms-python.debugpy-2025.10.0-linux-x64/bundled/scripts/noConfigScripts:/usr/local/cuda/bin:/home/yanji/pycharm/bin'), ('SESSION_MANAGER', 'local/yanji-server:@/tmp/.ICE-unix/2066,unix/yanji-server:/tmp/.ICE-unix/2066'), ('GDM_LANG', 'zh_CN'), ('INVOCATION_ID', '7d605fe84c3e49cabbdb23ff5b52dddb'), ('PAPERSIZE', 'letter'), ('XDG_SESSION_PATH', '/org/freedesktop/DisplayManager/Session0'), ('XDG_MENU_PREFIX', 'gnome-'), ('LC_ADDRESS', 'en_US.UTF-8'), ('GNOME_TERMINAL_SCREEN', '/org/gnome/Terminal/screen/74f246c2_f299_40e3_8e19_ce1c8425d4a0'), ('XDG_RUNTIME_DIR', '/run/user/1000'), ('GDK_BACKEND', 'x11'), ('DISPLAY', ':0'), ('VSCODE_DEBUGPY_ADAPTER_ENDPOINTS', '/home/yanji/.vscode/extensions/ms-python.debugpy-2025.10.0-linux-x64/.noConfigDebugAdapterEndpoints/endpoint-35e173d817dea6ca.txt'), ('LANG', 'zh_CN.UTF-8'), ('XDG_CURRENT_DESKTOP', 'Unity'), ('LC_TELEPHONE', 'en_US.UTF-8'), ('XMODIFIERS', '@im=ibus'), ('XDG_SESSION_DESKTOP', 'ubuntu'), ('XAUTHORITY', '/home/yanji/.Xauthority'), ('LS_COLORS', 'rs=0:di=01;34:ln=01;36:mh=00:pi=40;33:so=01;35:do=01;35:bd=40;33;01:cd=40;33;01:or=40;31;01:mi=00:su=37;41:sg=30;43:ca=30;41:tw=30;42:ow=34;42:st=37;44:ex=01;32:*.tar=01;31:*.tgz=01;31:*.arc=01;31:*.arj=01;31:*.taz=01;31:*.lha=01;31:*.lz4=01;31:*.lzh=01;31:*.lzma=01;31:*.tlz=01;31:*.txz=01;31:*.tzo=01;31:*.t7z=01;31:*.zip=01;31:*.z=01;31:*.dz=01;31:*.gz=01;31:*.lrz=01;31:*.lz=01;31:*.lzo=01;31:*.xz=01;31:*.zst=01;31:*.tzst=01;31:*.bz2=01;31:*.bz=01;31:*.tbz=01;31:*.tbz2=01;31:*.tz=01;31:*.deb=01;31:*.rpm=01;31:*.jar=01;31:*.war=01;31:*.ear=01;31:*.sar=01;31:*.rar=01;31:*.alz=01;31:*.ace=01;31:*.zoo=01;31:*.cpio=01;31:*.7z=01;31:*.rz=01;31:*.cab=01;31:*.wim=01;31:*.swm=01;31:*.dwm=01;31:*.esd=01;31:*.jpg=01;35:*.jpeg=01;35:*.mjpg=01;35:*.mjpeg=01;35:*.gif=01;35:*.bmp=01;35:*.pbm=01;35:*.pgm=01;35:*.ppm=01;35:*.tga=01;35:*.xbm=01;35:*.xpm=01;35:*.tif=01;35:*.tiff=01;35:*.png=01;35:*.svg=01;35:*.svgz=01;35:*.mng=01;35:*.pcx=01;35:*.mov=01;35:*.mpg=01;35:*.mpeg=01;35:*.m2v=01;35:*.mkv=01;35:*.webm=01;35:*.ogm=01;35:*.mp4=01;35:*.m4v=01;35:*.mp4v=01;35:*.vob=01;35:*.qt=01;35:*.nuv=01;35:*.wmv=01;35:*.asf=01;35:*.rm=01;35:*.rmvb=01;35:*.flc=01;35:*.avi=01;35:*.fli=01;35:*.flv=01;35:*.gl=01;35:*.dl=01;35:*.xcf=01;35:*.xwd=01;35:*.yuv=01;35:*.cgm=01;35:*.emf=01;35:*.ogv=01;35:*.ogx=01;35:*.aac=00;36:*.au=00;36:*.flac=00;36:*.m4a=00;36:*.mid=00;36:*.midi=00;36:*.mka=00;36:*.mp3=00;36:*.mpc=00;36:*.ogg=00;36:*.ra=00;36:*.wav=00;36:*.oga=00;36:*.opus=00;36:*.spx=00;36:*.xspf=00;36:'), ('VSCODE_GIT_IPC_HANDLE', '/run/user/1000/vscode-git-51992ed709.sock'), ('GNOME_TERMINAL_SERVICE', ':1.82'), ('TERM_PROGRAM', 'vscode'), ('SSH_AUTH_SOCK', '/run/user/1000/keyring/ssh'), ('XDG_GREETER_DATA_DIR', '/var/lib/lightdm-data/yanji'), ('AMENT_PREFIX_PATH', '/home/yanji/robot_screwing/install/screw_robot_control:/home/yanji/robot_screwing/install/robot_msgs:/home/yanji/robot_screwing/install/real_robot:/home/yanji/robot_screwing/install/mj_sim:/opt/ros/foxy'), ('CONDA_PYTHON_EXE', '/home/yanji/anaconda3/bin/python'), ('ORIGINAL_XDG_CURRENT_DESKTOP', 'ubuntu:GNOME'), ('SHELL', '/bin/bash'), ('LC_NAME', 'en_US.UTF-8'), ('QT_ACCESSIBILITY', '1'), ('GDMSESSION', 'ubuntu'), ('LESSCLOSE', '/usr/bin/lesspipe %s %s'), ('CONDA_DEFAULT_ENV', 'screwrobot'), ('LC_MEASUREMENT', 'en_US.UTF-8'), ('GPG_AGENT_INFO', '/run/user/1000/gnupg/S.gpg-agent:0:1'), ('LC_IDENTIFICATION', 'en_US.UTF-8'), ('VSCODE_GIT_ASKPASS_EXTRA_ARGS', ''), ('QT_IM_MODULE', 'ibus'), ('PWD', '/home/yanji/robot_screwing/build/screw_robot_control'), ('LC_ALL', 'en_US.UTF-8'), ('XDG_CONFIG_DIRS', '/etc/xdg/xdg-ubuntu:/etc/xdg'), ('CONDA_EXE', '/home/yanji/anaconda3/bin/conda'), ('XDG_DATA_DIRS', '/usr/share/ubuntu:/home/yanji/.local/share/flatpak/exports/share:/var/lib/flatpak/exports/share:/usr/local/share:/usr/share:/var/lib/snapd/desktop'), ('PYTHONPATH', '/home/yanji/robot_screwing/install/robot_msgs/lib/python3.8/site-packages:/home/yanji/robot_screwing/install/real_robot/lib/python3.8/site-packages:/home/yanji/robot_screwing/install/mj_sim/lib/python3.8/site-packages:/opt/ros/foxy/lib/python3.8/site-packages'), ('HTTP_PROXY', 'http://127.0.0.1:7890/'), ('LC_NUMERIC', 'en_US.UTF-8'), ('CONDA_PREFIX', '/home/yanji/anaconda3/envs/screwrobot'), ('LC_PAPER', 'en_US.UTF-8'), ('COLCON', '1'), ('VTE_VERSION', '6003'), ('CMAKE_PREFIX_PATH', '/home/yanji/robot_screwing/install/robot_msgs:/home/yanji/robot_screwing/install/screw_robot_control:/home/yanji/robot_screwing/install/real_robot:/home/yanji/robot_screwing/install/mj_sim:/opt/ros/foxy')]), 'shell': False}
[0.770840] (screw_robot_control) StdoutLine: {'line': b'-- Install configuration: ""\n'}
[0.771005] (screw_robot_control) StdoutLine: {'line': b'-- Up-to-date: /home/yanji/robot_screwing/install/screw_robot_control/lib/libSERVO_MOTOR.so\n'}
[0.771069] (screw_robot_control) StdoutLine: {'line': b'-- Up-to-date: /home/yanji/robot_screwing/install/screw_robot_control/lib/libSCREWING_TOOL.so\n'}
[0.771164] (screw_robot_control) StdoutLine: {'line': b'-- Up-to-date: /home/yanji/robot_screwing/install/screw_robot_control/lib/screw_robot_control/right_arm_control\n'}
[0.771321] (screw_robot_control) StdoutLine: {'line': b'-- Up-to-date: /home/yanji/robot_screwing/install/screw_robot_control/lib/screw_robot_control/task_control_screw\n'}
[0.771489] (screw_robot_control) StdoutLine: {'line': b'-- Installing: /home/yanji/robot_screwing/install/screw_robot_control/lib/screw_robot_control/right_arm_control_tcp\n'}
[0.774216] (screw_robot_control) StdoutLine: {'line': b'-- Set runtime path of "/home/yanji/robot_screwing/install/screw_robot_control/lib/screw_robot_control/right_arm_control_tcp" to ""\n'}
[0.774393] (screw_robot_control) StdoutLine: {'line': b'-- Up-to-date: /home/yanji/robot_screwing/install/screw_robot_control/lib/libjakaAPI.so\n'}
[0.774427] (screw_robot_control) StdoutLine: {'line': b'-- Up-to-date: /home/yanji/robot_screwing/install/screw_robot_control/lib/libdxl_x64_cpp.so\n'}
[0.774457] (screw_robot_control) StdoutLine: {'line': b'-- Up-to-date: /home/yanji/robot_screwing/install/screw_robot_control/include\n'}
[0.774486] (screw_robot_control) StdoutLine: {'line': b'-- Up-to-date: /home/yanji/robot_screwing/install/screw_robot_control/include/screw_robot_control\n'}
[0.774537] (screw_robot_control) StdoutLine: {'line': b'-- Up-to-date: /home/yanji/robot_screwing/install/screw_robot_control/include/screw_robot_control/dynamixel\n'}
[0.774566] (screw_robot_control) StdoutLine: {'line': b'-- Up-to-date: /home/yanji/robot_screwing/install/screw_robot_control/include/screw_robot_control/dynamixel/dynamixel_sdk.h\n'}
[0.774594] (screw_robot_control) StdoutLine: {'line': b'-- Up-to-date: /home/yanji/robot_screwing/install/screw_robot_control/include/screw_robot_control/dynamixel/port_handler.h\n'}
[0.774621] (screw_robot_control) StdoutLine: {'line': b'-- Up-to-date: /home/yanji/robot_screwing/install/screw_robot_control/include/screw_robot_control/dynamixel/packet_handler.h\n'}
[0.774648] (screw_robot_control) StdoutLine: {'line': b'-- Up-to-date: /home/yanji/robot_screwing/install/screw_robot_control/include/screw_robot_control/dynamixel/group_bulk_read.h\n'}
[0.774675] (screw_robot_control) StdoutLine: {'line': b'-- Up-to-date: /home/yanji/robot_screwing/install/screw_robot_control/include/screw_robot_control/dynamixel/protocol1_packet_handler.h\n'}
[0.774703] (screw_robot_control) StdoutLine: {'line': b'-- Up-to-date: /home/yanji/robot_screwing/install/screw_robot_control/include/screw_robot_control/dynamixel/port_handler_arduino.h\n'}
[0.774729] (screw_robot_control) StdoutLine: {'line': b'-- Up-to-date: /home/yanji/robot_screwing/install/screw_robot_control/include/screw_robot_control/dynamixel/group_sync_write.h\n'}
[0.774756] (screw_robot_control) StdoutLine: {'line': b'-- Up-to-date: /home/yanji/robot_screwing/install/screw_robot_control/include/screw_robot_control/dynamixel/port_handler_linux.h\n'}
[0.774782] (screw_robot_control) StdoutLine: {'line': b'-- Up-to-date: /home/yanji/robot_screwing/install/screw_robot_control/include/screw_robot_control/dynamixel/port_handler_windows.h\n'}
[0.774808] (screw_robot_control) StdoutLine: {'line': b'-- Up-to-date: /home/yanji/robot_screwing/install/screw_robot_control/include/screw_robot_control/dynamixel/protocol2_packet_handler.h\n'}
[0.774836] (screw_robot_control) StdoutLine: {'line': b'-- Up-to-date: /home/yanji/robot_screwing/install/screw_robot_control/include/screw_robot_control/dynamixel/port_handler_mac.h\n'}
[0.774862] (screw_robot_control) StdoutLine: {'line': b'-- Up-to-date: /home/yanji/robot_screwing/install/screw_robot_control/include/screw_robot_control/dynamixel/group_sync_read.h\n'}
[0.774889] (screw_robot_control) StdoutLine: {'line': b'-- Up-to-date: /home/yanji/robot_screwing/install/screw_robot_control/include/screw_robot_control/dynamixel/group_bulk_write.h\n'}
[0.774917] (screw_robot_control) StdoutLine: {'line': b'-- Up-to-date: /home/yanji/robot_screwing/install/screw_robot_control/include/screw_robot_control/jaka\n'}
[0.774943] (screw_robot_control) StdoutLine: {'line': b'-- Up-to-date: /home/yanji/robot_screwing/install/screw_robot_control/include/screw_robot_control/jaka/right_arm_control.hpp\n'}
[0.775006] (screw_robot_control) StdoutLine: {'line': b'-- Up-to-date: /home/yanji/robot_screwing/install/screw_robot_control/include/screw_robot_control/jaka/servo_motor_function.hpp\n'}
[0.775033] (screw_robot_control) StdoutLine: {'line': b'-- Up-to-date: /home/yanji/robot_screwing/install/screw_robot_control/include/screw_robot_control/jaka/JAKAZuRobot.h\n'}
[0.775061] (screw_robot_control) StdoutLine: {'line': b'-- Up-to-date: /home/yanji/robot_screwing/install/screw_robot_control/include/screw_robot_control/jaka/jktypes.h\n'}
[0.775123] (screw_robot_control) StdoutLine: {'line': b'-- Up-to-date: /home/yanji/robot_screwing/install/screw_robot_control/include/screw_robot_control/jaka/task_control_screw.hpp\n'}
[0.775148] (screw_robot_control) StdoutLine: {'line': b'-- Up-to-date: /home/yanji/robot_screwing/install/screw_robot_control/include/screw_robot_control/jaka/jkerr.h\n'}
[0.775174] (screw_robot_control) StdoutLine: {'line': b'-- Up-to-date: /home/yanji/robot_screwing/install/screw_robot_control/include/screw_robot_control/jaka/right_arm_control_tcp.hpp\n'}
[0.775203] (screw_robot_control) StdoutLine: {'line': b'-- Up-to-date: /home/yanji/robot_screwing/install/screw_robot_control/include/screw_robot_control/jaka/screwing_tool.hpp\n'}
[0.775229] (screw_robot_control) StdoutLine: {'line': b'-- Up-to-date: /home/yanji/robot_screwing/install/screw_robot_control/share/screw_robot_control/launch\n'}
[0.775264] (screw_robot_control) StdoutLine: {'line': b'-- Up-to-date: /home/yanji/robot_screwing/install/screw_robot_control/share/screw_robot_control/launch/server_mpc.launch.py\n'}
[0.775290] (screw_robot_control) StdoutLine: {'line': b'-- Up-to-date: /home/yanji/robot_screwing/install/screw_robot_control/share/ament_index/resource_index/package_run_dependencies/screw_robot_control\n'}
[0.775315] (screw_robot_control) StdoutLine: {'line': b'-- Up-to-date: /home/yanji/robot_screwing/install/screw_robot_control/share/ament_index/resource_index/parent_prefix_path/screw_robot_control\n'}
[0.775340] (screw_robot_control) StdoutLine: {'line': b'-- Up-to-date: /home/yanji/robot_screwing/install/screw_robot_control/share/screw_robot_control/environment/ament_prefix_path.sh\n'}
[0.775363] (screw_robot_control) StdoutLine: {'line': b'-- Up-to-date: /home/yanji/robot_screwing/install/screw_robot_control/share/screw_robot_control/environment/ament_prefix_path.dsv\n'}
[0.775386] (screw_robot_control) StdoutLine: {'line': b'-- Up-to-date: /home/yanji/robot_screwing/install/screw_robot_control/share/screw_robot_control/environment/path.sh\n'}
[0.775411] (screw_robot_control) StdoutLine: {'line': b'-- Up-to-date: /home/yanji/robot_screwing/install/screw_robot_control/share/screw_robot_control/environment/path.dsv\n'}
[0.775437] (screw_robot_control) StdoutLine: {'line': b'-- Up-to-date: /home/yanji/robot_screwing/install/screw_robot_control/share/screw_robot_control/local_setup.bash\n'}
[0.775462] (screw_robot_control) StdoutLine: {'line': b'-- Up-to-date: /home/yanji/robot_screwing/install/screw_robot_control/share/screw_robot_control/local_setup.sh\n'}
[0.775496] (screw_robot_control) StdoutLine: {'line': b'-- Up-to-date: /home/yanji/robot_screwing/install/screw_robot_control/share/screw_robot_control/local_setup.zsh\n'}
[0.775670] (screw_robot_control) StdoutLine: {'line': b'-- Up-to-date: /home/yanji/robot_screwing/install/screw_robot_control/share/screw_robot_control/local_setup.dsv\n'}
[0.775750] (screw_robot_control) StdoutLine: {'line': b'-- Installing: /home/yanji/robot_screwing/install/screw_robot_control/share/screw_robot_control/package.dsv\n'}
[0.776267] (screw_robot_control) StdoutLine: {'line': b'-- Up-to-date: /home/yanji/robot_screwing/install/screw_robot_control/share/ament_index/resource_index/packages/screw_robot_control\n'}
[0.776543] (screw_robot_control) StdoutLine: {'line': b'-- Up-to-date: /home/yanji/robot_screwing/install/screw_robot_control/share/screw_robot_control/cmake/screw_robot_controlConfig.cmake\n'}
[0.776652] (screw_robot_control) StdoutLine: {'line': b'-- Up-to-date: /home/yanji/robot_screwing/install/screw_robot_control/share/screw_robot_control/cmake/screw_robot_controlConfig-version.cmake\n'}
[0.776836] (screw_robot_control) StdoutLine: {'line': b'-- Up-to-date: /home/yanji/robot_screwing/install/screw_robot_control/share/screw_robot_control/package.xml\n'}
[0.776974] (screw_robot_control) CommandEnded: {'returncode': 0}
[0.783721] (screw_robot_control) JobEnded: {'identifier': 'screw_robot_control', 'rc': 0}
[0.784332] (-) EventReactorShutdown: {}
