[0.000000] (-) TimerEvent: {}
[0.000123] (mj_sim) JobQueued: {'identifier': 'mj_sim', 'dependencies': OrderedDict()}
[0.000161] (real_robot) JobQueued: {'identifier': 'real_robot', 'dependencies': OrderedDict()}
[0.000247] (robot_msgs) JobQueued: {'identifier': 'robot_msgs', 'dependencies': OrderedDict()}
[0.000302] (screw_robot_control) JobQueued: {'identifier': 'screw_robot_control', 'dependencies': OrderedDict([('robot_msgs', '/home/yanji/robot_screwing/install/robot_msgs')])}
[0.000344] (robot_msgs) JobStarted: {'identifier': 'robot_msgs'}
[0.003451] (mj_sim) JobStarted: {'identifier': 'mj_sim'}
[0.006484] (real_robot) JobStarted: {'identifier': 'real_robot'}
[0.010238] (robot_msgs) JobProgress: {'identifier': 'robot_msgs', 'progress': 'cmake'}
[0.010609] (robot_msgs) JobProgress: {'identifier': 'robot_msgs', 'progress': 'build'}
[0.011023] (robot_msgs) Command: {'cmd': ['/usr/bin/cmake', '--build', '/home/yanji/robot_screwing/build/robot_msgs', '--', '-j24', '-l24'], 'cwd': '/home/yanji/robot_screwing/build/robot_msgs', 'env': OrderedDict([('LESSOPEN', '| /usr/bin/lesspipe %s'), ('LIBRARY_PATH', '/home/yanji/jaka_python:/home/yanji/jaka_python::/usr/local/cuda/lib64:/usr/local/cuda/lib64'), ('CONDA_PROMPT_MODIFIER', '(screwrobot)'), ('HTTPS_PROXY', 'http://127.0.0.1:7890/'), ('no_proxy', 'localhost,127.0.0.0/8,::1'), ('LANGUAGE', 'zh_CN:en'), ('USER', 'yanji'), ('LC_TIME', 'en_US.UTF-8'), ('all_proxy', 'socks://127.0.0.1:7891/'), ('SSH_AGENT_PID', '2012'), ('XDG_SESSION_TYPE', 'x11'), ('GIT_ASKPASS', '/usr/share/code/resources/app/extensions/git/dist/askpass.sh'), ('SHLVL', '2'), ('LD_LIBRARY_PATH', '/lib/x86_64-linux-gnu:/usr/lib/x86_64-linux-gnu:/home/yanji/robot_screwing/install/screw_robot_control/lib:/home/yanji/robot_screwing/install/robot_msgs/lib:/opt/ros/foxy/opt/yaml_cpp_vendor/lib:/opt/ros/foxy/opt/rviz_ogre_vendor/lib:/opt/ros/foxy/lib/x86_64-linux-gnu:/opt/ros/foxy/lib:/lib/x86_64-linux-gnu:/usr/lib/x86_64-linux-gnu::/usr/local/cuda/lib64:/usr/local/cuda/lib64'), ('HOME', '/home/yanji'), ('CHROME_DESKTOP', 'code.desktop'), ('CONDA_SHLVL', '1'), ('TERM_PROGRAM_VERSION', '1.97.2'), ('DESKTOP_SESSION', 'ubuntu'), ('NO_PROXY', 'localhost,127.0.0.0/8,::1'), ('ROS_PYTHON_VERSION', '3'), ('GNOME_SHELL_SESSION_MODE', 'ubuntu'), ('GTK_MODULES', 'gail:atk-bridge'), ('XDG_SEAT_PATH', '/org/freedesktop/DisplayManager/Seat0'), ('VSCODE_GIT_ASKPASS_MAIN', '/usr/share/code/resources/app/extensions/git/dist/askpass-main.js'), ('LC_MONETARY', 'en_US.UTF-8'), ('VSCODE_GIT_ASKPASS_NODE', '/usr/share/code/code'), ('MANAGERPID', '1924'), ('PYDEVD_DISABLE_FILE_VALIDATION', '1'), ('BUNDLED_DEBUGPY_PATH', '/home/yanji/.vscode/extensions/ms-python.debugpy-2025.10.0-linux-x64/bundled/libs/debugpy'), ('DBUS_SESSION_BUS_ADDRESS', 'unix:path=/run/user/1000/bus'), ('COLORTERM', 'truecolor'), ('_CE_M', ''), ('IM_CONFIG_PHASE', '1'), ('https_proxy', 'http://127.0.0.1:7890/'), ('COLCON_PREFIX_PATH', '/home/yanji/robot_screwing/install'), ('ROS_DISTRO', 'foxy'), ('LOGNAME', 'yanji'), ('ALL_PROXY', 'socks://127.0.0.1:7891/'), ('http_proxy', 'http://127.0.0.1:7890/'), ('JOURNAL_STREAM', '8:55791'), ('_', '/usr/bin/colcon'), ('ROS_VERSION', '2'), ('XDG_SESSION_CLASS', 'user'), ('TERM', 'xterm-256color'), ('GNOME_DESKTOP_SESSION_ID', 'this-is-deprecated'), ('_CE_CONDA', ''), ('ROS_LOCALHOST_ONLY', '0'), ('PATH', '/home/yanji/anaconda3/envs/screwrobot/bin:/opt/ros/foxy/bin:/usr/lib/ccache:/home/yanji/anaconda3/envs/screwrobot/bin:/usr/lib/ccache:/home/yanji/anaconda3/condabin:/home/yanji/.local/bin:/usr/local/sbin:/usr/local/bin:/usr/sbin:/usr/bin:/sbin:/bin:/usr/games:/usr/local/games:/snap/bin:/usr/local/cuda/bin:/home/yanji/pycharm/bin:/home/yanji/.vscode/extensions/ms-python.debugpy-2025.10.0-linux-x64/bundled/scripts/noConfigScripts:/usr/local/cuda/bin:/home/yanji/pycharm/bin'), ('SESSION_MANAGER', 'local/yanji-server:@/tmp/.ICE-unix/2048,unix/yanji-server:/tmp/.ICE-unix/2048'), ('GDM_LANG', 'zh_CN'), ('INVOCATION_ID', '56f2ada9c7014da5ab0097972e3fd132'), ('PAPERSIZE', 'letter'), ('XDG_SESSION_PATH', '/org/freedesktop/DisplayManager/Session0'), ('XDG_MENU_PREFIX', 'gnome-'), ('LC_ADDRESS', 'en_US.UTF-8'), ('GNOME_TERMINAL_SCREEN', '/org/gnome/Terminal/screen/49554d2c_eb4f_44ca_a2b5_0e2061571014'), ('XDG_RUNTIME_DIR', '/run/user/1000'), ('GDK_BACKEND', 'x11'), ('DISPLAY', ':0'), ('VSCODE_DEBUGPY_ADAPTER_ENDPOINTS', '/home/yanji/.vscode/extensions/ms-python.debugpy-2025.10.0-linux-x64/.noConfigDebugAdapterEndpoints/endpoint-35e173d817dea6ca.txt'), ('LANG', 'zh_CN.UTF-8'), ('XDG_CURRENT_DESKTOP', 'Unity'), ('LC_TELEPHONE', 'en_US.UTF-8'), ('XMODIFIERS', '@im=ibus'), ('XDG_SESSION_DESKTOP', 'ubuntu'), ('XAUTHORITY', '/home/yanji/.Xauthority'), ('LS_COLORS', 'rs=0:di=01;34:ln=01;36:mh=00:pi=40;33:so=01;35:do=01;35:bd=40;33;01:cd=40;33;01:or=40;31;01:mi=00:su=37;41:sg=30;43:ca=30;41:tw=30;42:ow=34;42:st=37;44:ex=01;32:*.tar=01;31:*.tgz=01;31:*.arc=01;31:*.arj=01;31:*.taz=01;31:*.lha=01;31:*.lz4=01;31:*.lzh=01;31:*.lzma=01;31:*.tlz=01;31:*.txz=01;31:*.tzo=01;31:*.t7z=01;31:*.zip=01;31:*.z=01;31:*.dz=01;31:*.gz=01;31:*.lrz=01;31:*.lz=01;31:*.lzo=01;31:*.xz=01;31:*.zst=01;31:*.tzst=01;31:*.bz2=01;31:*.bz=01;31:*.tbz=01;31:*.tbz2=01;31:*.tz=01;31:*.deb=01;31:*.rpm=01;31:*.jar=01;31:*.war=01;31:*.ear=01;31:*.sar=01;31:*.rar=01;31:*.alz=01;31:*.ace=01;31:*.zoo=01;31:*.cpio=01;31:*.7z=01;31:*.rz=01;31:*.cab=01;31:*.wim=01;31:*.swm=01;31:*.dwm=01;31:*.esd=01;31:*.jpg=01;35:*.jpeg=01;35:*.mjpg=01;35:*.mjpeg=01;35:*.gif=01;35:*.bmp=01;35:*.pbm=01;35:*.pgm=01;35:*.ppm=01;35:*.tga=01;35:*.xbm=01;35:*.xpm=01;35:*.tif=01;35:*.tiff=01;35:*.png=01;35:*.svg=01;35:*.svgz=01;35:*.mng=01;35:*.pcx=01;35:*.mov=01;35:*.mpg=01;35:*.mpeg=01;35:*.m2v=01;35:*.mkv=01;35:*.webm=01;35:*.ogm=01;35:*.mp4=01;35:*.m4v=01;35:*.mp4v=01;35:*.vob=01;35:*.qt=01;35:*.nuv=01;35:*.wmv=01;35:*.asf=01;35:*.rm=01;35:*.rmvb=01;35:*.flc=01;35:*.avi=01;35:*.fli=01;35:*.flv=01;35:*.gl=01;35:*.dl=01;35:*.xcf=01;35:*.xwd=01;35:*.yuv=01;35:*.cgm=01;35:*.emf=01;35:*.ogv=01;35:*.ogx=01;35:*.aac=00;36:*.au=00;36:*.flac=00;36:*.m4a=00;36:*.mid=00;36:*.midi=00;36:*.mka=00;36:*.mp3=00;36:*.mpc=00;36:*.ogg=00;36:*.ra=00;36:*.wav=00;36:*.oga=00;36:*.opus=00;36:*.spx=00;36:*.xspf=00;36:'), ('VSCODE_GIT_IPC_HANDLE', '/run/user/1000/vscode-git-51992ed709.sock'), ('GNOME_TERMINAL_SERVICE', ':1.87'), ('TERM_PROGRAM', 'vscode'), ('SSH_AUTH_SOCK', '/run/user/1000/keyring/ssh'), ('XDG_GREETER_DATA_DIR', '/var/lib/lightdm-data/yanji'), ('AMENT_PREFIX_PATH', '/home/yanji/robot_screwing/install/screw_robot_control:/home/yanji/robot_screwing/install/robot_msgs:/home/yanji/robot_screwing/install/real_robot:/home/yanji/robot_screwing/install/mj_sim:/opt/ros/foxy'), ('CONDA_PYTHON_EXE', '/home/yanji/anaconda3/bin/python'), ('ORIGINAL_XDG_CURRENT_DESKTOP', 'ubuntu:GNOME'), ('SHELL', '/bin/bash'), ('LC_NAME', 'en_US.UTF-8'), ('QT_ACCESSIBILITY', '1'), ('GDMSESSION', 'ubuntu'), ('LESSCLOSE', '/usr/bin/lesspipe %s %s'), ('CONDA_DEFAULT_ENV', 'screwrobot'), ('LC_MEASUREMENT', 'en_US.UTF-8'), ('GPG_AGENT_INFO', '/run/user/1000/gnupg/S.gpg-agent:0:1'), ('LC_IDENTIFICATION', 'en_US.UTF-8'), ('VSCODE_GIT_ASKPASS_EXTRA_ARGS', ''), ('QT_IM_MODULE', 'ibus'), ('PWD', '/home/yanji/robot_screwing/build/robot_msgs'), ('LC_ALL', 'en_US.UTF-8'), ('XDG_CONFIG_DIRS', '/etc/xdg/xdg-ubuntu:/etc/xdg'), ('CONDA_EXE', '/home/yanji/anaconda3/bin/conda'), ('XDG_DATA_DIRS', '/usr/share/ubuntu:/home/yanji/.local/share/flatpak/exports/share:/var/lib/flatpak/exports/share:/usr/local/share:/usr/share:/var/lib/snapd/desktop'), ('PYTHONPATH', '/home/yanji/robot_screwing/install/robot_msgs/lib/python3.8/site-packages:/home/yanji/robot_screwing/install/real_robot/lib/python3.8/site-packages:/home/yanji/robot_screwing/install/mj_sim/lib/python3.8/site-packages:/opt/ros/foxy/lib/python3.8/site-packages'), ('HTTP_PROXY', 'http://127.0.0.1:7890/'), ('LC_NUMERIC', 'en_US.UTF-8'), ('CONDA_PREFIX', '/home/yanji/anaconda3/envs/screwrobot'), ('LC_PAPER', 'en_US.UTF-8'), ('COLCON', '1'), ('VTE_VERSION', '6003'), ('CMAKE_PREFIX_PATH', '/home/yanji/robot_screwing/install/screw_robot_control:/home/yanji/robot_screwing/install/robot_msgs:/home/yanji/robot_screwing/install/real_robot:/home/yanji/robot_screwing/install/mj_sim:/opt/ros/foxy')]), 'shell': False}
[0.100008] (-) TimerEvent: {}
[0.200306] (-) TimerEvent: {}
[0.233001] (robot_msgs) StdoutLine: {'line': b'[  1%] Built target robot_msgs__cpp\n'}
[0.233297] (robot_msgs) StdoutLine: {'line': b'[ 12%] Built target robot_msgs__rosidl_generator_c\n'}
[0.233692] (robot_msgs) StdoutLine: {'line': b'[ 24%] Built target robot_msgs__rosidl_typesupport_cpp\n'}
[0.233738] (robot_msgs) StdoutLine: {'line': b'[ 35%] Built target robot_msgs__rosidl_typesupport_introspection_cpp\n'}
[0.233785] (robot_msgs) StdoutLine: {'line': b'[ 47%] Built target robot_msgs__rosidl_typesupport_c\n'}
[0.233856] (robot_msgs) StdoutLine: {'line': b'[ 58%] Built target robot_msgs__rosidl_typesupport_introspection_c\n'}
[0.233999] (robot_msgs) StdoutLine: {'line': b'[ 70%] Built target robot_msgs__rosidl_typesupport_fastrtps_cpp\n'}
[0.234562] (robot_msgs) StdoutLine: {'line': b'[ 82%] Built target robot_msgs__rosidl_typesupport_fastrtps_c\n'}
[0.234610] (robot_msgs) StdoutLine: {'line': b'[ 82%] Built target robot_msgs\n'}
[0.234655] (robot_msgs) StdoutLine: {'line': b'[ 83%] Built target robot_msgs__py\n'}
[0.234680] (robot_msgs) StdoutLine: {'line': b'[ 93%] Built target robot_msgs__python\n'}
[0.234704] (robot_msgs) StdoutLine: {'line': b'[ 95%] Built target robot_msgs__rosidl_typesupport_c__pyext\n'}
[0.234728] (robot_msgs) StdoutLine: {'line': b'[ 97%] Built target robot_msgs__rosidl_typesupport_introspection_c__pyext\n'}
[0.234752] (robot_msgs) StdoutLine: {'line': b'[100%] Built target robot_msgs__rosidl_typesupport_fastrtps_c__pyext\n'}
[0.234788] (robot_msgs) CommandEnded: {'returncode': 0}
[0.235014] (robot_msgs) JobProgress: {'identifier': 'robot_msgs', 'progress': 'install'}
[0.238528] (robot_msgs) Command: {'cmd': ['/usr/bin/cmake', '--install', '/home/yanji/robot_screwing/build/robot_msgs'], 'cwd': '/home/yanji/robot_screwing/build/robot_msgs', 'env': OrderedDict([('LESSOPEN', '| /usr/bin/lesspipe %s'), ('LIBRARY_PATH', '/home/yanji/jaka_python:/home/yanji/jaka_python::/usr/local/cuda/lib64:/usr/local/cuda/lib64'), ('CONDA_PROMPT_MODIFIER', '(screwrobot)'), ('HTTPS_PROXY', 'http://127.0.0.1:7890/'), ('no_proxy', 'localhost,127.0.0.0/8,::1'), ('LANGUAGE', 'zh_CN:en'), ('USER', 'yanji'), ('LC_TIME', 'en_US.UTF-8'), ('all_proxy', 'socks://127.0.0.1:7891/'), ('SSH_AGENT_PID', '2012'), ('XDG_SESSION_TYPE', 'x11'), ('GIT_ASKPASS', '/usr/share/code/resources/app/extensions/git/dist/askpass.sh'), ('SHLVL', '2'), ('LD_LIBRARY_PATH', '/lib/x86_64-linux-gnu:/usr/lib/x86_64-linux-gnu:/home/yanji/robot_screwing/install/screw_robot_control/lib:/home/yanji/robot_screwing/install/robot_msgs/lib:/opt/ros/foxy/opt/yaml_cpp_vendor/lib:/opt/ros/foxy/opt/rviz_ogre_vendor/lib:/opt/ros/foxy/lib/x86_64-linux-gnu:/opt/ros/foxy/lib:/lib/x86_64-linux-gnu:/usr/lib/x86_64-linux-gnu::/usr/local/cuda/lib64:/usr/local/cuda/lib64'), ('HOME', '/home/yanji'), ('CHROME_DESKTOP', 'code.desktop'), ('CONDA_SHLVL', '1'), ('TERM_PROGRAM_VERSION', '1.97.2'), ('DESKTOP_SESSION', 'ubuntu'), ('NO_PROXY', 'localhost,127.0.0.0/8,::1'), ('ROS_PYTHON_VERSION', '3'), ('GNOME_SHELL_SESSION_MODE', 'ubuntu'), ('GTK_MODULES', 'gail:atk-bridge'), ('XDG_SEAT_PATH', '/org/freedesktop/DisplayManager/Seat0'), ('VSCODE_GIT_ASKPASS_MAIN', '/usr/share/code/resources/app/extensions/git/dist/askpass-main.js'), ('LC_MONETARY', 'en_US.UTF-8'), ('VSCODE_GIT_ASKPASS_NODE', '/usr/share/code/code'), ('MANAGERPID', '1924'), ('PYDEVD_DISABLE_FILE_VALIDATION', '1'), ('BUNDLED_DEBUGPY_PATH', '/home/yanji/.vscode/extensions/ms-python.debugpy-2025.10.0-linux-x64/bundled/libs/debugpy'), ('DBUS_SESSION_BUS_ADDRESS', 'unix:path=/run/user/1000/bus'), ('COLORTERM', 'truecolor'), ('_CE_M', ''), ('IM_CONFIG_PHASE', '1'), ('https_proxy', 'http://127.0.0.1:7890/'), ('COLCON_PREFIX_PATH', '/home/yanji/robot_screwing/install'), ('ROS_DISTRO', 'foxy'), ('LOGNAME', 'yanji'), ('ALL_PROXY', 'socks://127.0.0.1:7891/'), ('http_proxy', 'http://127.0.0.1:7890/'), ('JOURNAL_STREAM', '8:55791'), ('_', '/usr/bin/colcon'), ('ROS_VERSION', '2'), ('XDG_SESSION_CLASS', 'user'), ('TERM', 'xterm-256color'), ('GNOME_DESKTOP_SESSION_ID', 'this-is-deprecated'), ('_CE_CONDA', ''), ('ROS_LOCALHOST_ONLY', '0'), ('PATH', '/home/yanji/anaconda3/envs/screwrobot/bin:/opt/ros/foxy/bin:/usr/lib/ccache:/home/yanji/anaconda3/envs/screwrobot/bin:/usr/lib/ccache:/home/yanji/anaconda3/condabin:/home/yanji/.local/bin:/usr/local/sbin:/usr/local/bin:/usr/sbin:/usr/bin:/sbin:/bin:/usr/games:/usr/local/games:/snap/bin:/usr/local/cuda/bin:/home/yanji/pycharm/bin:/home/yanji/.vscode/extensions/ms-python.debugpy-2025.10.0-linux-x64/bundled/scripts/noConfigScripts:/usr/local/cuda/bin:/home/yanji/pycharm/bin'), ('SESSION_MANAGER', 'local/yanji-server:@/tmp/.ICE-unix/2048,unix/yanji-server:/tmp/.ICE-unix/2048'), ('GDM_LANG', 'zh_CN'), ('INVOCATION_ID', '56f2ada9c7014da5ab0097972e3fd132'), ('PAPERSIZE', 'letter'), ('XDG_SESSION_PATH', '/org/freedesktop/DisplayManager/Session0'), ('XDG_MENU_PREFIX', 'gnome-'), ('LC_ADDRESS', 'en_US.UTF-8'), ('GNOME_TERMINAL_SCREEN', '/org/gnome/Terminal/screen/49554d2c_eb4f_44ca_a2b5_0e2061571014'), ('XDG_RUNTIME_DIR', '/run/user/1000'), ('GDK_BACKEND', 'x11'), ('DISPLAY', ':0'), ('VSCODE_DEBUGPY_ADAPTER_ENDPOINTS', '/home/yanji/.vscode/extensions/ms-python.debugpy-2025.10.0-linux-x64/.noConfigDebugAdapterEndpoints/endpoint-35e173d817dea6ca.txt'), ('LANG', 'zh_CN.UTF-8'), ('XDG_CURRENT_DESKTOP', 'Unity'), ('LC_TELEPHONE', 'en_US.UTF-8'), ('XMODIFIERS', '@im=ibus'), ('XDG_SESSION_DESKTOP', 'ubuntu'), ('XAUTHORITY', '/home/yanji/.Xauthority'), ('LS_COLORS', 'rs=0:di=01;34:ln=01;36:mh=00:pi=40;33:so=01;35:do=01;35:bd=40;33;01:cd=40;33;01:or=40;31;01:mi=00:su=37;41:sg=30;43:ca=30;41:tw=30;42:ow=34;42:st=37;44:ex=01;32:*.tar=01;31:*.tgz=01;31:*.arc=01;31:*.arj=01;31:*.taz=01;31:*.lha=01;31:*.lz4=01;31:*.lzh=01;31:*.lzma=01;31:*.tlz=01;31:*.txz=01;31:*.tzo=01;31:*.t7z=01;31:*.zip=01;31:*.z=01;31:*.dz=01;31:*.gz=01;31:*.lrz=01;31:*.lz=01;31:*.lzo=01;31:*.xz=01;31:*.zst=01;31:*.tzst=01;31:*.bz2=01;31:*.bz=01;31:*.tbz=01;31:*.tbz2=01;31:*.tz=01;31:*.deb=01;31:*.rpm=01;31:*.jar=01;31:*.war=01;31:*.ear=01;31:*.sar=01;31:*.rar=01;31:*.alz=01;31:*.ace=01;31:*.zoo=01;31:*.cpio=01;31:*.7z=01;31:*.rz=01;31:*.cab=01;31:*.wim=01;31:*.swm=01;31:*.dwm=01;31:*.esd=01;31:*.jpg=01;35:*.jpeg=01;35:*.mjpg=01;35:*.mjpeg=01;35:*.gif=01;35:*.bmp=01;35:*.pbm=01;35:*.pgm=01;35:*.ppm=01;35:*.tga=01;35:*.xbm=01;35:*.xpm=01;35:*.tif=01;35:*.tiff=01;35:*.png=01;35:*.svg=01;35:*.svgz=01;35:*.mng=01;35:*.pcx=01;35:*.mov=01;35:*.mpg=01;35:*.mpeg=01;35:*.m2v=01;35:*.mkv=01;35:*.webm=01;35:*.ogm=01;35:*.mp4=01;35:*.m4v=01;35:*.mp4v=01;35:*.vob=01;35:*.qt=01;35:*.nuv=01;35:*.wmv=01;35:*.asf=01;35:*.rm=01;35:*.rmvb=01;35:*.flc=01;35:*.avi=01;35:*.fli=01;35:*.flv=01;35:*.gl=01;35:*.dl=01;35:*.xcf=01;35:*.xwd=01;35:*.yuv=01;35:*.cgm=01;35:*.emf=01;35:*.ogv=01;35:*.ogx=01;35:*.aac=00;36:*.au=00;36:*.flac=00;36:*.m4a=00;36:*.mid=00;36:*.midi=00;36:*.mka=00;36:*.mp3=00;36:*.mpc=00;36:*.ogg=00;36:*.ra=00;36:*.wav=00;36:*.oga=00;36:*.opus=00;36:*.spx=00;36:*.xspf=00;36:'), ('VSCODE_GIT_IPC_HANDLE', '/run/user/1000/vscode-git-51992ed709.sock'), ('GNOME_TERMINAL_SERVICE', ':1.87'), ('TERM_PROGRAM', 'vscode'), ('SSH_AUTH_SOCK', '/run/user/1000/keyring/ssh'), ('XDG_GREETER_DATA_DIR', '/var/lib/lightdm-data/yanji'), ('AMENT_PREFIX_PATH', '/home/yanji/robot_screwing/install/screw_robot_control:/home/yanji/robot_screwing/install/robot_msgs:/home/yanji/robot_screwing/install/real_robot:/home/yanji/robot_screwing/install/mj_sim:/opt/ros/foxy'), ('CONDA_PYTHON_EXE', '/home/yanji/anaconda3/bin/python'), ('ORIGINAL_XDG_CURRENT_DESKTOP', 'ubuntu:GNOME'), ('SHELL', '/bin/bash'), ('LC_NAME', 'en_US.UTF-8'), ('QT_ACCESSIBILITY', '1'), ('GDMSESSION', 'ubuntu'), ('LESSCLOSE', '/usr/bin/lesspipe %s %s'), ('CONDA_DEFAULT_ENV', 'screwrobot'), ('LC_MEASUREMENT', 'en_US.UTF-8'), ('GPG_AGENT_INFO', '/run/user/1000/gnupg/S.gpg-agent:0:1'), ('LC_IDENTIFICATION', 'en_US.UTF-8'), ('VSCODE_GIT_ASKPASS_EXTRA_ARGS', ''), ('QT_IM_MODULE', 'ibus'), ('PWD', '/home/yanji/robot_screwing/build/robot_msgs'), ('LC_ALL', 'en_US.UTF-8'), ('XDG_CONFIG_DIRS', '/etc/xdg/xdg-ubuntu:/etc/xdg'), ('CONDA_EXE', '/home/yanji/anaconda3/bin/conda'), ('XDG_DATA_DIRS', '/usr/share/ubuntu:/home/yanji/.local/share/flatpak/exports/share:/var/lib/flatpak/exports/share:/usr/local/share:/usr/share:/var/lib/snapd/desktop'), ('PYTHONPATH', '/home/yanji/robot_screwing/install/robot_msgs/lib/python3.8/site-packages:/home/yanji/robot_screwing/install/real_robot/lib/python3.8/site-packages:/home/yanji/robot_screwing/install/mj_sim/lib/python3.8/site-packages:/opt/ros/foxy/lib/python3.8/site-packages'), ('HTTP_PROXY', 'http://127.0.0.1:7890/'), ('LC_NUMERIC', 'en_US.UTF-8'), ('CONDA_PREFIX', '/home/yanji/anaconda3/envs/screwrobot'), ('LC_PAPER', 'en_US.UTF-8'), ('COLCON', '1'), ('VTE_VERSION', '6003'), ('CMAKE_PREFIX_PATH', '/home/yanji/robot_screwing/install/screw_robot_control:/home/yanji/robot_screwing/install/robot_msgs:/home/yanji/robot_screwing/install/real_robot:/home/yanji/robot_screwing/install/mj_sim:/opt/ros/foxy')]), 'shell': False}
[0.243008] (robot_msgs) StdoutLine: {'line': b'-- Install configuration: ""\n'}
[0.243764] (robot_msgs) StdoutLine: {'line': b'-- Up-to-date: /home/yanji/robot_screwing/install/robot_msgs/share/ament_index/resource_index/rosidl_interfaces/robot_msgs\n'}
[0.243829] (robot_msgs) StdoutLine: {'line': b'-- Up-to-date: /home/yanji/robot_screwing/install/robot_msgs/include/robot_msgs\n'}
[0.243885] (robot_msgs) StdoutLine: {'line': b'-- Up-to-date: /home/yanji/robot_screwing/install/robot_msgs/include/robot_msgs/srv\n'}
[0.243921] (robot_msgs) StdoutLine: {'line': b'-- Up-to-date: /home/yanji/robot_screwing/install/robot_msgs/include/robot_msgs/srv/detail\n'}
[0.243947] (robot_msgs) StdoutLine: {'line': b'-- Up-to-date: /home/yanji/robot_screwing/install/robot_msgs/include/robot_msgs/srv/detail/start_rotation__functions.c\n'}
[0.243970] (robot_msgs) StdoutLine: {'line': b'-- Up-to-date: /home/yanji/robot_screwing/install/robot_msgs/include/robot_msgs/srv/detail/start_pose__type_support.h\n'}
[0.243993] (robot_msgs) StdoutLine: {'line': b'-- Up-to-date: /home/yanji/robot_screwing/install/robot_msgs/include/robot_msgs/srv/detail/start_rotation__struct.h\n'}
[0.244016] (robot_msgs) StdoutLine: {'line': b'-- Up-to-date: /home/yanji/robot_screwing/install/robot_msgs/include/robot_msgs/srv/detail/start_pose__functions.h\n'}
[0.244045] (robot_msgs) StdoutLine: {'line': b'-- Up-to-date: /home/yanji/robot_screwing/install/robot_msgs/include/robot_msgs/srv/detail/start_pose__struct.h\n'}
[0.244068] (robot_msgs) StdoutLine: {'line': b'-- Up-to-date: /home/yanji/robot_screwing/install/robot_msgs/include/robot_msgs/srv/detail/start_pose__functions.c\n'}
[0.244090] (robot_msgs) StdoutLine: {'line': b'-- Up-to-date: /home/yanji/robot_screwing/install/robot_msgs/include/robot_msgs/srv/detail/start_rotation__functions.h\n'}
[0.244113] (robot_msgs) StdoutLine: {'line': b'-- Up-to-date: /home/yanji/robot_screwing/install/robot_msgs/include/robot_msgs/srv/detail/start_rotation__type_support.h\n'}
[0.244148] (robot_msgs) StdoutLine: {'line': b'-- Up-to-date: /home/yanji/robot_screwing/install/robot_msgs/include/robot_msgs/srv/start_pose.h\n'}
[0.244171] (robot_msgs) StdoutLine: {'line': b'-- Up-to-date: /home/yanji/robot_screwing/install/robot_msgs/include/robot_msgs/srv/start_rotation.h\n'}
[0.244213] (robot_msgs) StdoutLine: {'line': b'-- Up-to-date: /home/yanji/robot_screwing/install/robot_msgs/include/robot_msgs/action\n'}
[0.244265] (robot_msgs) StdoutLine: {'line': b'-- Up-to-date: /home/yanji/robot_screwing/install/robot_msgs/include/robot_msgs/action/detail\n'}
[0.244306] (robot_msgs) StdoutLine: {'line': b'-- Up-to-date: /home/yanji/robot_screwing/install/robot_msgs/include/robot_msgs/action/detail/screw__struct.h\n'}
[0.244331] (robot_msgs) StdoutLine: {'line': b'-- Up-to-date: /home/yanji/robot_screwing/install/robot_msgs/include/robot_msgs/action/detail/screw__functions.c\n'}
[0.244355] (robot_msgs) StdoutLine: {'line': b'-- Up-to-date: /home/yanji/robot_screwing/install/robot_msgs/include/robot_msgs/action/detail/screw__functions.h\n'}
[0.244386] (robot_msgs) StdoutLine: {'line': b'-- Up-to-date: /home/yanji/robot_screwing/install/robot_msgs/include/robot_msgs/action/detail/screw__type_support.h\n'}
[0.244413] (robot_msgs) StdoutLine: {'line': b'-- Up-to-date: /home/yanji/robot_screwing/install/robot_msgs/include/robot_msgs/action/screw.h\n'}
[0.244436] (robot_msgs) StdoutLine: {'line': b'-- Up-to-date: /home/yanji/robot_screwing/install/robot_msgs/include/robot_msgs/msg\n'}
[0.244459] (robot_msgs) StdoutLine: {'line': b'-- Up-to-date: /home/yanji/robot_screwing/install/robot_msgs/include/robot_msgs/msg/detail\n'}
[0.244495] (robot_msgs) StdoutLine: {'line': b'-- Up-to-date: /home/yanji/robot_screwing/install/robot_msgs/include/robot_msgs/msg/detail/current_pub__struct.h\n'}
[0.244549] (robot_msgs) StdoutLine: {'line': b'-- Up-to-date: /home/yanji/robot_screwing/install/robot_msgs/include/robot_msgs/msg/detail/current_pub__functions.h\n'}
[0.244598] (robot_msgs) StdoutLine: {'line': b'-- Up-to-date: /home/yanji/robot_screwing/install/robot_msgs/include/robot_msgs/msg/detail/robot_status__functions.h\n'}
[0.244645] (robot_msgs) StdoutLine: {'line': b'-- Up-to-date: /home/yanji/robot_screwing/install/robot_msgs/include/robot_msgs/msg/detail/ft_pub__functions.h\n'}
[0.244698] (robot_msgs) StdoutLine: {'line': b'-- Up-to-date: /home/yanji/robot_screwing/install/robot_msgs/include/robot_msgs/msg/detail/ref_status__functions.h\n'}
[0.244733] (robot_msgs) StdoutLine: {'line': b'-- Up-to-date: /home/yanji/robot_screwing/install/robot_msgs/include/robot_msgs/msg/detail/width_pub__type_support.h\n'}
[0.244757] (robot_msgs) StdoutLine: {'line': b'-- Up-to-date: /home/yanji/robot_screwing/install/robot_msgs/include/robot_msgs/msg/detail/control_command__type_support.h\n'}
[0.244780] (robot_msgs) StdoutLine: {'line': b'-- Up-to-date: /home/yanji/robot_screwing/install/robot_msgs/include/robot_msgs/msg/detail/control_command__functions.h\n'}
[0.244806] (robot_msgs) StdoutLine: {'line': b'-- Up-to-date: /home/yanji/robot_screwing/install/robot_msgs/include/robot_msgs/msg/detail/ft_pub__functions.c\n'}
[0.244828] (robot_msgs) StdoutLine: {'line': b'-- Up-to-date: /home/yanji/robot_screwing/install/robot_msgs/include/robot_msgs/msg/detail/width_pub__struct.h\n'}
[0.244859] (robot_msgs) StdoutLine: {'line': b'-- Up-to-date: /home/yanji/robot_screwing/install/robot_msgs/include/robot_msgs/msg/detail/control_command__functions.c\n'}
[0.244882] (robot_msgs) StdoutLine: {'line': b'-- Up-to-date: /home/yanji/robot_screwing/install/robot_msgs/include/robot_msgs/msg/detail/control_command__struct.h\n'}
[0.244905] (robot_msgs) StdoutLine: {'line': b'-- Up-to-date: /home/yanji/robot_screwing/install/robot_msgs/include/robot_msgs/msg/detail/robot_status__struct.h\n'}
[0.244929] (robot_msgs) StdoutLine: {'line': b'-- Up-to-date: /home/yanji/robot_screwing/install/robot_msgs/include/robot_msgs/msg/detail/width_pub__functions.h\n'}
[0.244958] (robot_msgs) StdoutLine: {'line': b'-- Up-to-date: /home/yanji/robot_screwing/install/robot_msgs/include/robot_msgs/msg/detail/robot_status__type_support.h\n'}
[0.244981] (robot_msgs) StdoutLine: {'line': b'-- Up-to-date: /home/yanji/robot_screwing/install/robot_msgs/include/robot_msgs/msg/detail/ft_pub__type_support.h\n'}
[0.245004] (robot_msgs) StdoutLine: {'line': b'-- Up-to-date: /home/yanji/robot_screwing/install/robot_msgs/include/robot_msgs/msg/detail/ref_status__type_support.h\n'}
[0.245027] (robot_msgs) StdoutLine: {'line': b'-- Up-to-date: /home/yanji/robot_screwing/install/robot_msgs/include/robot_msgs/msg/detail/current_pub__functions.c\n'}
[0.245049] (robot_msgs) StdoutLine: {'line': b'-- Up-to-date: /home/yanji/robot_screwing/install/robot_msgs/include/robot_msgs/msg/detail/current_pub__type_support.h\n'}
[0.245099] (robot_msgs) StdoutLine: {'line': b'-- Up-to-date: /home/yanji/robot_screwing/install/robot_msgs/include/robot_msgs/msg/detail/robot_status__functions.c\n'}
[0.245149] (robot_msgs) StdoutLine: {'line': b'-- Up-to-date: /home/yanji/robot_screwing/install/robot_msgs/include/robot_msgs/msg/detail/width_pub__functions.c\n'}
[0.245208] (robot_msgs) StdoutLine: {'line': b'-- Up-to-date: /home/yanji/robot_screwing/install/robot_msgs/include/robot_msgs/msg/detail/ft_pub__struct.h\n'}
[0.245260] (robot_msgs) StdoutLine: {'line': b'-- Up-to-date: /home/yanji/robot_screwing/install/robot_msgs/include/robot_msgs/msg/detail/ref_status__functions.c\n'}
[0.245321] (robot_msgs) StdoutLine: {'line': b'-- Up-to-date: /home/yanji/robot_screwing/install/robot_msgs/include/robot_msgs/msg/detail/ref_status__struct.h\n'}
[0.245380] (robot_msgs) StdoutLine: {'line': b'-- Up-to-date: /home/yanji/robot_screwing/install/robot_msgs/include/robot_msgs/msg/robot_status.h\n'}
[0.245435] (robot_msgs) StdoutLine: {'line': b'-- Up-to-date: /home/yanji/robot_screwing/install/robot_msgs/include/robot_msgs/msg/control_command.h\n'}
[0.245480] (robot_msgs) StdoutLine: {'line': b'-- Up-to-date: /home/yanji/robot_screwing/install/robot_msgs/include/robot_msgs/msg/rosidl_generator_c__visibility_control.h\n'}
[0.245520] (robot_msgs) StdoutLine: {'line': b'-- Up-to-date: /home/yanji/robot_screwing/install/robot_msgs/include/robot_msgs/msg/current_pub.h\n'}
[0.245574] (robot_msgs) StdoutLine: {'line': b'-- Up-to-date: /home/yanji/robot_screwing/install/robot_msgs/include/robot_msgs/msg/width_pub.h\n'}
[0.245616] (robot_msgs) StdoutLine: {'line': b'-- Up-to-date: /home/yanji/robot_screwing/install/robot_msgs/include/robot_msgs/msg/ref_status.h\n'}
[0.245671] (robot_msgs) StdoutLine: {'line': b'-- Up-to-date: /home/yanji/robot_screwing/install/robot_msgs/include/robot_msgs/msg/ft_pub.h\n'}
[0.245717] (robot_msgs) StdoutLine: {'line': b'-- Up-to-date: /home/yanji/robot_screwing/install/robot_msgs/share/robot_msgs/environment/library_path.sh\n'}
[0.245741] (robot_msgs) StdoutLine: {'line': b'-- Up-to-date: /home/yanji/robot_screwing/install/robot_msgs/share/robot_msgs/environment/library_path.dsv\n'}
[0.245764] (robot_msgs) StdoutLine: {'line': b'-- Up-to-date: /home/yanji/robot_screwing/install/robot_msgs/lib/librobot_msgs__rosidl_generator_c.so\n'}
[0.245786] (robot_msgs) StdoutLine: {'line': b'-- Up-to-date: /home/yanji/robot_screwing/install/robot_msgs/include/robot_msgs\n'}
[0.245818] (robot_msgs) StdoutLine: {'line': b'-- Up-to-date: /home/yanji/robot_screwing/install/robot_msgs/include/robot_msgs/srv\n'}
[0.245840] (robot_msgs) StdoutLine: {'line': b'-- Up-to-date: /home/yanji/robot_screwing/install/robot_msgs/include/robot_msgs/srv/detail\n'}
[0.245863] (robot_msgs) StdoutLine: {'line': b'-- Up-to-date: /home/yanji/robot_screwing/install/robot_msgs/include/robot_msgs/srv/detail/start_rotation__rosidl_typesupport_fastrtps_c.h\n'}
[0.245886] (robot_msgs) StdoutLine: {'line': b'-- Up-to-date: /home/yanji/robot_screwing/install/robot_msgs/include/robot_msgs/srv/detail/start_pose__rosidl_typesupport_fastrtps_c.h\n'}
[0.245909] (robot_msgs) StdoutLine: {'line': b'-- Up-to-date: /home/yanji/robot_screwing/install/robot_msgs/include/robot_msgs/action\n'}
[0.245931] (robot_msgs) StdoutLine: {'line': b'-- Up-to-date: /home/yanji/robot_screwing/install/robot_msgs/include/robot_msgs/action/detail\n'}
[0.245961] (robot_msgs) StdoutLine: {'line': b'-- Up-to-date: /home/yanji/robot_screwing/install/robot_msgs/include/robot_msgs/action/detail/screw__rosidl_typesupport_fastrtps_c.h\n'}
[0.245984] (robot_msgs) StdoutLine: {'line': b'-- Up-to-date: /home/yanji/robot_screwing/install/robot_msgs/include/robot_msgs/msg\n'}
[0.246007] (robot_msgs) StdoutLine: {'line': b'-- Up-to-date: /home/yanji/robot_screwing/install/robot_msgs/include/robot_msgs/msg/detail\n'}
[0.246028] (robot_msgs) StdoutLine: {'line': b'-- Up-to-date: /home/yanji/robot_screwing/install/robot_msgs/include/robot_msgs/msg/detail/current_pub__rosidl_typesupport_fastrtps_c.h\n'}
[0.246060] (robot_msgs) StdoutLine: {'line': b'-- Up-to-date: /home/yanji/robot_screwing/install/robot_msgs/include/robot_msgs/msg/detail/control_command__rosidl_typesupport_fastrtps_c.h\n'}
[0.246099] (robot_msgs) StdoutLine: {'line': b'-- Up-to-date: /home/yanji/robot_screwing/install/robot_msgs/include/robot_msgs/msg/detail/width_pub__rosidl_typesupport_fastrtps_c.h\n'}
[0.246123] (robot_msgs) StdoutLine: {'line': b'-- Up-to-date: /home/yanji/robot_screwing/install/robot_msgs/include/robot_msgs/msg/detail/ref_status__rosidl_typesupport_fastrtps_c.h\n'}
[0.246146] (robot_msgs) StdoutLine: {'line': b'-- Up-to-date: /home/yanji/robot_screwing/install/robot_msgs/include/robot_msgs/msg/detail/ft_pub__rosidl_typesupport_fastrtps_c.h\n'}
[0.246169] (robot_msgs) StdoutLine: {'line': b'-- Up-to-date: /home/yanji/robot_screwing/install/robot_msgs/include/robot_msgs/msg/detail/robot_status__rosidl_typesupport_fastrtps_c.h\n'}
[0.246192] (robot_msgs) StdoutLine: {'line': b'-- Up-to-date: /home/yanji/robot_screwing/install/robot_msgs/include/robot_msgs/msg/rosidl_typesupport_fastrtps_c__visibility_control.h\n'}
[0.246214] (robot_msgs) StdoutLine: {'line': b'-- Up-to-date: /home/yanji/robot_screwing/install/robot_msgs/lib/librobot_msgs__rosidl_typesupport_fastrtps_c.so\n'}
[0.246237] (robot_msgs) StdoutLine: {'line': b'-- Up-to-date: /home/yanji/robot_screwing/install/robot_msgs/include/robot_msgs\n'}
[0.246264] (robot_msgs) StdoutLine: {'line': b'-- Up-to-date: /home/yanji/robot_screwing/install/robot_msgs/include/robot_msgs/srv\n'}
[0.246288] (robot_msgs) StdoutLine: {'line': b'-- Up-to-date: /home/yanji/robot_screwing/install/robot_msgs/include/robot_msgs/srv/detail\n'}
[0.246311] (robot_msgs) StdoutLine: {'line': b'-- Up-to-date: /home/yanji/robot_screwing/install/robot_msgs/include/robot_msgs/srv/detail/dds_fastrtps\n'}
[0.246332] (robot_msgs) StdoutLine: {'line': b'-- Up-to-date: /home/yanji/robot_screwing/install/robot_msgs/include/robot_msgs/srv/detail/start_pose__rosidl_typesupport_fastrtps_cpp.hpp\n'}
[0.246354] (robot_msgs) StdoutLine: {'line': b'-- Up-to-date: /home/yanji/robot_screwing/install/robot_msgs/include/robot_msgs/srv/detail/start_rotation__rosidl_typesupport_fastrtps_cpp.hpp\n'}
[0.246376] (robot_msgs) StdoutLine: {'line': b'-- Up-to-date: /home/yanji/robot_screwing/install/robot_msgs/include/robot_msgs/action\n'}
[0.246399] (robot_msgs) StdoutLine: {'line': b'-- Up-to-date: /home/yanji/robot_screwing/install/robot_msgs/include/robot_msgs/action/detail\n'}
[0.246421] (robot_msgs) StdoutLine: {'line': b'-- Up-to-date: /home/yanji/robot_screwing/install/robot_msgs/include/robot_msgs/action/detail/dds_fastrtps\n'}
[0.246443] (robot_msgs) StdoutLine: {'line': b'-- Up-to-date: /home/yanji/robot_screwing/install/robot_msgs/include/robot_msgs/action/detail/screw__rosidl_typesupport_fastrtps_cpp.hpp\n'}
[0.246465] (robot_msgs) StdoutLine: {'line': b'-- Up-to-date: /home/yanji/robot_screwing/install/robot_msgs/include/robot_msgs/msg\n'}
[0.246487] (robot_msgs) StdoutLine: {'line': b'-- Up-to-date: /home/yanji/robot_screwing/install/robot_msgs/include/robot_msgs/msg/detail\n'}
[0.246509] (robot_msgs) StdoutLine: {'line': b'-- Up-to-date: /home/yanji/robot_screwing/install/robot_msgs/include/robot_msgs/msg/detail/control_command__rosidl_typesupport_fastrtps_cpp.hpp\n'}
[0.246533] (robot_msgs) StdoutLine: {'line': b'-- Up-to-date: /home/yanji/robot_screwing/install/robot_msgs/include/robot_msgs/msg/detail/width_pub__rosidl_typesupport_fastrtps_cpp.hpp\n'}
[0.246555] (robot_msgs) StdoutLine: {'line': b'-- Up-to-date: /home/yanji/robot_screwing/install/robot_msgs/include/robot_msgs/msg/detail/dds_fastrtps\n'}
[0.246577] (robot_msgs) StdoutLine: {'line': b'-- Up-to-date: /home/yanji/robot_screwing/install/robot_msgs/include/robot_msgs/msg/detail/ft_pub__rosidl_typesupport_fastrtps_cpp.hpp\n'}
[0.246598] (robot_msgs) StdoutLine: {'line': b'-- Up-to-date: /home/yanji/robot_screwing/install/robot_msgs/include/robot_msgs/msg/detail/robot_status__rosidl_typesupport_fastrtps_cpp.hpp\n'}
[0.246620] (robot_msgs) StdoutLine: {'line': b'-- Up-to-date: /home/yanji/robot_screwing/install/robot_msgs/include/robot_msgs/msg/detail/current_pub__rosidl_typesupport_fastrtps_cpp.hpp\n'}
[0.246643] (robot_msgs) StdoutLine: {'line': b'-- Up-to-date: /home/yanji/robot_screwing/install/robot_msgs/include/robot_msgs/msg/detail/ref_status__rosidl_typesupport_fastrtps_cpp.hpp\n'}
[0.246666] (robot_msgs) StdoutLine: {'line': b'-- Up-to-date: /home/yanji/robot_screwing/install/robot_msgs/include/robot_msgs/msg/rosidl_typesupport_fastrtps_cpp__visibility_control.h\n'}
[0.246689] (robot_msgs) StdoutLine: {'line': b'-- Up-to-date: /home/yanji/robot_screwing/install/robot_msgs/lib/librobot_msgs__rosidl_typesupport_fastrtps_cpp.so\n'}
[0.246711] (robot_msgs) StdoutLine: {'line': b'-- Up-to-date: /home/yanji/robot_screwing/install/robot_msgs/include/robot_msgs\n'}
[0.246733] (robot_msgs) StdoutLine: {'line': b'-- Up-to-date: /home/yanji/robot_screwing/install/robot_msgs/include/robot_msgs/srv\n'}
[0.246755] (robot_msgs) StdoutLine: {'line': b'-- Up-to-date: /home/yanji/robot_screwing/install/robot_msgs/include/robot_msgs/srv/detail\n'}
[0.246777] (robot_msgs) StdoutLine: {'line': b'-- Up-to-date: /home/yanji/robot_screwing/install/robot_msgs/include/robot_msgs/srv/detail/start_rotation__type_support.c\n'}
[0.246799] (robot_msgs) StdoutLine: {'line': b'-- Up-to-date: /home/yanji/robot_screwing/install/robot_msgs/include/robot_msgs/srv/detail/start_pose__type_support.c\n'}
[0.246821] (robot_msgs) StdoutLine: {'line': b'-- Up-to-date: /home/yanji/robot_screwing/install/robot_msgs/include/robot_msgs/srv/detail/start_rotation__rosidl_typesupport_introspection_c.h\n'}
[0.246843] (robot_msgs) StdoutLine: {'line': b'-- Up-to-date: /home/yanji/robot_screwing/install/robot_msgs/include/robot_msgs/srv/detail/start_pose__rosidl_typesupport_introspection_c.h\n'}
[0.246869] (robot_msgs) StdoutLine: {'line': b'-- Up-to-date: /home/yanji/robot_screwing/install/robot_msgs/include/robot_msgs/action\n'}
[0.246891] (robot_msgs) StdoutLine: {'line': b'-- Up-to-date: /home/yanji/robot_screwing/install/robot_msgs/include/robot_msgs/action/detail\n'}
[0.246913] (robot_msgs) StdoutLine: {'line': b'-- Up-to-date: /home/yanji/robot_screwing/install/robot_msgs/include/robot_msgs/action/detail/screw__type_support.c\n'}
[0.246935] (robot_msgs) StdoutLine: {'line': b'-- Up-to-date: /home/yanji/robot_screwing/install/robot_msgs/include/robot_msgs/action/detail/screw__rosidl_typesupport_introspection_c.h\n'}
[0.246956] (robot_msgs) StdoutLine: {'line': b'-- Up-to-date: /home/yanji/robot_screwing/install/robot_msgs/include/robot_msgs/msg\n'}
[0.246978] (robot_msgs) StdoutLine: {'line': b'-- Up-to-date: /home/yanji/robot_screwing/install/robot_msgs/include/robot_msgs/msg/detail\n'}
[0.246999] (robot_msgs) StdoutLine: {'line': b'-- Up-to-date: /home/yanji/robot_screwing/install/robot_msgs/include/robot_msgs/msg/detail/current_pub__rosidl_typesupport_introspection_c.h\n'}
[0.247021] (robot_msgs) StdoutLine: {'line': b'-- Up-to-date: /home/yanji/robot_screwing/install/robot_msgs/include/robot_msgs/msg/detail/ref_status__type_support.c\n'}
[0.247042] (robot_msgs) StdoutLine: {'line': b'-- Up-to-date: /home/yanji/robot_screwing/install/robot_msgs/include/robot_msgs/msg/detail/ref_status__rosidl_typesupport_introspection_c.h\n'}
[0.247063] (robot_msgs) StdoutLine: {'line': b'-- Up-to-date: /home/yanji/robot_screwing/install/robot_msgs/include/robot_msgs/msg/detail/current_pub__type_support.c\n'}
[0.247086] (robot_msgs) StdoutLine: {'line': b'-- Up-to-date: /home/yanji/robot_screwing/install/robot_msgs/include/robot_msgs/msg/detail/robot_status__type_support.c\n'}
[0.247108] (robot_msgs) StdoutLine: {'line': b'-- Up-to-date: /home/yanji/robot_screwing/install/robot_msgs/include/robot_msgs/msg/detail/control_command__rosidl_typesupport_introspection_c.h\n'}
[0.247131] (robot_msgs) StdoutLine: {'line': b'-- Up-to-date: /home/yanji/robot_screwing/install/robot_msgs/include/robot_msgs/msg/detail/ft_pub__rosidl_typesupport_introspection_c.h\n'}
[0.247154] (robot_msgs) StdoutLine: {'line': b'-- Up-to-date: /home/yanji/robot_screwing/install/robot_msgs/include/robot_msgs/msg/detail/control_command__type_support.c\n'}
[0.247178] (robot_msgs) StdoutLine: {'line': b'-- Up-to-date: /home/yanji/robot_screwing/install/robot_msgs/include/robot_msgs/msg/detail/ft_pub__type_support.c\n'}
[0.247201] (robot_msgs) StdoutLine: {'line': b'-- Up-to-date: /home/yanji/robot_screwing/install/robot_msgs/include/robot_msgs/msg/detail/width_pub__type_support.c\n'}
[0.247227] (robot_msgs) StdoutLine: {'line': b'-- Up-to-date: /home/yanji/robot_screwing/install/robot_msgs/include/robot_msgs/msg/detail/width_pub__rosidl_typesupport_introspection_c.h\n'}
[0.247250] (robot_msgs) StdoutLine: {'line': b'-- Up-to-date: /home/yanji/robot_screwing/install/robot_msgs/include/robot_msgs/msg/detail/robot_status__rosidl_typesupport_introspection_c.h\n'}
[0.247295] (robot_msgs) StdoutLine: {'line': b'-- Up-to-date: /home/yanji/robot_screwing/install/robot_msgs/include/robot_msgs/msg/rosidl_typesupport_introspection_c__visibility_control.h\n'}
[0.247318] (robot_msgs) StdoutLine: {'line': b'-- Up-to-date: /home/yanji/robot_screwing/install/robot_msgs/lib/librobot_msgs__rosidl_typesupport_introspection_c.so\n'}
[0.247342] (robot_msgs) StdoutLine: {'line': b'-- Up-to-date: /home/yanji/robot_screwing/install/robot_msgs/lib/librobot_msgs__rosidl_typesupport_c.so\n'}
[0.247364] (robot_msgs) StdoutLine: {'line': b'-- Up-to-date: /home/yanji/robot_screwing/install/robot_msgs/include/robot_msgs\n'}
[0.247386] (robot_msgs) StdoutLine: {'line': b'-- Up-to-date: /home/yanji/robot_screwing/install/robot_msgs/include/robot_msgs/srv\n'}
[0.247408] (robot_msgs) StdoutLine: {'line': b'-- Up-to-date: /home/yanji/robot_screwing/install/robot_msgs/include/robot_msgs/srv/detail\n'}
[0.247430] (robot_msgs) StdoutLine: {'line': b'-- Up-to-date: /home/yanji/robot_screwing/install/robot_msgs/include/robot_msgs/srv/detail/start_rotation__type_support.hpp\n'}
[0.247453] (robot_msgs) StdoutLine: {'line': b'-- Up-to-date: /home/yanji/robot_screwing/install/robot_msgs/include/robot_msgs/srv/detail/start_rotation__struct.hpp\n'}
[0.247475] (robot_msgs) StdoutLine: {'line': b'-- Up-to-date: /home/yanji/robot_screwing/install/robot_msgs/include/robot_msgs/srv/detail/start_pose__builder.hpp\n'}
[0.247497] (robot_msgs) StdoutLine: {'line': b'-- Up-to-date: /home/yanji/robot_screwing/install/robot_msgs/include/robot_msgs/srv/detail/start_rotation__traits.hpp\n'}
[0.247520] (robot_msgs) StdoutLine: {'line': b'-- Up-to-date: /home/yanji/robot_screwing/install/robot_msgs/include/robot_msgs/srv/detail/start_pose__type_support.hpp\n'}
[0.247542] (robot_msgs) StdoutLine: {'line': b'-- Up-to-date: /home/yanji/robot_screwing/install/robot_msgs/include/robot_msgs/srv/detail/start_rotation__builder.hpp\n'}
[0.247564] (robot_msgs) StdoutLine: {'line': b'-- Up-to-date: /home/yanji/robot_screwing/install/robot_msgs/include/robot_msgs/srv/detail/start_pose__traits.hpp\n'}
[0.247586] (robot_msgs) StdoutLine: {'line': b'-- Up-to-date: /home/yanji/robot_screwing/install/robot_msgs/include/robot_msgs/srv/detail/start_pose__struct.hpp\n'}
[0.247608] (robot_msgs) StdoutLine: {'line': b'-- Up-to-date: /home/yanji/robot_screwing/install/robot_msgs/include/robot_msgs/srv/start_pose.hpp\n'}
[0.247630] (robot_msgs) StdoutLine: {'line': b'-- Up-to-date: /home/yanji/robot_screwing/install/robot_msgs/include/robot_msgs/srv/start_rotation.hpp\n'}
[0.247652] (robot_msgs) StdoutLine: {'line': b'-- Up-to-date: /home/yanji/robot_screwing/install/robot_msgs/include/robot_msgs/action\n'}
[0.247674] (robot_msgs) StdoutLine: {'line': b'-- Up-to-date: /home/yanji/robot_screwing/install/robot_msgs/include/robot_msgs/action/detail\n'}
[0.247699] (robot_msgs) StdoutLine: {'line': b'-- Up-to-date: /home/yanji/robot_screwing/install/robot_msgs/include/robot_msgs/action/detail/screw__type_support.hpp\n'}
[0.247721] (robot_msgs) StdoutLine: {'line': b'-- Up-to-date: /home/yanji/robot_screwing/install/robot_msgs/include/robot_msgs/action/detail/screw__struct.hpp\n'}
[0.247742] (robot_msgs) StdoutLine: {'line': b'-- Up-to-date: /home/yanji/robot_screwing/install/robot_msgs/include/robot_msgs/action/detail/screw__builder.hpp\n'}
[0.247763] (robot_msgs) StdoutLine: {'line': b'-- Up-to-date: /home/yanji/robot_screwing/install/robot_msgs/include/robot_msgs/action/detail/screw__traits.hpp\n'}
[0.247785] (robot_msgs) StdoutLine: {'line': b'-- Up-to-date: /home/yanji/robot_screwing/install/robot_msgs/include/robot_msgs/action/screw.hpp\n'}
[0.247806] (robot_msgs) StdoutLine: {'line': b'-- Up-to-date: /home/yanji/robot_screwing/install/robot_msgs/include/robot_msgs/msg\n'}
[0.247828] (robot_msgs) StdoutLine: {'line': b'-- Up-to-date: /home/yanji/robot_screwing/install/robot_msgs/include/robot_msgs/msg/detail\n'}
[0.247849] (robot_msgs) StdoutLine: {'line': b'-- Up-to-date: /home/yanji/robot_screwing/install/robot_msgs/include/robot_msgs/msg/detail/ref_status__struct.hpp\n'}
[0.247870] (robot_msgs) StdoutLine: {'line': b'-- Up-to-date: /home/yanji/robot_screwing/install/robot_msgs/include/robot_msgs/msg/detail/ref_status__traits.hpp\n'}
[0.247893] (robot_msgs) StdoutLine: {'line': b'-- Up-to-date: /home/yanji/robot_screwing/install/robot_msgs/include/robot_msgs/msg/detail/ft_pub__builder.hpp\n'}
[0.247914] (robot_msgs) StdoutLine: {'line': b'-- Up-to-date: /home/yanji/robot_screwing/install/robot_msgs/include/robot_msgs/msg/detail/width_pub__builder.hpp\n'}
[0.247936] (robot_msgs) StdoutLine: {'line': b'-- Up-to-date: /home/yanji/robot_screwing/install/robot_msgs/include/robot_msgs/msg/detail/control_command__traits.hpp\n'}
[0.247958] (robot_msgs) StdoutLine: {'line': b'-- Up-to-date: /home/yanji/robot_screwing/install/robot_msgs/include/robot_msgs/msg/detail/ref_status__type_support.hpp\n'}
[0.247980] (robot_msgs) StdoutLine: {'line': b'-- Up-to-date: /home/yanji/robot_screwing/install/robot_msgs/include/robot_msgs/msg/detail/robot_status__type_support.hpp\n'}
[0.248001] (robot_msgs) StdoutLine: {'line': b'-- Up-to-date: /home/yanji/robot_screwing/install/robot_msgs/include/robot_msgs/msg/detail/robot_status__struct.hpp\n'}
[0.248024] (robot_msgs) StdoutLine: {'line': b'-- Up-to-date: /home/yanji/robot_screwing/install/robot_msgs/include/robot_msgs/msg/detail/ref_status__builder.hpp\n'}
[0.248045] (robot_msgs) StdoutLine: {'line': b'-- Up-to-date: /home/yanji/robot_screwing/install/robot_msgs/include/robot_msgs/msg/detail/current_pub__traits.hpp\n'}
[0.248066] (robot_msgs) StdoutLine: {'line': b'-- Up-to-date: /home/yanji/robot_screwing/install/robot_msgs/include/robot_msgs/msg/detail/current_pub__builder.hpp\n'}
[0.248087] (robot_msgs) StdoutLine: {'line': b'-- Up-to-date: /home/yanji/robot_screwing/install/robot_msgs/include/robot_msgs/msg/detail/width_pub__struct.hpp\n'}
[0.248109] (robot_msgs) StdoutLine: {'line': b'-- Up-to-date: /home/yanji/robot_screwing/install/robot_msgs/include/robot_msgs/msg/detail/current_pub__type_support.hpp\n'}
[0.248130] (robot_msgs) StdoutLine: {'line': b'-- Up-to-date: /home/yanji/robot_screwing/install/robot_msgs/include/robot_msgs/msg/detail/width_pub__type_support.hpp\n'}
[0.248151] (robot_msgs) StdoutLine: {'line': b'-- Up-to-date: /home/yanji/robot_screwing/install/robot_msgs/include/robot_msgs/msg/detail/control_command__type_support.hpp\n'}
[0.248172] (robot_msgs) StdoutLine: {'line': b'-- Up-to-date: /home/yanji/robot_screwing/install/robot_msgs/include/robot_msgs/msg/detail/width_pub__traits.hpp\n'}
[0.248193] (robot_msgs) StdoutLine: {'line': b'-- Up-to-date: /home/yanji/robot_screwing/install/robot_msgs/include/robot_msgs/msg/detail/ft_pub__struct.hpp\n'}
[0.248215] (robot_msgs) StdoutLine: {'line': b'-- Up-to-date: /home/yanji/robot_screwing/install/robot_msgs/include/robot_msgs/msg/detail/control_command__builder.hpp\n'}
[0.248236] (robot_msgs) StdoutLine: {'line': b'-- Up-to-date: /home/yanji/robot_screwing/install/robot_msgs/include/robot_msgs/msg/detail/current_pub__struct.hpp\n'}
[0.248262] (robot_msgs) StdoutLine: {'line': b'-- Up-to-date: /home/yanji/robot_screwing/install/robot_msgs/include/robot_msgs/msg/detail/ft_pub__traits.hpp\n'}
[0.248285] (robot_msgs) StdoutLine: {'line': b'-- Up-to-date: /home/yanji/robot_screwing/install/robot_msgs/include/robot_msgs/msg/detail/robot_status__traits.hpp\n'}
[0.248308] (robot_msgs) StdoutLine: {'line': b'-- Up-to-date: /home/yanji/robot_screwing/install/robot_msgs/include/robot_msgs/msg/detail/ft_pub__type_support.hpp\n'}
[0.248329] (robot_msgs) StdoutLine: {'line': b'-- Up-to-date: /home/yanji/robot_screwing/install/robot_msgs/include/robot_msgs/msg/detail/control_command__struct.hpp\n'}
[0.248352] (robot_msgs) StdoutLine: {'line': b'-- Up-to-date: /home/yanji/robot_screwing/install/robot_msgs/include/robot_msgs/msg/detail/robot_status__builder.hpp\n'}
[0.248373] (robot_msgs) StdoutLine: {'line': b'-- Up-to-date: /home/yanji/robot_screwing/install/robot_msgs/include/robot_msgs/msg/ref_status.hpp\n'}
[0.248395] (robot_msgs) StdoutLine: {'line': b'-- Up-to-date: /home/yanji/robot_screwing/install/robot_msgs/include/robot_msgs/msg/rosidl_generator_cpp__visibility_control.hpp\n'}
[0.248417] (robot_msgs) StdoutLine: {'line': b'-- Up-to-date: /home/yanji/robot_screwing/install/robot_msgs/include/robot_msgs/msg/control_command.hpp\n'}
[0.248439] (robot_msgs) StdoutLine: {'line': b'-- Up-to-date: /home/yanji/robot_screwing/install/robot_msgs/include/robot_msgs/msg/width_pub.hpp\n'}
[0.248460] (robot_msgs) StdoutLine: {'line': b'-- Up-to-date: /home/yanji/robot_screwing/install/robot_msgs/include/robot_msgs/msg/ft_pub.hpp\n'}
[0.248482] (robot_msgs) StdoutLine: {'line': b'-- Up-to-date: /home/yanji/robot_screwing/install/robot_msgs/include/robot_msgs/msg/robot_status.hpp\n'}
[0.248507] (robot_msgs) StdoutLine: {'line': b'-- Up-to-date: /home/yanji/robot_screwing/install/robot_msgs/include/robot_msgs/msg/current_pub.hpp\n'}
[0.248528] (robot_msgs) StdoutLine: {'line': b'-- Up-to-date: /home/yanji/robot_screwing/install/robot_msgs/include/robot_msgs\n'}
[0.248549] (robot_msgs) StdoutLine: {'line': b'-- Up-to-date: /home/yanji/robot_screwing/install/robot_msgs/include/robot_msgs/srv\n'}
[0.248570] (robot_msgs) StdoutLine: {'line': b'-- Up-to-date: /home/yanji/robot_screwing/install/robot_msgs/include/robot_msgs/srv/detail\n'}
[0.248592] (robot_msgs) StdoutLine: {'line': b'-- Up-to-date: /home/yanji/robot_screwing/install/robot_msgs/include/robot_msgs/srv/detail/start_pose__rosidl_typesupport_introspection_cpp.hpp\n'}
[0.248614] (robot_msgs) StdoutLine: {'line': b'-- Up-to-date: /home/yanji/robot_screwing/install/robot_msgs/include/robot_msgs/srv/detail/start_pose__type_support.cpp\n'}
[0.248635] (robot_msgs) StdoutLine: {'line': b'-- Up-to-date: /home/yanji/robot_screwing/install/robot_msgs/include/robot_msgs/srv/detail/start_rotation__rosidl_typesupport_introspection_cpp.hpp\n'}
[0.248657] (robot_msgs) StdoutLine: {'line': b'-- Up-to-date: /home/yanji/robot_screwing/install/robot_msgs/include/robot_msgs/srv/detail/start_rotation__type_support.cpp\n'}
[0.248678] (robot_msgs) StdoutLine: {'line': b'-- Up-to-date: /home/yanji/robot_screwing/install/robot_msgs/include/robot_msgs/action\n'}
[0.248699] (robot_msgs) StdoutLine: {'line': b'-- Up-to-date: /home/yanji/robot_screwing/install/robot_msgs/include/robot_msgs/action/detail\n'}
[0.248720] (robot_msgs) StdoutLine: {'line': b'-- Up-to-date: /home/yanji/robot_screwing/install/robot_msgs/include/robot_msgs/action/detail/screw__type_support.cpp\n'}
[0.248743] (robot_msgs) StdoutLine: {'line': b'-- Up-to-date: /home/yanji/robot_screwing/install/robot_msgs/include/robot_msgs/action/detail/screw__rosidl_typesupport_introspection_cpp.hpp\n'}
[0.248766] (robot_msgs) StdoutLine: {'line': b'-- Up-to-date: /home/yanji/robot_screwing/install/robot_msgs/include/robot_msgs/msg\n'}
[0.248788] (robot_msgs) StdoutLine: {'line': b'-- Up-to-date: /home/yanji/robot_screwing/install/robot_msgs/include/robot_msgs/msg/detail\n'}
[0.248809] (robot_msgs) StdoutLine: {'line': b'-- Up-to-date: /home/yanji/robot_screwing/install/robot_msgs/include/robot_msgs/msg/detail/width_pub__rosidl_typesupport_introspection_cpp.hpp\n'}
[0.248831] (robot_msgs) StdoutLine: {'line': b'-- Up-to-date: /home/yanji/robot_screwing/install/robot_msgs/include/robot_msgs/msg/detail/ft_pub__rosidl_typesupport_introspection_cpp.hpp\n'}
[0.248853] (robot_msgs) StdoutLine: {'line': b'-- Up-to-date: /home/yanji/robot_screwing/install/robot_msgs/include/robot_msgs/msg/detail/width_pub__type_support.cpp\n'}
[0.248874] (robot_msgs) StdoutLine: {'line': b'-- Up-to-date: /home/yanji/robot_screwing/install/robot_msgs/include/robot_msgs/msg/detail/ft_pub__type_support.cpp\n'}
[0.248895] (robot_msgs) StdoutLine: {'line': b'-- Up-to-date: /home/yanji/robot_screwing/install/robot_msgs/include/robot_msgs/msg/detail/control_command__rosidl_typesupport_introspection_cpp.hpp\n'}
[0.248919] (robot_msgs) StdoutLine: {'line': b'-- Up-to-date: /home/yanji/robot_screwing/install/robot_msgs/include/robot_msgs/msg/detail/robot_status__type_support.cpp\n'}
[0.248941] (robot_msgs) StdoutLine: {'line': b'-- Up-to-date: /home/yanji/robot_screwing/install/robot_msgs/include/robot_msgs/msg/detail/ref_status__rosidl_typesupport_introspection_cpp.hpp\n'}
[0.248963] (robot_msgs) StdoutLine: {'line': b'-- Up-to-date: /home/yanji/robot_screwing/install/robot_msgs/include/robot_msgs/msg/detail/current_pub__type_support.cpp\n'}
[0.248985] (robot_msgs) StdoutLine: {'line': b'-- Up-to-date: /home/yanji/robot_screwing/install/robot_msgs/include/robot_msgs/msg/detail/current_pub__rosidl_typesupport_introspection_cpp.hpp\n'}
[0.249008] (robot_msgs) StdoutLine: {'line': b'-- Up-to-date: /home/yanji/robot_screwing/install/robot_msgs/include/robot_msgs/msg/detail/ref_status__type_support.cpp\n'}
[0.249029] (robot_msgs) StdoutLine: {'line': b'-- Up-to-date: /home/yanji/robot_screwing/install/robot_msgs/include/robot_msgs/msg/detail/control_command__type_support.cpp\n'}
[0.249052] (robot_msgs) StdoutLine: {'line': b'-- Up-to-date: /home/yanji/robot_screwing/install/robot_msgs/include/robot_msgs/msg/detail/robot_status__rosidl_typesupport_introspection_cpp.hpp\n'}
[0.249074] (robot_msgs) StdoutLine: {'line': b'-- Up-to-date: /home/yanji/robot_screwing/install/robot_msgs/lib/librobot_msgs__rosidl_typesupport_introspection_cpp.so\n'}
[0.249097] (robot_msgs) StdoutLine: {'line': b'-- Up-to-date: /home/yanji/robot_screwing/install/robot_msgs/lib/librobot_msgs__rosidl_typesupport_cpp.so\n'}
[0.249118] (robot_msgs) StdoutLine: {'line': b'-- Up-to-date: /home/yanji/robot_screwing/install/robot_msgs/share/robot_msgs/environment/pythonpath.sh\n'}
[0.249140] (robot_msgs) StdoutLine: {'line': b'-- Up-to-date: /home/yanji/robot_screwing/install/robot_msgs/share/robot_msgs/environment/pythonpath.dsv\n'}
[0.249163] (robot_msgs) StdoutLine: {'line': b'-- Up-to-date: /home/yanji/robot_screwing/install/robot_msgs/lib/python3.8/site-packages/robot_msgs/__init__.py\n'}
[0.262149] (robot_msgs) StdoutLine: {'line': b'-- Up-to-date: /home/yanji/robot_screwing/install/robot_msgs/lib/python3.8/site-packages/robot_msgs/msg\n'}
[0.262284] (robot_msgs) StdoutLine: {'line': b'-- Up-to-date: /home/yanji/robot_screwing/install/robot_msgs/lib/python3.8/site-packages/robot_msgs/msg/_robot_status_s.c\n'}
[0.262349] (robot_msgs) StdoutLine: {'line': b'-- Up-to-date: /home/yanji/robot_screwing/install/robot_msgs/lib/python3.8/site-packages/robot_msgs/msg/_width_pub_s.c\n'}
[0.262402] (robot_msgs) StdoutLine: {'line': b'-- Up-to-date: /home/yanji/robot_screwing/install/robot_msgs/lib/python3.8/site-packages/robot_msgs/msg/__init__.py\n'}
[0.262436] (robot_msgs) StdoutLine: {'line': b'-- Up-to-date: /home/yanji/robot_screwing/install/robot_msgs/lib/python3.8/site-packages/robot_msgs/msg/_control_command.py\n'}
[0.262463] (robot_msgs) StdoutLine: {'line': b'-- Up-to-date: /home/yanji/robot_screwing/install/robot_msgs/lib/python3.8/site-packages/robot_msgs/msg/_ref_status.py\n'}
[0.262488] (robot_msgs) StdoutLine: {'line': b'-- Up-to-date: /home/yanji/robot_screwing/install/robot_msgs/lib/python3.8/site-packages/robot_msgs/msg/_robot_status.py\n'}
[0.262512] (robot_msgs) StdoutLine: {'line': b'-- Up-to-date: /home/yanji/robot_screwing/install/robot_msgs/lib/python3.8/site-packages/robot_msgs/msg/_ft_pub_s.c\n'}
[0.262536] (robot_msgs) StdoutLine: {'line': b'-- Up-to-date: /home/yanji/robot_screwing/install/robot_msgs/lib/python3.8/site-packages/robot_msgs/msg/_ref_status_s.c\n'}
[0.262561] (robot_msgs) StdoutLine: {'line': b'-- Up-to-date: /home/yanji/robot_screwing/install/robot_msgs/lib/python3.8/site-packages/robot_msgs/msg/_current_pub.py\n'}
[0.262593] (robot_msgs) StdoutLine: {'line': b'-- Up-to-date: /home/yanji/robot_screwing/install/robot_msgs/lib/python3.8/site-packages/robot_msgs/msg/_control_command_s.c\n'}
[0.262618] (robot_msgs) StdoutLine: {'line': b'-- Up-to-date: /home/yanji/robot_screwing/install/robot_msgs/lib/python3.8/site-packages/robot_msgs/msg/_current_pub_s.c\n'}
[0.262642] (robot_msgs) StdoutLine: {'line': b'-- Up-to-date: /home/yanji/robot_screwing/install/robot_msgs/lib/python3.8/site-packages/robot_msgs/msg/_width_pub.py\n'}
[0.262664] (robot_msgs) StdoutLine: {'line': b'-- Up-to-date: /home/yanji/robot_screwing/install/robot_msgs/lib/python3.8/site-packages/robot_msgs/msg/_ft_pub.py\n'}
[0.262686] (robot_msgs) StdoutLine: {'line': b'-- Up-to-date: /home/yanji/robot_screwing/install/robot_msgs/lib/python3.8/site-packages/robot_msgs/srv\n'}
[0.262710] (robot_msgs) StdoutLine: {'line': b'-- Up-to-date: /home/yanji/robot_screwing/install/robot_msgs/lib/python3.8/site-packages/robot_msgs/srv/__init__.py\n'}
[0.262732] (robot_msgs) StdoutLine: {'line': b'-- Up-to-date: /home/yanji/robot_screwing/install/robot_msgs/lib/python3.8/site-packages/robot_msgs/srv/_start_pose_s.c\n'}
[0.262755] (robot_msgs) StdoutLine: {'line': b'-- Up-to-date: /home/yanji/robot_screwing/install/robot_msgs/lib/python3.8/site-packages/robot_msgs/srv/_start_rotation.py\n'}
[0.262778] (robot_msgs) StdoutLine: {'line': b'-- Up-to-date: /home/yanji/robot_screwing/install/robot_msgs/lib/python3.8/site-packages/robot_msgs/srv/_start_rotation_s.c\n'}
[0.262801] (robot_msgs) StdoutLine: {'line': b'-- Up-to-date: /home/yanji/robot_screwing/install/robot_msgs/lib/python3.8/site-packages/robot_msgs/srv/_start_pose.py\n'}
[0.262824] (robot_msgs) StdoutLine: {'line': b'-- Up-to-date: /home/yanji/robot_screwing/install/robot_msgs/lib/python3.8/site-packages/robot_msgs/action\n'}
[0.262847] (robot_msgs) StdoutLine: {'line': b'-- Up-to-date: /home/yanji/robot_screwing/install/robot_msgs/lib/python3.8/site-packages/robot_msgs/action/__init__.py\n'}
[0.262870] (robot_msgs) StdoutLine: {'line': b'-- Up-to-date: /home/yanji/robot_screwing/install/robot_msgs/lib/python3.8/site-packages/robot_msgs/action/_screw.py\n'}
[0.262894] (robot_msgs) StdoutLine: {'line': b'-- Up-to-date: /home/yanji/robot_screwing/install/robot_msgs/lib/python3.8/site-packages/robot_msgs/action/_screw_s.c\n'}
[0.262924] (robot_msgs) StdoutLine: {'line': b'-- Up-to-date: /home/yanji/robot_screwing/install/robot_msgs/lib/python3.8/site-packages/robot_msgs/robot_msgs_s__rosidl_typesupport_fastrtps_c.cpython-38-x86_64-linux-gnu.so\n'}
[0.262948] (robot_msgs) StdoutLine: {'line': b'-- Up-to-date: /home/yanji/robot_screwing/install/robot_msgs/lib/python3.8/site-packages/robot_msgs/robot_msgs_s__rosidl_typesupport_introspection_c.cpython-38-x86_64-linux-gnu.so\n'}
[0.263215] (robot_msgs) StdoutLine: {'line': b'-- Up-to-date: /home/yanji/robot_screwing/install/robot_msgs/lib/python3.8/site-packages/robot_msgs/robot_msgs_s__rosidl_typesupport_c.cpython-38-x86_64-linux-gnu.so\n'}
[0.263414] (robot_msgs) StdoutLine: {'line': b'-- Up-to-date: /home/yanji/robot_screwing/install/robot_msgs/lib/librobot_msgs__python.so\n'}
[0.263493] (robot_msgs) StdoutLine: {'line': b'-- Up-to-date: /home/yanji/robot_screwing/install/robot_msgs/share/robot_msgs/msg/FtPub.idl\n'}
[0.263524] (robot_msgs) StdoutLine: {'line': b'-- Up-to-date: /home/yanji/robot_screwing/install/robot_msgs/share/robot_msgs/msg/RobotStatus.idl\n'}
[0.263565] (robot_msgs) StdoutLine: {'line': b'-- Up-to-date: /home/yanji/robot_screwing/install/robot_msgs/share/robot_msgs/msg/ControlCommand.idl\n'}
[0.263603] (robot_msgs) StdoutLine: {'line': b'-- Up-to-date: /home/yanji/robot_screwing/install/robot_msgs/share/robot_msgs/msg/RefStatus.idl\n'}
[0.263638] (robot_msgs) StdoutLine: {'line': b'-- Up-to-date: /home/yanji/robot_screwing/install/robot_msgs/share/robot_msgs/srv/StartPose.idl\n'}
[0.263677] (robot_msgs) StdoutLine: {'line': b'-- Up-to-date: /home/yanji/robot_screwing/install/robot_msgs/share/robot_msgs/srv/StartRotation.idl\n'}
[0.263715] (robot_msgs) StdoutLine: {'line': b'-- Up-to-date: /home/yanji/robot_screwing/install/robot_msgs/share/robot_msgs/action/Screw.idl\n'}
[0.263747] (robot_msgs) StdoutLine: {'line': b'-- Up-to-date: /home/yanji/robot_screwing/install/robot_msgs/share/robot_msgs/msg/CurrentPub.idl\n'}
[0.263786] (robot_msgs) StdoutLine: {'line': b'-- Up-to-date: /home/yanji/robot_screwing/install/robot_msgs/share/robot_msgs/msg/WidthPub.idl\n'}
[0.263822] (robot_msgs) StdoutLine: {'line': b'-- Up-to-date: /home/yanji/robot_screwing/install/robot_msgs/share/robot_msgs/msg/FtPub.msg\n'}
[0.263860] (robot_msgs) StdoutLine: {'line': b'-- Up-to-date: /home/yanji/robot_screwing/install/robot_msgs/share/robot_msgs/msg/RobotStatus.msg\n'}
[0.263900] (robot_msgs) StdoutLine: {'line': b'-- Up-to-date: /home/yanji/robot_screwing/install/robot_msgs/share/robot_msgs/msg/ControlCommand.msg\n'}
[0.263939] (robot_msgs) StdoutLine: {'line': b'-- Up-to-date: /home/yanji/robot_screwing/install/robot_msgs/share/robot_msgs/msg/RefStatus.msg\n'}
[0.263970] (robot_msgs) StdoutLine: {'line': b'-- Up-to-date: /home/yanji/robot_screwing/install/robot_msgs/share/robot_msgs/srv/StartPose.srv\n'}
[0.264009] (robot_msgs) StdoutLine: {'line': b'-- Up-to-date: /home/yanji/robot_screwing/install/robot_msgs/share/robot_msgs/srv/StartPose_Request.msg\n'}
[0.264041] (robot_msgs) StdoutLine: {'line': b'-- Up-to-date: /home/yanji/robot_screwing/install/robot_msgs/share/robot_msgs/srv/StartPose_Response.msg\n'}
[0.264079] (robot_msgs) StdoutLine: {'line': b'-- Up-to-date: /home/yanji/robot_screwing/install/robot_msgs/share/robot_msgs/srv/StartRotation.srv\n'}
[0.264116] (robot_msgs) StdoutLine: {'line': b'-- Up-to-date: /home/yanji/robot_screwing/install/robot_msgs/share/robot_msgs/srv/StartRotation_Request.msg\n'}
[0.264155] (robot_msgs) StdoutLine: {'line': b'-- Up-to-date: /home/yanji/robot_screwing/install/robot_msgs/share/robot_msgs/srv/StartRotation_Response.msg\n'}
[0.264179] (robot_msgs) StdoutLine: {'line': b'-- Up-to-date: /home/yanji/robot_screwing/install/robot_msgs/share/robot_msgs/action/Screw.action\n'}
[0.264202] (robot_msgs) StdoutLine: {'line': b'-- Up-to-date: /home/yanji/robot_screwing/install/robot_msgs/share/robot_msgs/msg/CurrentPub.msg\n'}
[0.264225] (robot_msgs) StdoutLine: {'line': b'-- Up-to-date: /home/yanji/robot_screwing/install/robot_msgs/share/robot_msgs/msg/WidthPub.msg\n'}
[0.264264] (robot_msgs) StdoutLine: {'line': b'-- Up-to-date: /home/yanji/robot_screwing/install/robot_msgs/share/ament_index/resource_index/package_run_dependencies/robot_msgs\n'}
[0.264291] (robot_msgs) StdoutLine: {'line': b'-- Up-to-date: /home/yanji/robot_screwing/install/robot_msgs/share/ament_index/resource_index/parent_prefix_path/robot_msgs\n'}
[0.264324] (robot_msgs) StdoutLine: {'line': b'-- Up-to-date: /home/yanji/robot_screwing/install/robot_msgs/share/robot_msgs/environment/ament_prefix_path.sh\n'}
[0.264356] (robot_msgs) StdoutLine: {'line': b'-- Up-to-date: /home/yanji/robot_screwing/install/robot_msgs/share/robot_msgs/environment/ament_prefix_path.dsv\n'}
[0.264378] (robot_msgs) StdoutLine: {'line': b'-- Up-to-date: /home/yanji/robot_screwing/install/robot_msgs/share/robot_msgs/environment/path.sh\n'}
[0.264410] (robot_msgs) StdoutLine: {'line': b'-- Up-to-date: /home/yanji/robot_screwing/install/robot_msgs/share/robot_msgs/environment/path.dsv\n'}
[0.264442] (robot_msgs) StdoutLine: {'line': b'-- Up-to-date: /home/yanji/robot_screwing/install/robot_msgs/share/robot_msgs/local_setup.bash\n'}
[0.264465] (robot_msgs) StdoutLine: {'line': b'-- Up-to-date: /home/yanji/robot_screwing/install/robot_msgs/share/robot_msgs/local_setup.sh\n'}
[0.264495] (robot_msgs) StdoutLine: {'line': b'-- Up-to-date: /home/yanji/robot_screwing/install/robot_msgs/share/robot_msgs/local_setup.zsh\n'}
[0.264526] (robot_msgs) StdoutLine: {'line': b'-- Up-to-date: /home/yanji/robot_screwing/install/robot_msgs/share/robot_msgs/local_setup.dsv\n'}
[0.264550] (robot_msgs) StdoutLine: {'line': b'-- Installing: /home/yanji/robot_screwing/install/robot_msgs/share/robot_msgs/package.dsv\n'}
[0.264579] (robot_msgs) StdoutLine: {'line': b'-- Up-to-date: /home/yanji/robot_screwing/install/robot_msgs/share/ament_index/resource_index/packages/robot_msgs\n'}
[0.264602] (robot_msgs) StdoutLine: {'line': b'-- Up-to-date: /home/yanji/robot_screwing/install/robot_msgs/share/robot_msgs/cmake/robot_msgs__rosidl_generator_cExport.cmake\n'}
[0.264628] (robot_msgs) StdoutLine: {'line': b'-- Up-to-date: /home/yanji/robot_screwing/install/robot_msgs/share/robot_msgs/cmake/robot_msgs__rosidl_generator_cExport-noconfig.cmake\n'}
[0.264653] (robot_msgs) StdoutLine: {'line': b'-- Up-to-date: /home/yanji/robot_screwing/install/robot_msgs/share/robot_msgs/cmake/robot_msgs__rosidl_typesupport_introspection_cExport.cmake\n'}
[0.264688] (robot_msgs) StdoutLine: {'line': b'-- Up-to-date: /home/yanji/robot_screwing/install/robot_msgs/share/robot_msgs/cmake/robot_msgs__rosidl_typesupport_introspection_cExport-noconfig.cmake\n'}
[0.264711] (robot_msgs) StdoutLine: {'line': b'-- Up-to-date: /home/yanji/robot_screwing/install/robot_msgs/share/robot_msgs/cmake/robot_msgs__rosidl_typesupport_cExport.cmake\n'}
[0.264745] (robot_msgs) StdoutLine: {'line': b'-- Up-to-date: /home/yanji/robot_screwing/install/robot_msgs/share/robot_msgs/cmake/robot_msgs__rosidl_typesupport_cExport-noconfig.cmake\n'}
[0.264780] (robot_msgs) StdoutLine: {'line': b'-- Up-to-date: /home/yanji/robot_screwing/install/robot_msgs/share/robot_msgs/cmake/robot_msgs__rosidl_generator_cppExport.cmake\n'}
[0.264817] (robot_msgs) StdoutLine: {'line': b'-- Up-to-date: /home/yanji/robot_screwing/install/robot_msgs/share/robot_msgs/cmake/robot_msgs__rosidl_typesupport_introspection_cppExport.cmake\n'}
[0.264850] (robot_msgs) StdoutLine: {'line': b'-- Up-to-date: /home/yanji/robot_screwing/install/robot_msgs/share/robot_msgs/cmake/robot_msgs__rosidl_typesupport_introspection_cppExport-noconfig.cmake\n'}
[0.264887] (robot_msgs) StdoutLine: {'line': b'-- Up-to-date: /home/yanji/robot_screwing/install/robot_msgs/share/robot_msgs/cmake/robot_msgs__rosidl_typesupport_cppExport.cmake\n'}
[0.264929] (robot_msgs) StdoutLine: {'line': b'-- Up-to-date: /home/yanji/robot_screwing/install/robot_msgs/share/robot_msgs/cmake/robot_msgs__rosidl_typesupport_cppExport-noconfig.cmake\n'}
[0.264961] (robot_msgs) StdoutLine: {'line': b'-- Up-to-date: /home/yanji/robot_screwing/install/robot_msgs/share/robot_msgs/cmake/rosidl_cmake-extras.cmake\n'}
[0.264984] (robot_msgs) StdoutLine: {'line': b'-- Up-to-date: /home/yanji/robot_screwing/install/robot_msgs/share/robot_msgs/cmake/ament_cmake_export_dependencies-extras.cmake\n'}
[0.265009] (robot_msgs) StdoutLine: {'line': b'-- Up-to-date: /home/yanji/robot_screwing/install/robot_msgs/share/robot_msgs/cmake/ament_cmake_export_libraries-extras.cmake\n'}
[0.265031] (robot_msgs) StdoutLine: {'line': b'-- Up-to-date: /home/yanji/robot_screwing/install/robot_msgs/share/robot_msgs/cmake/ament_cmake_export_targets-extras.cmake\n'}
[0.265053] (robot_msgs) StdoutLine: {'line': b'-- Up-to-date: /home/yanji/robot_screwing/install/robot_msgs/share/robot_msgs/cmake/ament_cmake_export_include_directories-extras.cmake\n'}
[0.265076] (robot_msgs) StdoutLine: {'line': b'-- Up-to-date: /home/yanji/robot_screwing/install/robot_msgs/share/robot_msgs/cmake/rosidl_cmake_export_typesupport_libraries-extras.cmake\n'}
[0.265103] (robot_msgs) StdoutLine: {'line': b'-- Up-to-date: /home/yanji/robot_screwing/install/robot_msgs/share/robot_msgs/cmake/rosidl_cmake_export_typesupport_targets-extras.cmake\n'}
[0.265135] (robot_msgs) StdoutLine: {'line': b'-- Up-to-date: /home/yanji/robot_screwing/install/robot_msgs/share/robot_msgs/cmake/robot_msgsConfig.cmake\n'}
[0.265190] (robot_msgs) StdoutLine: {'line': b'-- Up-to-date: /home/yanji/robot_screwing/install/robot_msgs/share/robot_msgs/cmake/robot_msgsConfig-version.cmake\n'}
[0.265216] (robot_msgs) StdoutLine: {'line': b'-- Up-to-date: /home/yanji/robot_screwing/install/robot_msgs/share/robot_msgs/package.xml\n'}
[0.266624] (robot_msgs) CommandEnded: {'returncode': 0}
[0.276425] (robot_msgs) JobEnded: {'identifier': 'robot_msgs', 'rc': 0}
[0.277115] (screw_robot_control) JobStarted: {'identifier': 'screw_robot_control'}
[0.280868] (screw_robot_control) JobProgress: {'identifier': 'screw_robot_control', 'progress': 'cmake'}
[0.281137] (screw_robot_control) JobProgress: {'identifier': 'screw_robot_control', 'progress': 'build'}
[0.281341] (screw_robot_control) Command: {'cmd': ['/usr/bin/cmake', '--build', '/home/yanji/robot_screwing/build/screw_robot_control', '--', '-j24', '-l24'], 'cwd': '/home/yanji/robot_screwing/build/screw_robot_control', 'env': OrderedDict([('LESSOPEN', '| /usr/bin/lesspipe %s'), ('LIBRARY_PATH', '/home/yanji/jaka_python:/home/yanji/jaka_python::/usr/local/cuda/lib64:/usr/local/cuda/lib64'), ('CONDA_PROMPT_MODIFIER', '(screwrobot)'), ('HTTPS_PROXY', 'http://127.0.0.1:7890/'), ('no_proxy', 'localhost,127.0.0.0/8,::1'), ('LANGUAGE', 'zh_CN:en'), ('USER', 'yanji'), ('LC_TIME', 'en_US.UTF-8'), ('all_proxy', 'socks://127.0.0.1:7891/'), ('SSH_AGENT_PID', '2012'), ('XDG_SESSION_TYPE', 'x11'), ('GIT_ASKPASS', '/usr/share/code/resources/app/extensions/git/dist/askpass.sh'), ('SHLVL', '2'), ('LD_LIBRARY_PATH', '/home/yanji/robot_screwing/install/robot_msgs/lib:/lib/x86_64-linux-gnu:/usr/lib/x86_64-linux-gnu:/home/yanji/robot_screwing/install/screw_robot_control/lib:/opt/ros/foxy/opt/yaml_cpp_vendor/lib:/opt/ros/foxy/opt/rviz_ogre_vendor/lib:/opt/ros/foxy/lib/x86_64-linux-gnu:/opt/ros/foxy/lib:/lib/x86_64-linux-gnu:/usr/lib/x86_64-linux-gnu:/usr/local/cuda/lib64:/usr/local/cuda/lib64'), ('HOME', '/home/yanji'), ('CHROME_DESKTOP', 'code.desktop'), ('CONDA_SHLVL', '1'), ('TERM_PROGRAM_VERSION', '1.97.2'), ('DESKTOP_SESSION', 'ubuntu'), ('NO_PROXY', 'localhost,127.0.0.0/8,::1'), ('ROS_PYTHON_VERSION', '3'), ('GNOME_SHELL_SESSION_MODE', 'ubuntu'), ('GTK_MODULES', 'gail:atk-bridge'), ('XDG_SEAT_PATH', '/org/freedesktop/DisplayManager/Seat0'), ('VSCODE_GIT_ASKPASS_MAIN', '/usr/share/code/resources/app/extensions/git/dist/askpass-main.js'), ('LC_MONETARY', 'en_US.UTF-8'), ('VSCODE_GIT_ASKPASS_NODE', '/usr/share/code/code'), ('MANAGERPID', '1924'), ('PYDEVD_DISABLE_FILE_VALIDATION', '1'), ('BUNDLED_DEBUGPY_PATH', '/home/yanji/.vscode/extensions/ms-python.debugpy-2025.10.0-linux-x64/bundled/libs/debugpy'), ('DBUS_SESSION_BUS_ADDRESS', 'unix:path=/run/user/1000/bus'), ('COLORTERM', 'truecolor'), ('_CE_M', ''), ('IM_CONFIG_PHASE', '1'), ('https_proxy', 'http://127.0.0.1:7890/'), ('COLCON_PREFIX_PATH', '/home/yanji/robot_screwing/install'), ('ROS_DISTRO', 'foxy'), ('LOGNAME', 'yanji'), ('ALL_PROXY', 'socks://127.0.0.1:7891/'), ('http_proxy', 'http://127.0.0.1:7890/'), ('JOURNAL_STREAM', '8:55791'), ('_', '/usr/bin/colcon'), ('ROS_VERSION', '2'), ('XDG_SESSION_CLASS', 'user'), ('TERM', 'xterm-256color'), ('GNOME_DESKTOP_SESSION_ID', 'this-is-deprecated'), ('_CE_CONDA', ''), ('ROS_LOCALHOST_ONLY', '0'), ('PATH', '/home/yanji/anaconda3/envs/screwrobot/bin:/opt/ros/foxy/bin:/usr/lib/ccache:/home/yanji/anaconda3/envs/screwrobot/bin:/usr/lib/ccache:/home/yanji/anaconda3/condabin:/home/yanji/.local/bin:/usr/local/sbin:/usr/local/bin:/usr/sbin:/usr/bin:/sbin:/bin:/usr/games:/usr/local/games:/snap/bin:/usr/local/cuda/bin:/home/yanji/pycharm/bin:/home/yanji/.vscode/extensions/ms-python.debugpy-2025.10.0-linux-x64/bundled/scripts/noConfigScripts:/usr/local/cuda/bin:/home/yanji/pycharm/bin'), ('SESSION_MANAGER', 'local/yanji-server:@/tmp/.ICE-unix/2048,unix/yanji-server:/tmp/.ICE-unix/2048'), ('GDM_LANG', 'zh_CN'), ('INVOCATION_ID', '56f2ada9c7014da5ab0097972e3fd132'), ('PAPERSIZE', 'letter'), ('XDG_SESSION_PATH', '/org/freedesktop/DisplayManager/Session0'), ('XDG_MENU_PREFIX', 'gnome-'), ('LC_ADDRESS', 'en_US.UTF-8'), ('GNOME_TERMINAL_SCREEN', '/org/gnome/Terminal/screen/49554d2c_eb4f_44ca_a2b5_0e2061571014'), ('XDG_RUNTIME_DIR', '/run/user/1000'), ('GDK_BACKEND', 'x11'), ('DISPLAY', ':0'), ('VSCODE_DEBUGPY_ADAPTER_ENDPOINTS', '/home/yanji/.vscode/extensions/ms-python.debugpy-2025.10.0-linux-x64/.noConfigDebugAdapterEndpoints/endpoint-35e173d817dea6ca.txt'), ('LANG', 'zh_CN.UTF-8'), ('XDG_CURRENT_DESKTOP', 'Unity'), ('LC_TELEPHONE', 'en_US.UTF-8'), ('XMODIFIERS', '@im=ibus'), ('XDG_SESSION_DESKTOP', 'ubuntu'), ('XAUTHORITY', '/home/yanji/.Xauthority'), ('LS_COLORS', 'rs=0:di=01;34:ln=01;36:mh=00:pi=40;33:so=01;35:do=01;35:bd=40;33;01:cd=40;33;01:or=40;31;01:mi=00:su=37;41:sg=30;43:ca=30;41:tw=30;42:ow=34;42:st=37;44:ex=01;32:*.tar=01;31:*.tgz=01;31:*.arc=01;31:*.arj=01;31:*.taz=01;31:*.lha=01;31:*.lz4=01;31:*.lzh=01;31:*.lzma=01;31:*.tlz=01;31:*.txz=01;31:*.tzo=01;31:*.t7z=01;31:*.zip=01;31:*.z=01;31:*.dz=01;31:*.gz=01;31:*.lrz=01;31:*.lz=01;31:*.lzo=01;31:*.xz=01;31:*.zst=01;31:*.tzst=01;31:*.bz2=01;31:*.bz=01;31:*.tbz=01;31:*.tbz2=01;31:*.tz=01;31:*.deb=01;31:*.rpm=01;31:*.jar=01;31:*.war=01;31:*.ear=01;31:*.sar=01;31:*.rar=01;31:*.alz=01;31:*.ace=01;31:*.zoo=01;31:*.cpio=01;31:*.7z=01;31:*.rz=01;31:*.cab=01;31:*.wim=01;31:*.swm=01;31:*.dwm=01;31:*.esd=01;31:*.jpg=01;35:*.jpeg=01;35:*.mjpg=01;35:*.mjpeg=01;35:*.gif=01;35:*.bmp=01;35:*.pbm=01;35:*.pgm=01;35:*.ppm=01;35:*.tga=01;35:*.xbm=01;35:*.xpm=01;35:*.tif=01;35:*.tiff=01;35:*.png=01;35:*.svg=01;35:*.svgz=01;35:*.mng=01;35:*.pcx=01;35:*.mov=01;35:*.mpg=01;35:*.mpeg=01;35:*.m2v=01;35:*.mkv=01;35:*.webm=01;35:*.ogm=01;35:*.mp4=01;35:*.m4v=01;35:*.mp4v=01;35:*.vob=01;35:*.qt=01;35:*.nuv=01;35:*.wmv=01;35:*.asf=01;35:*.rm=01;35:*.rmvb=01;35:*.flc=01;35:*.avi=01;35:*.fli=01;35:*.flv=01;35:*.gl=01;35:*.dl=01;35:*.xcf=01;35:*.xwd=01;35:*.yuv=01;35:*.cgm=01;35:*.emf=01;35:*.ogv=01;35:*.ogx=01;35:*.aac=00;36:*.au=00;36:*.flac=00;36:*.m4a=00;36:*.mid=00;36:*.midi=00;36:*.mka=00;36:*.mp3=00;36:*.mpc=00;36:*.ogg=00;36:*.ra=00;36:*.wav=00;36:*.oga=00;36:*.opus=00;36:*.spx=00;36:*.xspf=00;36:'), ('VSCODE_GIT_IPC_HANDLE', '/run/user/1000/vscode-git-51992ed709.sock'), ('GNOME_TERMINAL_SERVICE', ':1.87'), ('TERM_PROGRAM', 'vscode'), ('SSH_AUTH_SOCK', '/run/user/1000/keyring/ssh'), ('XDG_GREETER_DATA_DIR', '/var/lib/lightdm-data/yanji'), ('AMENT_PREFIX_PATH', '/home/yanji/robot_screwing/install/screw_robot_control:/home/yanji/robot_screwing/install/robot_msgs:/home/yanji/robot_screwing/install/real_robot:/home/yanji/robot_screwing/install/mj_sim:/opt/ros/foxy'), ('CONDA_PYTHON_EXE', '/home/yanji/anaconda3/bin/python'), ('ORIGINAL_XDG_CURRENT_DESKTOP', 'ubuntu:GNOME'), ('SHELL', '/bin/bash'), ('LC_NAME', 'en_US.UTF-8'), ('QT_ACCESSIBILITY', '1'), ('GDMSESSION', 'ubuntu'), ('LESSCLOSE', '/usr/bin/lesspipe %s %s'), ('CONDA_DEFAULT_ENV', 'screwrobot'), ('LC_MEASUREMENT', 'en_US.UTF-8'), ('GPG_AGENT_INFO', '/run/user/1000/gnupg/S.gpg-agent:0:1'), ('LC_IDENTIFICATION', 'en_US.UTF-8'), ('VSCODE_GIT_ASKPASS_EXTRA_ARGS', ''), ('QT_IM_MODULE', 'ibus'), ('PWD', '/home/yanji/robot_screwing/build/screw_robot_control'), ('LC_ALL', 'en_US.UTF-8'), ('XDG_CONFIG_DIRS', '/etc/xdg/xdg-ubuntu:/etc/xdg'), ('CONDA_EXE', '/home/yanji/anaconda3/bin/conda'), ('XDG_DATA_DIRS', '/usr/share/ubuntu:/home/yanji/.local/share/flatpak/exports/share:/var/lib/flatpak/exports/share:/usr/local/share:/usr/share:/var/lib/snapd/desktop'), ('PYTHONPATH', '/home/yanji/robot_screwing/install/robot_msgs/lib/python3.8/site-packages:/home/yanji/robot_screwing/install/real_robot/lib/python3.8/site-packages:/home/yanji/robot_screwing/install/mj_sim/lib/python3.8/site-packages:/opt/ros/foxy/lib/python3.8/site-packages'), ('HTTP_PROXY', 'http://127.0.0.1:7890/'), ('LC_NUMERIC', 'en_US.UTF-8'), ('CONDA_PREFIX', '/home/yanji/anaconda3/envs/screwrobot'), ('LC_PAPER', 'en_US.UTF-8'), ('COLCON', '1'), ('VTE_VERSION', '6003'), ('CMAKE_PREFIX_PATH', '/home/yanji/robot_screwing/install/robot_msgs:/home/yanji/robot_screwing/install/screw_robot_control:/home/yanji/robot_screwing/install/real_robot:/home/yanji/robot_screwing/install/mj_sim:/opt/ros/foxy')]), 'shell': False}
[0.300376] (-) TimerEvent: {}
[0.306196] (screw_robot_control) StdoutLine: {'line': b'[ 20%] Built target SERVO_MOTOR\n'}
[0.319658] (screw_robot_control) StdoutLine: {'line': b'[ 40%] Built target SCREWING_TOOL\n'}
[0.326158] (screw_robot_control) StdoutLine: {'line': b'\x1b[35m\x1b[1mScanning dependencies of target right_arm_control_tcp\x1b[0m\n'}
[0.334934] (screw_robot_control) StdoutLine: {'line': b'[ 60%] Built target task_control_screw\n'}
[0.336516] (screw_robot_control) StdoutLine: {'line': b'[ 80%] Built target right_arm_control\n'}
[0.348201] (screw_robot_control) StdoutLine: {'line': b'[ 90%] \x1b[32mBuilding CXX object CMakeFiles/right_arm_control_tcp.dir/src/right_arm_control_tcp.cpp.o\x1b[0m\n'}
[0.400447] (-) TimerEvent: {}
[0.434804] (mj_sim) Command: {'cmd': ['/usr/bin/python3', '-W', 'ignore:setup.py install is deprecated', '-W', 'ignore:easy_install command is deprecated', 'setup.py', 'egg_info', '--egg-base', '../../build/mj_sim', 'build', '--build-base', '/home/yanji/robot_screwing/build/mj_sim/build', 'install', '--record', '/home/yanji/robot_screwing/build/mj_sim/install.log', '--install-scripts', '$base/lib/mj_sim', '--single-version-externally-managed', 'install_data'], 'cwd': '/home/yanji/robot_screwing/src/mj_sim', 'env': {'LESSOPEN': '| /usr/bin/lesspipe %s', 'LIBRARY_PATH': '/home/yanji/jaka_python:/home/yanji/jaka_python::/usr/local/cuda/lib64:/usr/local/cuda/lib64', 'CONDA_PROMPT_MODIFIER': '(screwrobot)', 'HTTPS_PROXY': 'http://127.0.0.1:7890/', 'no_proxy': 'localhost,127.0.0.0/8,::1', 'LANGUAGE': 'zh_CN:en', 'USER': 'yanji', 'LC_TIME': 'en_US.UTF-8', 'all_proxy': 'socks://127.0.0.1:7891/', 'SSH_AGENT_PID': '2012', 'XDG_SESSION_TYPE': 'x11', 'GIT_ASKPASS': '/usr/share/code/resources/app/extensions/git/dist/askpass.sh', 'SHLVL': '2', 'LD_LIBRARY_PATH': '/lib/x86_64-linux-gnu:/usr/lib/x86_64-linux-gnu:/home/yanji/robot_screwing/install/screw_robot_control/lib:/home/yanji/robot_screwing/install/robot_msgs/lib:/opt/ros/foxy/opt/yaml_cpp_vendor/lib:/opt/ros/foxy/opt/rviz_ogre_vendor/lib:/opt/ros/foxy/lib/x86_64-linux-gnu:/opt/ros/foxy/lib:/lib/x86_64-linux-gnu:/usr/lib/x86_64-linux-gnu::/usr/local/cuda/lib64:/usr/local/cuda/lib64', 'HOME': '/home/yanji', 'CHROME_DESKTOP': 'code.desktop', 'CONDA_SHLVL': '1', 'TERM_PROGRAM_VERSION': '1.97.2', 'DESKTOP_SESSION': 'ubuntu', 'NO_PROXY': 'localhost,127.0.0.0/8,::1', 'ROS_PYTHON_VERSION': '3', 'GNOME_SHELL_SESSION_MODE': 'ubuntu', 'GTK_MODULES': 'gail:atk-bridge', 'XDG_SEAT_PATH': '/org/freedesktop/DisplayManager/Seat0', 'VSCODE_GIT_ASKPASS_MAIN': '/usr/share/code/resources/app/extensions/git/dist/askpass-main.js', 'LC_MONETARY': 'en_US.UTF-8', 'VSCODE_GIT_ASKPASS_NODE': '/usr/share/code/code', 'MANAGERPID': '1924', 'PYDEVD_DISABLE_FILE_VALIDATION': '1', 'BUNDLED_DEBUGPY_PATH': '/home/yanji/.vscode/extensions/ms-python.debugpy-2025.10.0-linux-x64/bundled/libs/debugpy', 'DBUS_SESSION_BUS_ADDRESS': 'unix:path=/run/user/1000/bus', 'COLORTERM': 'truecolor', '_CE_M': '', 'IM_CONFIG_PHASE': '1', 'https_proxy': 'http://127.0.0.1:7890/', 'COLCON_PREFIX_PATH': '/home/yanji/robot_screwing/install', 'ROS_DISTRO': 'foxy', 'LOGNAME': 'yanji', 'ALL_PROXY': 'socks://127.0.0.1:7891/', 'http_proxy': 'http://127.0.0.1:7890/', 'JOURNAL_STREAM': '8:55791', '_': '/usr/bin/colcon', 'ROS_VERSION': '2', 'XDG_SESSION_CLASS': 'user', 'TERM': 'xterm-256color', 'GNOME_DESKTOP_SESSION_ID': 'this-is-deprecated', '_CE_CONDA': '', 'ROS_LOCALHOST_ONLY': '0', 'PATH': '/home/yanji/anaconda3/envs/screwrobot/bin:/opt/ros/foxy/bin:/usr/lib/ccache:/home/yanji/anaconda3/envs/screwrobot/bin:/usr/lib/ccache:/home/yanji/anaconda3/condabin:/home/yanji/.local/bin:/usr/local/sbin:/usr/local/bin:/usr/sbin:/usr/bin:/sbin:/bin:/usr/games:/usr/local/games:/snap/bin:/usr/local/cuda/bin:/home/yanji/pycharm/bin:/home/yanji/.vscode/extensions/ms-python.debugpy-2025.10.0-linux-x64/bundled/scripts/noConfigScripts:/usr/local/cuda/bin:/home/yanji/pycharm/bin', 'SESSION_MANAGER': 'local/yanji-server:@/tmp/.ICE-unix/2048,unix/yanji-server:/tmp/.ICE-unix/2048', 'GDM_LANG': 'zh_CN', 'INVOCATION_ID': '56f2ada9c7014da5ab0097972e3fd132', 'PAPERSIZE': 'letter', 'XDG_SESSION_PATH': '/org/freedesktop/DisplayManager/Session0', 'XDG_MENU_PREFIX': 'gnome-', 'LC_ADDRESS': 'en_US.UTF-8', 'GNOME_TERMINAL_SCREEN': '/org/gnome/Terminal/screen/49554d2c_eb4f_44ca_a2b5_0e2061571014', 'XDG_RUNTIME_DIR': '/run/user/1000', 'GDK_BACKEND': 'x11', 'DISPLAY': ':0', 'VSCODE_DEBUGPY_ADAPTER_ENDPOINTS': '/home/yanji/.vscode/extensions/ms-python.debugpy-2025.10.0-linux-x64/.noConfigDebugAdapterEndpoints/endpoint-35e173d817dea6ca.txt', 'LANG': 'zh_CN.UTF-8', 'XDG_CURRENT_DESKTOP': 'Unity', 'LC_TELEPHONE': 'en_US.UTF-8', 'XMODIFIERS': '@im=ibus', 'XDG_SESSION_DESKTOP': 'ubuntu', 'XAUTHORITY': '/home/yanji/.Xauthority', 'LS_COLORS': 'rs=0:di=01;34:ln=01;36:mh=00:pi=40;33:so=01;35:do=01;35:bd=40;33;01:cd=40;33;01:or=40;31;01:mi=00:su=37;41:sg=30;43:ca=30;41:tw=30;42:ow=34;42:st=37;44:ex=01;32:*.tar=01;31:*.tgz=01;31:*.arc=01;31:*.arj=01;31:*.taz=01;31:*.lha=01;31:*.lz4=01;31:*.lzh=01;31:*.lzma=01;31:*.tlz=01;31:*.txz=01;31:*.tzo=01;31:*.t7z=01;31:*.zip=01;31:*.z=01;31:*.dz=01;31:*.gz=01;31:*.lrz=01;31:*.lz=01;31:*.lzo=01;31:*.xz=01;31:*.zst=01;31:*.tzst=01;31:*.bz2=01;31:*.bz=01;31:*.tbz=01;31:*.tbz2=01;31:*.tz=01;31:*.deb=01;31:*.rpm=01;31:*.jar=01;31:*.war=01;31:*.ear=01;31:*.sar=01;31:*.rar=01;31:*.alz=01;31:*.ace=01;31:*.zoo=01;31:*.cpio=01;31:*.7z=01;31:*.rz=01;31:*.cab=01;31:*.wim=01;31:*.swm=01;31:*.dwm=01;31:*.esd=01;31:*.jpg=01;35:*.jpeg=01;35:*.mjpg=01;35:*.mjpeg=01;35:*.gif=01;35:*.bmp=01;35:*.pbm=01;35:*.pgm=01;35:*.ppm=01;35:*.tga=01;35:*.xbm=01;35:*.xpm=01;35:*.tif=01;35:*.tiff=01;35:*.png=01;35:*.svg=01;35:*.svgz=01;35:*.mng=01;35:*.pcx=01;35:*.mov=01;35:*.mpg=01;35:*.mpeg=01;35:*.m2v=01;35:*.mkv=01;35:*.webm=01;35:*.ogm=01;35:*.mp4=01;35:*.m4v=01;35:*.mp4v=01;35:*.vob=01;35:*.qt=01;35:*.nuv=01;35:*.wmv=01;35:*.asf=01;35:*.rm=01;35:*.rmvb=01;35:*.flc=01;35:*.avi=01;35:*.fli=01;35:*.flv=01;35:*.gl=01;35:*.dl=01;35:*.xcf=01;35:*.xwd=01;35:*.yuv=01;35:*.cgm=01;35:*.emf=01;35:*.ogv=01;35:*.ogx=01;35:*.aac=00;36:*.au=00;36:*.flac=00;36:*.m4a=00;36:*.mid=00;36:*.midi=00;36:*.mka=00;36:*.mp3=00;36:*.mpc=00;36:*.ogg=00;36:*.ra=00;36:*.wav=00;36:*.oga=00;36:*.opus=00;36:*.spx=00;36:*.xspf=00;36:', 'VSCODE_GIT_IPC_HANDLE': '/run/user/1000/vscode-git-51992ed709.sock', 'GNOME_TERMINAL_SERVICE': ':1.87', 'TERM_PROGRAM': 'vscode', 'SSH_AUTH_SOCK': '/run/user/1000/keyring/ssh', 'XDG_GREETER_DATA_DIR': '/var/lib/lightdm-data/yanji', 'AMENT_PREFIX_PATH': '/home/yanji/robot_screwing/install/screw_robot_control:/home/yanji/robot_screwing/install/robot_msgs:/home/yanji/robot_screwing/install/real_robot:/home/yanji/robot_screwing/install/mj_sim:/opt/ros/foxy', 'CONDA_PYTHON_EXE': '/home/yanji/anaconda3/bin/python', 'ORIGINAL_XDG_CURRENT_DESKTOP': 'ubuntu:GNOME', 'SHELL': '/bin/bash', 'LC_NAME': 'en_US.UTF-8', 'QT_ACCESSIBILITY': '1', 'GDMSESSION': 'ubuntu', 'LESSCLOSE': '/usr/bin/lesspipe %s %s', 'CONDA_DEFAULT_ENV': 'screwrobot', 'LC_MEASUREMENT': 'en_US.UTF-8', 'GPG_AGENT_INFO': '/run/user/1000/gnupg/S.gpg-agent:0:1', 'LC_IDENTIFICATION': 'en_US.UTF-8', 'VSCODE_GIT_ASKPASS_EXTRA_ARGS': '', 'QT_IM_MODULE': 'ibus', 'PWD': '/home/yanji/robot_screwing/build/mj_sim', 'LC_ALL': 'en_US.UTF-8', 'XDG_CONFIG_DIRS': '/etc/xdg/xdg-ubuntu:/etc/xdg', 'CONDA_EXE': '/home/yanji/anaconda3/bin/conda', 'XDG_DATA_DIRS': '/usr/share/ubuntu:/home/yanji/.local/share/flatpak/exports/share:/var/lib/flatpak/exports/share:/usr/local/share:/usr/share:/var/lib/snapd/desktop', 'PYTHONPATH': '/home/yanji/robot_screwing/build/mj_sim/prefix_override:/usr/lib/python3/dist-packages/colcon_core/task/python/colcon_distutils_commands:/home/yanji/robot_screwing/install/mj_sim/lib/python3.8/site-packages:/home/yanji/robot_screwing/install/robot_msgs/lib/python3.8/site-packages:/home/yanji/robot_screwing/install/real_robot/lib/python3.8/site-packages:/home/yanji/robot_screwing/install/mj_sim/lib/python3.8/site-packages:/opt/ros/foxy/lib/python3.8/site-packages', 'HTTP_PROXY': 'http://127.0.0.1:7890/', 'LC_NUMERIC': 'en_US.UTF-8', 'CONDA_PREFIX': '/home/yanji/anaconda3/envs/screwrobot', 'LC_PAPER': 'en_US.UTF-8', 'COLCON': '1', 'VTE_VERSION': '6003', 'CMAKE_PREFIX_PATH': '/home/yanji/robot_screwing/install/screw_robot_control:/home/yanji/robot_screwing/install/robot_msgs'}, 'shell': False}
[0.439286] (real_robot) Command: {'cmd': ['/usr/bin/python3', '-W', 'ignore:setup.py install is deprecated', '-W', 'ignore:easy_install command is deprecated', 'setup.py', 'egg_info', '--egg-base', '../../build/real_robot', 'build', '--build-base', '/home/yanji/robot_screwing/build/real_robot/build', 'install', '--record', '/home/yanji/robot_screwing/build/real_robot/install.log', '--install-scripts', '$base/lib/real_robot', '--single-version-externally-managed', 'install_data'], 'cwd': '/home/yanji/robot_screwing/src/real_robot', 'env': {'LESSOPEN': '| /usr/bin/lesspipe %s', 'LIBRARY_PATH': '/home/yanji/jaka_python:/home/yanji/jaka_python::/usr/local/cuda/lib64:/usr/local/cuda/lib64', 'CONDA_PROMPT_MODIFIER': '(screwrobot)', 'HTTPS_PROXY': 'http://127.0.0.1:7890/', 'no_proxy': 'localhost,127.0.0.0/8,::1', 'LANGUAGE': 'zh_CN:en', 'USER': 'yanji', 'LC_TIME': 'en_US.UTF-8', 'all_proxy': 'socks://127.0.0.1:7891/', 'SSH_AGENT_PID': '2012', 'XDG_SESSION_TYPE': 'x11', 'GIT_ASKPASS': '/usr/share/code/resources/app/extensions/git/dist/askpass.sh', 'SHLVL': '2', 'LD_LIBRARY_PATH': '/lib/x86_64-linux-gnu:/usr/lib/x86_64-linux-gnu:/home/yanji/robot_screwing/install/screw_robot_control/lib:/home/yanji/robot_screwing/install/robot_msgs/lib:/opt/ros/foxy/opt/yaml_cpp_vendor/lib:/opt/ros/foxy/opt/rviz_ogre_vendor/lib:/opt/ros/foxy/lib/x86_64-linux-gnu:/opt/ros/foxy/lib:/lib/x86_64-linux-gnu:/usr/lib/x86_64-linux-gnu::/usr/local/cuda/lib64:/usr/local/cuda/lib64', 'HOME': '/home/yanji', 'CHROME_DESKTOP': 'code.desktop', 'CONDA_SHLVL': '1', 'TERM_PROGRAM_VERSION': '1.97.2', 'DESKTOP_SESSION': 'ubuntu', 'NO_PROXY': 'localhost,127.0.0.0/8,::1', 'ROS_PYTHON_VERSION': '3', 'GNOME_SHELL_SESSION_MODE': 'ubuntu', 'GTK_MODULES': 'gail:atk-bridge', 'XDG_SEAT_PATH': '/org/freedesktop/DisplayManager/Seat0', 'VSCODE_GIT_ASKPASS_MAIN': '/usr/share/code/resources/app/extensions/git/dist/askpass-main.js', 'LC_MONETARY': 'en_US.UTF-8', 'VSCODE_GIT_ASKPASS_NODE': '/usr/share/code/code', 'MANAGERPID': '1924', 'PYDEVD_DISABLE_FILE_VALIDATION': '1', 'BUNDLED_DEBUGPY_PATH': '/home/yanji/.vscode/extensions/ms-python.debugpy-2025.10.0-linux-x64/bundled/libs/debugpy', 'DBUS_SESSION_BUS_ADDRESS': 'unix:path=/run/user/1000/bus', 'COLORTERM': 'truecolor', '_CE_M': '', 'IM_CONFIG_PHASE': '1', 'https_proxy': 'http://127.0.0.1:7890/', 'COLCON_PREFIX_PATH': '/home/yanji/robot_screwing/install', 'ROS_DISTRO': 'foxy', 'LOGNAME': 'yanji', 'ALL_PROXY': 'socks://127.0.0.1:7891/', 'http_proxy': 'http://127.0.0.1:7890/', 'JOURNAL_STREAM': '8:55791', '_': '/usr/bin/colcon', 'ROS_VERSION': '2', 'XDG_SESSION_CLASS': 'user', 'TERM': 'xterm-256color', 'GNOME_DESKTOP_SESSION_ID': 'this-is-deprecated', '_CE_CONDA': '', 'ROS_LOCALHOST_ONLY': '0', 'PATH': '/home/yanji/anaconda3/envs/screwrobot/bin:/opt/ros/foxy/bin:/usr/lib/ccache:/home/yanji/anaconda3/envs/screwrobot/bin:/usr/lib/ccache:/home/yanji/anaconda3/condabin:/home/yanji/.local/bin:/usr/local/sbin:/usr/local/bin:/usr/sbin:/usr/bin:/sbin:/bin:/usr/games:/usr/local/games:/snap/bin:/usr/local/cuda/bin:/home/yanji/pycharm/bin:/home/yanji/.vscode/extensions/ms-python.debugpy-2025.10.0-linux-x64/bundled/scripts/noConfigScripts:/usr/local/cuda/bin:/home/yanji/pycharm/bin', 'SESSION_MANAGER': 'local/yanji-server:@/tmp/.ICE-unix/2048,unix/yanji-server:/tmp/.ICE-unix/2048', 'GDM_LANG': 'zh_CN', 'INVOCATION_ID': '56f2ada9c7014da5ab0097972e3fd132', 'PAPERSIZE': 'letter', 'XDG_SESSION_PATH': '/org/freedesktop/DisplayManager/Session0', 'XDG_MENU_PREFIX': 'gnome-', 'LC_ADDRESS': 'en_US.UTF-8', 'GNOME_TERMINAL_SCREEN': '/org/gnome/Terminal/screen/49554d2c_eb4f_44ca_a2b5_0e2061571014', 'XDG_RUNTIME_DIR': '/run/user/1000', 'GDK_BACKEND': 'x11', 'DISPLAY': ':0', 'VSCODE_DEBUGPY_ADAPTER_ENDPOINTS': '/home/yanji/.vscode/extensions/ms-python.debugpy-2025.10.0-linux-x64/.noConfigDebugAdapterEndpoints/endpoint-35e173d817dea6ca.txt', 'LANG': 'zh_CN.UTF-8', 'XDG_CURRENT_DESKTOP': 'Unity', 'LC_TELEPHONE': 'en_US.UTF-8', 'XMODIFIERS': '@im=ibus', 'XDG_SESSION_DESKTOP': 'ubuntu', 'XAUTHORITY': '/home/yanji/.Xauthority', 'LS_COLORS': 'rs=0:di=01;34:ln=01;36:mh=00:pi=40;33:so=01;35:do=01;35:bd=40;33;01:cd=40;33;01:or=40;31;01:mi=00:su=37;41:sg=30;43:ca=30;41:tw=30;42:ow=34;42:st=37;44:ex=01;32:*.tar=01;31:*.tgz=01;31:*.arc=01;31:*.arj=01;31:*.taz=01;31:*.lha=01;31:*.lz4=01;31:*.lzh=01;31:*.lzma=01;31:*.tlz=01;31:*.txz=01;31:*.tzo=01;31:*.t7z=01;31:*.zip=01;31:*.z=01;31:*.dz=01;31:*.gz=01;31:*.lrz=01;31:*.lz=01;31:*.lzo=01;31:*.xz=01;31:*.zst=01;31:*.tzst=01;31:*.bz2=01;31:*.bz=01;31:*.tbz=01;31:*.tbz2=01;31:*.tz=01;31:*.deb=01;31:*.rpm=01;31:*.jar=01;31:*.war=01;31:*.ear=01;31:*.sar=01;31:*.rar=01;31:*.alz=01;31:*.ace=01;31:*.zoo=01;31:*.cpio=01;31:*.7z=01;31:*.rz=01;31:*.cab=01;31:*.wim=01;31:*.swm=01;31:*.dwm=01;31:*.esd=01;31:*.jpg=01;35:*.jpeg=01;35:*.mjpg=01;35:*.mjpeg=01;35:*.gif=01;35:*.bmp=01;35:*.pbm=01;35:*.pgm=01;35:*.ppm=01;35:*.tga=01;35:*.xbm=01;35:*.xpm=01;35:*.tif=01;35:*.tiff=01;35:*.png=01;35:*.svg=01;35:*.svgz=01;35:*.mng=01;35:*.pcx=01;35:*.mov=01;35:*.mpg=01;35:*.mpeg=01;35:*.m2v=01;35:*.mkv=01;35:*.webm=01;35:*.ogm=01;35:*.mp4=01;35:*.m4v=01;35:*.mp4v=01;35:*.vob=01;35:*.qt=01;35:*.nuv=01;35:*.wmv=01;35:*.asf=01;35:*.rm=01;35:*.rmvb=01;35:*.flc=01;35:*.avi=01;35:*.fli=01;35:*.flv=01;35:*.gl=01;35:*.dl=01;35:*.xcf=01;35:*.xwd=01;35:*.yuv=01;35:*.cgm=01;35:*.emf=01;35:*.ogv=01;35:*.ogx=01;35:*.aac=00;36:*.au=00;36:*.flac=00;36:*.m4a=00;36:*.mid=00;36:*.midi=00;36:*.mka=00;36:*.mp3=00;36:*.mpc=00;36:*.ogg=00;36:*.ra=00;36:*.wav=00;36:*.oga=00;36:*.opus=00;36:*.spx=00;36:*.xspf=00;36:', 'VSCODE_GIT_IPC_HANDLE': '/run/user/1000/vscode-git-51992ed709.sock', 'GNOME_TERMINAL_SERVICE': ':1.87', 'TERM_PROGRAM': 'vscode', 'SSH_AUTH_SOCK': '/run/user/1000/keyring/ssh', 'XDG_GREETER_DATA_DIR': '/var/lib/lightdm-data/yanji', 'AMENT_PREFIX_PATH': '/home/yanji/robot_screwing/install/screw_robot_control:/home/yanji/robot_screwing/install/robot_msgs:/home/yanji/robot_screwing/install/real_robot:/home/yanji/robot_screwing/install/mj_sim:/opt/ros/foxy', 'CONDA_PYTHON_EXE': '/home/yanji/anaconda3/bin/python', 'ORIGINAL_XDG_CURRENT_DESKTOP': 'ubuntu:GNOME', 'SHELL': '/bin/bash', 'LC_NAME': 'en_US.UTF-8', 'QT_ACCESSIBILITY': '1', 'GDMSESSION': 'ubuntu', 'LESSCLOSE': '/usr/bin/lesspipe %s %s', 'CONDA_DEFAULT_ENV': 'screwrobot', 'LC_MEASUREMENT': 'en_US.UTF-8', 'GPG_AGENT_INFO': '/run/user/1000/gnupg/S.gpg-agent:0:1', 'LC_IDENTIFICATION': 'en_US.UTF-8', 'VSCODE_GIT_ASKPASS_EXTRA_ARGS': '', 'QT_IM_MODULE': 'ibus', 'PWD': '/home/yanji/robot_screwing/build/real_robot', 'LC_ALL': 'en_US.UTF-8', 'XDG_CONFIG_DIRS': '/etc/xdg/xdg-ubuntu:/etc/xdg', 'CONDA_EXE': '/home/yanji/anaconda3/bin/conda', 'XDG_DATA_DIRS': '/usr/share/ubuntu:/home/yanji/.local/share/flatpak/exports/share:/var/lib/flatpak/exports/share:/usr/local/share:/usr/share:/var/lib/snapd/desktop', 'PYTHONPATH': '/home/yanji/robot_screwing/build/real_robot/prefix_override:/usr/lib/python3/dist-packages/colcon_core/task/python/colcon_distutils_commands:/home/yanji/robot_screwing/install/real_robot/lib/python3.8/site-packages:/home/yanji/robot_screwing/install/robot_msgs/lib/python3.8/site-packages:/home/yanji/robot_screwing/install/real_robot/lib/python3.8/site-packages:/home/yanji/robot_screwing/install/mj_sim/lib/python3.8/site-packages:/opt/ros/foxy/lib/python3.8/site-packages', 'HTTP_PROXY': 'http://127.0.0.1:7890/', 'LC_NUMERIC': 'en_US.UTF-8', 'CONDA_PREFIX': '/home/yanji/anaconda3/envs/screwrobot', 'LC_PAPER': 'en_US.UTF-8', 'COLCON': '1', 'VTE_VERSION': '6003', 'CMAKE_PREFIX_PATH': '/home/yanji/robot_screwing/install/screw_robot_control:/home/yanji/robot_screwing/install/robot_msgs'}, 'shell': False}
[0.500542] (-) TimerEvent: {}
[0.558887] (mj_sim) StdoutLine: {'line': b'running egg_info\n'}
[0.559120] (mj_sim) StdoutLine: {'line': b'writing ../../build/mj_sim/mj_sim.egg-info/PKG-INFO\n'}
[0.559262] (mj_sim) StdoutLine: {'line': b'writing dependency_links to ../../build/mj_sim/mj_sim.egg-info/dependency_links.txt\n'}
[0.559373] (mj_sim) StdoutLine: {'line': b'writing entry points to ../../build/mj_sim/mj_sim.egg-info/entry_points.txt\n'}
[0.559412] (mj_sim) StdoutLine: {'line': b'writing requirements to ../../build/mj_sim/mj_sim.egg-info/requires.txt\n'}
[0.559438] (mj_sim) StdoutLine: {'line': b'writing top-level names to ../../build/mj_sim/mj_sim.egg-info/top_level.txt\n'}
[0.560787] (real_robot) StdoutLine: {'line': b'running egg_info\n'}
[0.561046] (real_robot) StdoutLine: {'line': b'writing ../../build/real_robot/real_robot.egg-info/PKG-INFO\n'}
[0.561149] (real_robot) StdoutLine: {'line': b'writing dependency_links to ../../build/real_robot/real_robot.egg-info/dependency_links.txt\n'}
[0.561200] (real_robot) StdoutLine: {'line': b'writing entry points to ../../build/real_robot/real_robot.egg-info/entry_points.txt\n'}
[0.561232] (real_robot) StdoutLine: {'line': b'writing requirements to ../../build/real_robot/real_robot.egg-info/requires.txt\n'}
[0.561265] (real_robot) StdoutLine: {'line': b'writing top-level names to ../../build/real_robot/real_robot.egg-info/top_level.txt\n'}
[0.575218] (mj_sim) StdoutLine: {'line': b"reading manifest file '../../build/mj_sim/mj_sim.egg-info/SOURCES.txt'\n"}
[0.575667] (mj_sim) StdoutLine: {'line': b"writing manifest file '../../build/mj_sim/mj_sim.egg-info/SOURCES.txt'\n"}
[0.575734] (mj_sim) StdoutLine: {'line': b'running build\n'}
[0.575777] (mj_sim) StdoutLine: {'line': b'running build_py\n'}
[0.576289] (mj_sim) StdoutLine: {'line': b'running install\n'}
[0.576674] (mj_sim) StdoutLine: {'line': b'running install_lib\n'}
[0.576955] (real_robot) StdoutLine: {'line': b"reading manifest file '../../build/real_robot/real_robot.egg-info/SOURCES.txt'\n"}
[0.577418] (real_robot) StdoutLine: {'line': b"writing manifest file '../../build/real_robot/real_robot.egg-info/SOURCES.txt'\n"}
[0.577473] (real_robot) StdoutLine: {'line': b'running build\n'}
[0.577510] (real_robot) StdoutLine: {'line': b'running build_py\n'}
[0.577578] (real_robot) StdoutLine: {'line': b'running install\n'}
[0.577722] (mj_sim) StdoutLine: {'line': b'running install_data\n'}
[0.577789] (mj_sim) StdoutLine: {'line': b'running install_egg_info\n'}
[0.577951] (real_robot) StdoutLine: {'line': b'running install_lib\n'}
[0.578543] (real_robot) StdoutLine: {'line': b'running install_data\n'}
[0.578592] (mj_sim) StdoutLine: {'line': b"removing '/home/yanji/robot_screwing/install/mj_sim/lib/python3.8/site-packages/mj_sim-0.0.0-py3.8.egg-info' (and everything under it)\n"}
[0.578621] (real_robot) StdoutLine: {'line': b'running install_egg_info\n'}
[0.578736] (mj_sim) StdoutLine: {'line': b'Copying ../../build/mj_sim/mj_sim.egg-info to /home/yanji/robot_screwing/install/mj_sim/lib/python3.8/site-packages/mj_sim-0.0.0-py3.8.egg-info\n'}
[0.579018] (mj_sim) StdoutLine: {'line': b'running install_scripts\n'}
[0.579390] (real_robot) StdoutLine: {'line': b"removing '/home/yanji/robot_screwing/install/real_robot/lib/python3.8/site-packages/real_robot-0.0.0-py3.8.egg-info' (and everything under it)\n"}
[0.579526] (real_robot) StdoutLine: {'line': b'Copying ../../build/real_robot/real_robot.egg-info to /home/yanji/robot_screwing/install/real_robot/lib/python3.8/site-packages/real_robot-0.0.0-py3.8.egg-info\n'}
[0.579800] (real_robot) StdoutLine: {'line': b'running install_scripts\n'}
[0.586592] (mj_sim) StdoutLine: {'line': b'Installing mpc_node script to /home/yanji/robot_screwing/install/mj_sim/lib/mj_sim\n'}
[0.586679] (mj_sim) StdoutLine: {'line': b'Installing pose_mpc_node script to /home/yanji/robot_screwing/install/mj_sim/lib/mj_sim\n'}
[0.586715] (mj_sim) StdoutLine: {'line': b'Installing robot_sim_env script to /home/yanji/robot_screwing/install/mj_sim/lib/mj_sim\n'}
[0.586975] (mj_sim) StdoutLine: {'line': b"writing list of installed files to '/home/yanji/robot_screwing/build/mj_sim/install.log'\n"}
[0.587188] (real_robot) StdoutLine: {'line': b"writing list of installed files to '/home/yanji/robot_screwing/build/real_robot/install.log'\n"}
[0.597338] (mj_sim) CommandEnded: {'returncode': 0}
[0.600143] (mj_sim) JobEnded: {'identifier': 'mj_sim', 'rc': 0}
[0.600493] (real_robot) CommandEnded: {'returncode': 0}
[0.600659] (-) TimerEvent: {}
[0.602623] (real_robot) JobEnded: {'identifier': 'real_robot', 'rc': 0}
[0.700751] (-) TimerEvent: {}
[0.800942] (-) TimerEvent: {}
[0.901136] (-) TimerEvent: {}
[1.001334] (-) TimerEvent: {}
[1.101569] (-) TimerEvent: {}
[1.201865] (-) TimerEvent: {}
[1.302174] (-) TimerEvent: {}
[1.402533] (-) TimerEvent: {}
[1.502853] (-) TimerEvent: {}
[1.603118] (-) TimerEvent: {}
[1.703437] (-) TimerEvent: {}
[1.803661] (-) TimerEvent: {}
[1.903857] (-) TimerEvent: {}
[2.004086] (-) TimerEvent: {}
[2.104307] (-) TimerEvent: {}
[2.204572] (-) TimerEvent: {}
[2.304861] (-) TimerEvent: {}
[2.405212] (-) TimerEvent: {}
[2.505546] (-) TimerEvent: {}
[2.605833] (-) TimerEvent: {}
[2.706129] (-) TimerEvent: {}
[2.806427] (-) TimerEvent: {}
[2.906677] (-) TimerEvent: {}
[3.006953] (-) TimerEvent: {}
[3.107199] (-) TimerEvent: {}
[3.207491] (-) TimerEvent: {}
[3.307779] (-) TimerEvent: {}
[3.408114] (-) TimerEvent: {}
[3.508444] (-) TimerEvent: {}
[3.608728] (-) TimerEvent: {}
[3.709028] (-) TimerEvent: {}
[3.809278] (-) TimerEvent: {}
[3.909532] (-) TimerEvent: {}
[4.009814] (-) TimerEvent: {}
[4.110106] (-) TimerEvent: {}
[4.210394] (-) TimerEvent: {}
[4.310700] (-) TimerEvent: {}
[4.410997] (-) TimerEvent: {}
[4.511303] (-) TimerEvent: {}
[4.611636] (-) TimerEvent: {}
[4.711963] (-) TimerEvent: {}
[4.812356] (-) TimerEvent: {}
[4.912678] (-) TimerEvent: {}
[5.012960] (-) TimerEvent: {}
[5.113312] (-) TimerEvent: {}
[5.213611] (-) TimerEvent: {}
[5.313894] (-) TimerEvent: {}
[5.414196] (-) TimerEvent: {}
[5.514493] (-) TimerEvent: {}
[5.614792] (-) TimerEvent: {}
[5.715125] (-) TimerEvent: {}
[5.815577] (-) TimerEvent: {}
[5.916123] (-) TimerEvent: {}
[6.016467] (-) TimerEvent: {}
[6.116676] (-) TimerEvent: {}
[6.214869] (screw_robot_control) StdoutLine: {'line': b'[100%] \x1b[32m\x1b[1mLinking CXX executable right_arm_control_tcp\x1b[0m\n'}
[6.216800] (-) TimerEvent: {}
[6.317090] (-) TimerEvent: {}
[6.417374] (-) TimerEvent: {}
[6.437624] (screw_robot_control) StdoutLine: {'line': b'[100%] Built target right_arm_control_tcp\n'}
[6.442971] (screw_robot_control) CommandEnded: {'returncode': 0}
[6.444538] (screw_robot_control) JobProgress: {'identifier': 'screw_robot_control', 'progress': 'install'}
[6.444639] (screw_robot_control) Command: {'cmd': ['/usr/bin/cmake', '--install', '/home/yanji/robot_screwing/build/screw_robot_control'], 'cwd': '/home/yanji/robot_screwing/build/screw_robot_control', 'env': OrderedDict([('LESSOPEN', '| /usr/bin/lesspipe %s'), ('LIBRARY_PATH', '/home/yanji/jaka_python:/home/yanji/jaka_python::/usr/local/cuda/lib64:/usr/local/cuda/lib64'), ('CONDA_PROMPT_MODIFIER', '(screwrobot)'), ('HTTPS_PROXY', 'http://127.0.0.1:7890/'), ('no_proxy', 'localhost,127.0.0.0/8,::1'), ('LANGUAGE', 'zh_CN:en'), ('USER', 'yanji'), ('LC_TIME', 'en_US.UTF-8'), ('all_proxy', 'socks://127.0.0.1:7891/'), ('SSH_AGENT_PID', '2012'), ('XDG_SESSION_TYPE', 'x11'), ('GIT_ASKPASS', '/usr/share/code/resources/app/extensions/git/dist/askpass.sh'), ('SHLVL', '2'), ('LD_LIBRARY_PATH', '/home/yanji/robot_screwing/install/robot_msgs/lib:/lib/x86_64-linux-gnu:/usr/lib/x86_64-linux-gnu:/home/yanji/robot_screwing/install/screw_robot_control/lib:/opt/ros/foxy/opt/yaml_cpp_vendor/lib:/opt/ros/foxy/opt/rviz_ogre_vendor/lib:/opt/ros/foxy/lib/x86_64-linux-gnu:/opt/ros/foxy/lib:/lib/x86_64-linux-gnu:/usr/lib/x86_64-linux-gnu:/usr/local/cuda/lib64:/usr/local/cuda/lib64'), ('HOME', '/home/yanji'), ('CHROME_DESKTOP', 'code.desktop'), ('CONDA_SHLVL', '1'), ('TERM_PROGRAM_VERSION', '1.97.2'), ('DESKTOP_SESSION', 'ubuntu'), ('NO_PROXY', 'localhost,127.0.0.0/8,::1'), ('ROS_PYTHON_VERSION', '3'), ('GNOME_SHELL_SESSION_MODE', 'ubuntu'), ('GTK_MODULES', 'gail:atk-bridge'), ('XDG_SEAT_PATH', '/org/freedesktop/DisplayManager/Seat0'), ('VSCODE_GIT_ASKPASS_MAIN', '/usr/share/code/resources/app/extensions/git/dist/askpass-main.js'), ('LC_MONETARY', 'en_US.UTF-8'), ('VSCODE_GIT_ASKPASS_NODE', '/usr/share/code/code'), ('MANAGERPID', '1924'), ('PYDEVD_DISABLE_FILE_VALIDATION', '1'), ('BUNDLED_DEBUGPY_PATH', '/home/yanji/.vscode/extensions/ms-python.debugpy-2025.10.0-linux-x64/bundled/libs/debugpy'), ('DBUS_SESSION_BUS_ADDRESS', 'unix:path=/run/user/1000/bus'), ('COLORTERM', 'truecolor'), ('_CE_M', ''), ('IM_CONFIG_PHASE', '1'), ('https_proxy', 'http://127.0.0.1:7890/'), ('COLCON_PREFIX_PATH', '/home/yanji/robot_screwing/install'), ('ROS_DISTRO', 'foxy'), ('LOGNAME', 'yanji'), ('ALL_PROXY', 'socks://127.0.0.1:7891/'), ('http_proxy', 'http://127.0.0.1:7890/'), ('JOURNAL_STREAM', '8:55791'), ('_', '/usr/bin/colcon'), ('ROS_VERSION', '2'), ('XDG_SESSION_CLASS', 'user'), ('TERM', 'xterm-256color'), ('GNOME_DESKTOP_SESSION_ID', 'this-is-deprecated'), ('_CE_CONDA', ''), ('ROS_LOCALHOST_ONLY', '0'), ('PATH', '/home/yanji/anaconda3/envs/screwrobot/bin:/opt/ros/foxy/bin:/usr/lib/ccache:/home/yanji/anaconda3/envs/screwrobot/bin:/usr/lib/ccache:/home/yanji/anaconda3/condabin:/home/yanji/.local/bin:/usr/local/sbin:/usr/local/bin:/usr/sbin:/usr/bin:/sbin:/bin:/usr/games:/usr/local/games:/snap/bin:/usr/local/cuda/bin:/home/yanji/pycharm/bin:/home/yanji/.vscode/extensions/ms-python.debugpy-2025.10.0-linux-x64/bundled/scripts/noConfigScripts:/usr/local/cuda/bin:/home/yanji/pycharm/bin'), ('SESSION_MANAGER', 'local/yanji-server:@/tmp/.ICE-unix/2048,unix/yanji-server:/tmp/.ICE-unix/2048'), ('GDM_LANG', 'zh_CN'), ('INVOCATION_ID', '56f2ada9c7014da5ab0097972e3fd132'), ('PAPERSIZE', 'letter'), ('XDG_SESSION_PATH', '/org/freedesktop/DisplayManager/Session0'), ('XDG_MENU_PREFIX', 'gnome-'), ('LC_ADDRESS', 'en_US.UTF-8'), ('GNOME_TERMINAL_SCREEN', '/org/gnome/Terminal/screen/49554d2c_eb4f_44ca_a2b5_0e2061571014'), ('XDG_RUNTIME_DIR', '/run/user/1000'), ('GDK_BACKEND', 'x11'), ('DISPLAY', ':0'), ('VSCODE_DEBUGPY_ADAPTER_ENDPOINTS', '/home/yanji/.vscode/extensions/ms-python.debugpy-2025.10.0-linux-x64/.noConfigDebugAdapterEndpoints/endpoint-35e173d817dea6ca.txt'), ('LANG', 'zh_CN.UTF-8'), ('XDG_CURRENT_DESKTOP', 'Unity'), ('LC_TELEPHONE', 'en_US.UTF-8'), ('XMODIFIERS', '@im=ibus'), ('XDG_SESSION_DESKTOP', 'ubuntu'), ('XAUTHORITY', '/home/yanji/.Xauthority'), ('LS_COLORS', 'rs=0:di=01;34:ln=01;36:mh=00:pi=40;33:so=01;35:do=01;35:bd=40;33;01:cd=40;33;01:or=40;31;01:mi=00:su=37;41:sg=30;43:ca=30;41:tw=30;42:ow=34;42:st=37;44:ex=01;32:*.tar=01;31:*.tgz=01;31:*.arc=01;31:*.arj=01;31:*.taz=01;31:*.lha=01;31:*.lz4=01;31:*.lzh=01;31:*.lzma=01;31:*.tlz=01;31:*.txz=01;31:*.tzo=01;31:*.t7z=01;31:*.zip=01;31:*.z=01;31:*.dz=01;31:*.gz=01;31:*.lrz=01;31:*.lz=01;31:*.lzo=01;31:*.xz=01;31:*.zst=01;31:*.tzst=01;31:*.bz2=01;31:*.bz=01;31:*.tbz=01;31:*.tbz2=01;31:*.tz=01;31:*.deb=01;31:*.rpm=01;31:*.jar=01;31:*.war=01;31:*.ear=01;31:*.sar=01;31:*.rar=01;31:*.alz=01;31:*.ace=01;31:*.zoo=01;31:*.cpio=01;31:*.7z=01;31:*.rz=01;31:*.cab=01;31:*.wim=01;31:*.swm=01;31:*.dwm=01;31:*.esd=01;31:*.jpg=01;35:*.jpeg=01;35:*.mjpg=01;35:*.mjpeg=01;35:*.gif=01;35:*.bmp=01;35:*.pbm=01;35:*.pgm=01;35:*.ppm=01;35:*.tga=01;35:*.xbm=01;35:*.xpm=01;35:*.tif=01;35:*.tiff=01;35:*.png=01;35:*.svg=01;35:*.svgz=01;35:*.mng=01;35:*.pcx=01;35:*.mov=01;35:*.mpg=01;35:*.mpeg=01;35:*.m2v=01;35:*.mkv=01;35:*.webm=01;35:*.ogm=01;35:*.mp4=01;35:*.m4v=01;35:*.mp4v=01;35:*.vob=01;35:*.qt=01;35:*.nuv=01;35:*.wmv=01;35:*.asf=01;35:*.rm=01;35:*.rmvb=01;35:*.flc=01;35:*.avi=01;35:*.fli=01;35:*.flv=01;35:*.gl=01;35:*.dl=01;35:*.xcf=01;35:*.xwd=01;35:*.yuv=01;35:*.cgm=01;35:*.emf=01;35:*.ogv=01;35:*.ogx=01;35:*.aac=00;36:*.au=00;36:*.flac=00;36:*.m4a=00;36:*.mid=00;36:*.midi=00;36:*.mka=00;36:*.mp3=00;36:*.mpc=00;36:*.ogg=00;36:*.ra=00;36:*.wav=00;36:*.oga=00;36:*.opus=00;36:*.spx=00;36:*.xspf=00;36:'), ('VSCODE_GIT_IPC_HANDLE', '/run/user/1000/vscode-git-51992ed709.sock'), ('GNOME_TERMINAL_SERVICE', ':1.87'), ('TERM_PROGRAM', 'vscode'), ('SSH_AUTH_SOCK', '/run/user/1000/keyring/ssh'), ('XDG_GREETER_DATA_DIR', '/var/lib/lightdm-data/yanji'), ('AMENT_PREFIX_PATH', '/home/yanji/robot_screwing/install/screw_robot_control:/home/yanji/robot_screwing/install/robot_msgs:/home/yanji/robot_screwing/install/real_robot:/home/yanji/robot_screwing/install/mj_sim:/opt/ros/foxy'), ('CONDA_PYTHON_EXE', '/home/yanji/anaconda3/bin/python'), ('ORIGINAL_XDG_CURRENT_DESKTOP', 'ubuntu:GNOME'), ('SHELL', '/bin/bash'), ('LC_NAME', 'en_US.UTF-8'), ('QT_ACCESSIBILITY', '1'), ('GDMSESSION', 'ubuntu'), ('LESSCLOSE', '/usr/bin/lesspipe %s %s'), ('CONDA_DEFAULT_ENV', 'screwrobot'), ('LC_MEASUREMENT', 'en_US.UTF-8'), ('GPG_AGENT_INFO', '/run/user/1000/gnupg/S.gpg-agent:0:1'), ('LC_IDENTIFICATION', 'en_US.UTF-8'), ('VSCODE_GIT_ASKPASS_EXTRA_ARGS', ''), ('QT_IM_MODULE', 'ibus'), ('PWD', '/home/yanji/robot_screwing/build/screw_robot_control'), ('LC_ALL', 'en_US.UTF-8'), ('XDG_CONFIG_DIRS', '/etc/xdg/xdg-ubuntu:/etc/xdg'), ('CONDA_EXE', '/home/yanji/anaconda3/bin/conda'), ('XDG_DATA_DIRS', '/usr/share/ubuntu:/home/yanji/.local/share/flatpak/exports/share:/var/lib/flatpak/exports/share:/usr/local/share:/usr/share:/var/lib/snapd/desktop'), ('PYTHONPATH', '/home/yanji/robot_screwing/install/robot_msgs/lib/python3.8/site-packages:/home/yanji/robot_screwing/install/real_robot/lib/python3.8/site-packages:/home/yanji/robot_screwing/install/mj_sim/lib/python3.8/site-packages:/opt/ros/foxy/lib/python3.8/site-packages'), ('HTTP_PROXY', 'http://127.0.0.1:7890/'), ('LC_NUMERIC', 'en_US.UTF-8'), ('CONDA_PREFIX', '/home/yanji/anaconda3/envs/screwrobot'), ('LC_PAPER', 'en_US.UTF-8'), ('COLCON', '1'), ('VTE_VERSION', '6003'), ('CMAKE_PREFIX_PATH', '/home/yanji/robot_screwing/install/robot_msgs:/home/yanji/robot_screwing/install/screw_robot_control:/home/yanji/robot_screwing/install/real_robot:/home/yanji/robot_screwing/install/mj_sim:/opt/ros/foxy')]), 'shell': False}
[6.447167] (screw_robot_control) StdoutLine: {'line': b'-- Install configuration: ""\n'}
[6.447272] (screw_robot_control) StdoutLine: {'line': b'-- Up-to-date: /home/yanji/robot_screwing/install/screw_robot_control/lib/libSERVO_MOTOR.so\n'}
[6.447403] (screw_robot_control) StdoutLine: {'line': b'-- Up-to-date: /home/yanji/robot_screwing/install/screw_robot_control/lib/libSCREWING_TOOL.so\n'}
[6.447557] (screw_robot_control) StdoutLine: {'line': b'-- Up-to-date: /home/yanji/robot_screwing/install/screw_robot_control/lib/screw_robot_control/right_arm_control\n'}
[6.447699] (screw_robot_control) StdoutLine: {'line': b'-- Up-to-date: /home/yanji/robot_screwing/install/screw_robot_control/lib/screw_robot_control/task_control_screw\n'}
[6.447844] (screw_robot_control) StdoutLine: {'line': b'-- Installing: /home/yanji/robot_screwing/install/screw_robot_control/lib/screw_robot_control/right_arm_control_tcp\n'}
[6.450305] (screw_robot_control) StdoutLine: {'line': b'-- Set runtime path of "/home/yanji/robot_screwing/install/screw_robot_control/lib/screw_robot_control/right_arm_control_tcp" to ""\n'}
[6.450350] (screw_robot_control) StdoutLine: {'line': b'-- Up-to-date: /home/yanji/robot_screwing/install/screw_robot_control/lib/libjakaAPI.so\n'}
[6.450396] (screw_robot_control) StdoutLine: {'line': b'-- Up-to-date: /home/yanji/robot_screwing/install/screw_robot_control/lib/libdxl_x64_cpp.so\n'}
[6.450455] (screw_robot_control) StdoutLine: {'line': b'-- Up-to-date: /home/yanji/robot_screwing/install/screw_robot_control/include\n'}
[6.450504] (screw_robot_control) StdoutLine: {'line': b'-- Up-to-date: /home/yanji/robot_screwing/install/screw_robot_control/include/screw_robot_control\n'}
[6.450561] (screw_robot_control) StdoutLine: {'line': b'-- Up-to-date: /home/yanji/robot_screwing/install/screw_robot_control/include/screw_robot_control/dynamixel\n'}
[6.450598] (screw_robot_control) StdoutLine: {'line': b'-- Up-to-date: /home/yanji/robot_screwing/install/screw_robot_control/include/screw_robot_control/dynamixel/dynamixel_sdk.h\n'}
[6.450630] (screw_robot_control) StdoutLine: {'line': b'-- Up-to-date: /home/yanji/robot_screwing/install/screw_robot_control/include/screw_robot_control/dynamixel/port_handler.h\n'}
[6.450661] (screw_robot_control) StdoutLine: {'line': b'-- Up-to-date: /home/yanji/robot_screwing/install/screw_robot_control/include/screw_robot_control/dynamixel/packet_handler.h\n'}
[6.450691] (screw_robot_control) StdoutLine: {'line': b'-- Up-to-date: /home/yanji/robot_screwing/install/screw_robot_control/include/screw_robot_control/dynamixel/group_bulk_read.h\n'}
[6.450727] (screw_robot_control) StdoutLine: {'line': b'-- Up-to-date: /home/yanji/robot_screwing/install/screw_robot_control/include/screw_robot_control/dynamixel/protocol1_packet_handler.h\n'}
[6.450764] (screw_robot_control) StdoutLine: {'line': b'-- Up-to-date: /home/yanji/robot_screwing/install/screw_robot_control/include/screw_robot_control/dynamixel/port_handler_arduino.h\n'}
[6.450802] (screw_robot_control) StdoutLine: {'line': b'-- Up-to-date: /home/yanji/robot_screwing/install/screw_robot_control/include/screw_robot_control/dynamixel/group_sync_write.h\n'}
[6.450835] (screw_robot_control) StdoutLine: {'line': b'-- Up-to-date: /home/yanji/robot_screwing/install/screw_robot_control/include/screw_robot_control/dynamixel/port_handler_linux.h\n'}
[6.450867] (screw_robot_control) StdoutLine: {'line': b'-- Up-to-date: /home/yanji/robot_screwing/install/screw_robot_control/include/screw_robot_control/dynamixel/port_handler_windows.h\n'}
[6.450891] (screw_robot_control) StdoutLine: {'line': b'-- Up-to-date: /home/yanji/robot_screwing/install/screw_robot_control/include/screw_robot_control/dynamixel/protocol2_packet_handler.h\n'}
[6.450920] (screw_robot_control) StdoutLine: {'line': b'-- Up-to-date: /home/yanji/robot_screwing/install/screw_robot_control/include/screw_robot_control/dynamixel/port_handler_mac.h\n'}
[6.450956] (screw_robot_control) StdoutLine: {'line': b'-- Up-to-date: /home/yanji/robot_screwing/install/screw_robot_control/include/screw_robot_control/dynamixel/group_sync_read.h\n'}
[6.450987] (screw_robot_control) StdoutLine: {'line': b'-- Up-to-date: /home/yanji/robot_screwing/install/screw_robot_control/include/screw_robot_control/dynamixel/group_bulk_write.h\n'}
[6.451012] (screw_robot_control) StdoutLine: {'line': b'-- Up-to-date: /home/yanji/robot_screwing/install/screw_robot_control/include/screw_robot_control/jaka\n'}
[6.451036] (screw_robot_control) StdoutLine: {'line': b'-- Up-to-date: /home/yanji/robot_screwing/install/screw_robot_control/include/screw_robot_control/jaka/right_arm_control.hpp\n'}
[6.451059] (screw_robot_control) StdoutLine: {'line': b'-- Up-to-date: /home/yanji/robot_screwing/install/screw_robot_control/include/screw_robot_control/jaka/servo_motor_function.hpp\n'}
[6.451083] (screw_robot_control) StdoutLine: {'line': b'-- Up-to-date: /home/yanji/robot_screwing/install/screw_robot_control/include/screw_robot_control/jaka/JAKAZuRobot.h\n'}
[6.451105] (screw_robot_control) StdoutLine: {'line': b'-- Up-to-date: /home/yanji/robot_screwing/install/screw_robot_control/include/screw_robot_control/jaka/jktypes.h\n'}
[6.451128] (screw_robot_control) StdoutLine: {'line': b'-- Up-to-date: /home/yanji/robot_screwing/install/screw_robot_control/include/screw_robot_control/jaka/task_control_screw.hpp\n'}
[6.451151] (screw_robot_control) StdoutLine: {'line': b'-- Up-to-date: /home/yanji/robot_screwing/install/screw_robot_control/include/screw_robot_control/jaka/jkerr.h\n'}
[6.451175] (screw_robot_control) StdoutLine: {'line': b'-- Up-to-date: /home/yanji/robot_screwing/install/screw_robot_control/include/screw_robot_control/jaka/right_arm_control_tcp.hpp\n'}
[6.451201] (screw_robot_control) StdoutLine: {'line': b'-- Up-to-date: /home/yanji/robot_screwing/install/screw_robot_control/include/screw_robot_control/jaka/screwing_tool.hpp\n'}
[6.451224] (screw_robot_control) StdoutLine: {'line': b'-- Up-to-date: /home/yanji/robot_screwing/install/screw_robot_control/share/screw_robot_control/launch\n'}
[6.451246] (screw_robot_control) StdoutLine: {'line': b'-- Up-to-date: /home/yanji/robot_screwing/install/screw_robot_control/share/screw_robot_control/launch/server_mpc.launch.py\n'}
[6.451278] (screw_robot_control) StdoutLine: {'line': b'-- Up-to-date: /home/yanji/robot_screwing/install/screw_robot_control/share/ament_index/resource_index/package_run_dependencies/screw_robot_control\n'}
[6.451303] (screw_robot_control) StdoutLine: {'line': b'-- Up-to-date: /home/yanji/robot_screwing/install/screw_robot_control/share/ament_index/resource_index/parent_prefix_path/screw_robot_control\n'}
[6.451325] (screw_robot_control) StdoutLine: {'line': b'-- Up-to-date: /home/yanji/robot_screwing/install/screw_robot_control/share/screw_robot_control/environment/ament_prefix_path.sh\n'}
[6.451348] (screw_robot_control) StdoutLine: {'line': b'-- Up-to-date: /home/yanji/robot_screwing/install/screw_robot_control/share/screw_robot_control/environment/ament_prefix_path.dsv\n'}
[6.451370] (screw_robot_control) StdoutLine: {'line': b'-- Up-to-date: /home/yanji/robot_screwing/install/screw_robot_control/share/screw_robot_control/environment/path.sh\n'}
[6.451450] (screw_robot_control) StdoutLine: {'line': b'-- Up-to-date: /home/yanji/robot_screwing/install/screw_robot_control/share/screw_robot_control/environment/path.dsv\n'}
[6.451569] (screw_robot_control) StdoutLine: {'line': b'-- Up-to-date: /home/yanji/robot_screwing/install/screw_robot_control/share/screw_robot_control/local_setup.bash\n'}
[6.452033] (screw_robot_control) StdoutLine: {'line': b'-- Up-to-date: /home/yanji/robot_screwing/install/screw_robot_control/share/screw_robot_control/local_setup.sh\n'}
[6.452101] (screw_robot_control) StdoutLine: {'line': b'-- Up-to-date: /home/yanji/robot_screwing/install/screw_robot_control/share/screw_robot_control/local_setup.zsh\n'}
[6.452154] (screw_robot_control) StdoutLine: {'line': b'-- Up-to-date: /home/yanji/robot_screwing/install/screw_robot_control/share/screw_robot_control/local_setup.dsv\n'}
[6.452210] (screw_robot_control) StdoutLine: {'line': b'-- Installing: /home/yanji/robot_screwing/install/screw_robot_control/share/screw_robot_control/package.dsv\n'}
[6.452305] (screw_robot_control) StdoutLine: {'line': b'-- Up-to-date: /home/yanji/robot_screwing/install/screw_robot_control/share/ament_index/resource_index/packages/screw_robot_control\n'}
[6.452378] (screw_robot_control) StdoutLine: {'line': b'-- Up-to-date: /home/yanji/robot_screwing/install/screw_robot_control/share/screw_robot_control/cmake/screw_robot_controlConfig.cmake\n'}
[6.452426] (screw_robot_control) StdoutLine: {'line': b'-- Up-to-date: /home/yanji/robot_screwing/install/screw_robot_control/share/screw_robot_control/cmake/screw_robot_controlConfig-version.cmake\n'}
[6.452474] (screw_robot_control) StdoutLine: {'line': b'-- Up-to-date: /home/yanji/robot_screwing/install/screw_robot_control/share/screw_robot_control/package.xml\n'}
[6.452513] (screw_robot_control) CommandEnded: {'returncode': 0}
[6.458061] (screw_robot_control) JobEnded: {'identifier': 'screw_robot_control', 'rc': 0}
[6.458426] (-) EventReactorShutdown: {}
