[0.000000] (-) TimerEvent: {}
[0.000085] (mj_sim) JobQueued: {'identifier': 'mj_sim', 'dependencies': OrderedDict()}
[0.000141] (real_robot) JobQueued: {'identifier': 'real_robot', 'dependencies': OrderedDict()}
[0.000244] (robot_msgs) JobQueued: {'identifier': 'robot_msgs', 'dependencies': OrderedDict()}
[0.000301] (screw_robot_control) JobQueued: {'identifier': 'screw_robot_control', 'dependencies': OrderedDict([('robot_msgs', '/home/yanji/robot_screwing/install/robot_msgs')])}
[0.000347] (robot_msgs) JobStarted: {'identifier': 'robot_msgs'}
[0.003495] (mj_sim) JobStarted: {'identifier': 'mj_sim'}
[0.006583] (real_robot) JobStarted: {'identifier': 'real_robot'}
[0.010364] (robot_msgs) JobProgress: {'identifier': 'robot_msgs', 'progress': 'cmake'}
[0.010649] (robot_msgs) JobProgress: {'identifier': 'robot_msgs', 'progress': 'build'}
[0.010926] (robot_msgs) Command: {'cmd': ['/usr/bin/cmake', '--build', '/home/yanji/robot_screwing/build/robot_msgs', '--', '-j24', '-l24'], 'cwd': '/home/yanji/robot_screwing/build/robot_msgs', 'env': OrderedDict([('LESSOPEN', '| /usr/bin/lesspipe %s'), ('LIBRARY_PATH', '/home/yanji/jaka_python:/home/yanji/jaka_python::/usr/local/cuda/lib64:/usr/local/cuda/lib64'), ('CONDA_PROMPT_MODIFIER', '(screwrobot)'), ('HTTPS_PROXY', 'http://127.0.0.1:7890/'), ('no_proxy', 'localhost,127.0.0.0/8,::1'), ('LANGUAGE', 'zh_CN:en'), ('USER', 'yanji'), ('LC_TIME', 'en_US.UTF-8'), ('all_proxy', 'socks://127.0.0.1:7891/'), ('SSH_AGENT_PID', '1993'), ('XDG_SESSION_TYPE', 'x11'), ('GIT_ASKPASS', '/usr/share/code/resources/app/extensions/git/dist/askpass.sh'), ('SHLVL', '2'), ('LD_LIBRARY_PATH', '/lib/x86_64-linux-gnu:/usr/lib/x86_64-linux-gnu:/home/yanji/robot_screwing/install/screw_robot_control/lib:/home/yanji/robot_screwing/install/robot_msgs/lib:/opt/ros/foxy/opt/yaml_cpp_vendor/lib:/opt/ros/foxy/opt/rviz_ogre_vendor/lib:/opt/ros/foxy/lib/x86_64-linux-gnu:/opt/ros/foxy/lib:/lib/x86_64-linux-gnu:/usr/lib/x86_64-linux-gnu::/usr/local/cuda/lib64:/usr/local/cuda/lib64'), ('HOME', '/home/yanji'), ('CHROME_DESKTOP', 'code.desktop'), ('CONDA_SHLVL', '1'), ('TERM_PROGRAM_VERSION', '1.97.2'), ('DESKTOP_SESSION', 'ubuntu'), ('NO_PROXY', 'localhost,127.0.0.0/8,::1'), ('ROS_PYTHON_VERSION', '3'), ('GNOME_SHELL_SESSION_MODE', 'ubuntu'), ('GTK_MODULES', 'gail:atk-bridge'), ('XDG_SEAT_PATH', '/org/freedesktop/DisplayManager/Seat0'), ('VSCODE_GIT_ASKPASS_MAIN', '/usr/share/code/resources/app/extensions/git/dist/askpass-main.js'), ('PS1', '\\[\x1b]633;A\x07\\](screwrobot) \\[\\e]0;\\u@\\h: \\w\\a\\]${debian_chroot:+($debian_chroot)}\\[\\033[01;32m\\]\\u@\\h\\[\\033[00m\\]:\\[\\033[01;34m\\]\\w\\[\\033[00m\\]\\$ \\[\x1b]633;B\x07\\]'), ('LC_MONETARY', 'en_US.UTF-8'), ('VSCODE_GIT_ASKPASS_NODE', '/usr/share/code/code'), ('MANAGERPID', '1903'), ('PYDEVD_DISABLE_FILE_VALIDATION', '1'), ('BUNDLED_DEBUGPY_PATH', '/home/yanji/.vscode/extensions/ms-python.debugpy-2025.8.0-linux-x64/bundled/libs/debugpy'), ('DBUS_SESSION_BUS_ADDRESS', 'unix:path=/run/user/1000/bus'), ('COLORTERM', 'truecolor'), ('_CE_M', ''), ('IM_CONFIG_PHASE', '1'), ('https_proxy', 'http://127.0.0.1:7890/'), ('COLCON_PREFIX_PATH', '/home/yanji/robot_screwing/install'), ('ROS_DISTRO', 'foxy'), ('LOGNAME', 'yanji'), ('CONDA_ROOT', '/home/yanji/anaconda3'), ('ALL_PROXY', 'socks://127.0.0.1:7891/'), ('http_proxy', 'http://127.0.0.1:7890/'), ('JOURNAL_STREAM', '8:53881'), ('_', '/usr/bin/colcon'), ('ROS_VERSION', '2'), ('XDG_SESSION_CLASS', 'user'), ('TERM', 'xterm-256color'), ('GNOME_DESKTOP_SESSION_ID', 'this-is-deprecated'), ('_CE_CONDA', ''), ('ROS_LOCALHOST_ONLY', '0'), ('PATH', '/home/yanji/anaconda3/envs/screwrobot/bin:/opt/ros/foxy/bin:/usr/lib/ccache:/home/yanji/anaconda3/condabin:/home/yanji/.local/bin:/usr/local/sbin:/usr/local/bin:/usr/sbin:/usr/bin:/sbin:/bin:/usr/games:/usr/local/games:/snap/bin:/usr/local/cuda/bin:/home/yanji/pycharm/bin:/opt/ros/foxy/bin:/usr/lib/ccache:/home/yanji/anaconda3/envs/screwrobot/bin:/usr/lib/ccache:/home/yanji/anaconda3/condabin:/home/yanji/.local/bin:/usr/local/sbin:/usr/local/bin:/usr/sbin:/usr/bin:/sbin:/bin:/usr/games:/usr/local/games:/snap/bin:/usr/local/cuda/bin:/home/yanji/pycharm/bin:/home/yanji/anaconda3/envs/screwrobot/bin:/usr/lib/ccache:/home/yanji/anaconda3/condabin:/home/yanji/.local/bin:/usr/local/sbin:/usr/local/bin:/usr/sbin:/usr/bin:/sbin:/bin:/usr/games:/usr/local/games:/snap/bin:/usr/local/cuda/bin:/home/yanji/pycharm/bin/:/usr/local/cuda/bin:/home/yanji/pycharm/bin/'), ('SESSION_MANAGER', 'local/yanji-server:@/tmp/.ICE-unix/2030,unix/yanji-server:/tmp/.ICE-unix/2030'), ('GDM_LANG', 'zh_CN'), ('INVOCATION_ID', '1a73730a848f4039820fc51d943cdeaf'), ('PAPERSIZE', 'letter'), ('XDG_SESSION_PATH', '/org/freedesktop/DisplayManager/Session0'), ('XDG_MENU_PREFIX', 'gnome-'), ('LC_ADDRESS', 'en_US.UTF-8'), ('GNOME_TERMINAL_SCREEN', '/org/gnome/Terminal/screen/0f059cac_bf80_4e58_bb36_632a4875c5b5'), ('XDG_RUNTIME_DIR', '/run/user/1000'), ('GDK_BACKEND', 'x11'), ('DISPLAY', ':0'), ('VSCODE_DEBUGPY_ADAPTER_ENDPOINTS', '/home/yanji/.vscode/extensions/ms-python.debugpy-2025.8.0-linux-x64/.noConfigDebugAdapterEndpoints/endpoint-35e173d817dea6ca.txt'), ('LANG', 'zh_CN.UTF-8'), ('XDG_CURRENT_DESKTOP', 'Unity'), ('LC_TELEPHONE', 'en_US.UTF-8'), ('XMODIFIERS', '@im=ibus'), ('XDG_SESSION_DESKTOP', 'ubuntu'), ('XAUTHORITY', '/home/yanji/.Xauthority'), ('LS_COLORS', 'rs=0:di=01;34:ln=01;36:mh=00:pi=40;33:so=01;35:do=01;35:bd=40;33;01:cd=40;33;01:or=40;31;01:mi=00:su=37;41:sg=30;43:ca=30;41:tw=30;42:ow=34;42:st=37;44:ex=01;32:*.tar=01;31:*.tgz=01;31:*.arc=01;31:*.arj=01;31:*.taz=01;31:*.lha=01;31:*.lz4=01;31:*.lzh=01;31:*.lzma=01;31:*.tlz=01;31:*.txz=01;31:*.tzo=01;31:*.t7z=01;31:*.zip=01;31:*.z=01;31:*.dz=01;31:*.gz=01;31:*.lrz=01;31:*.lz=01;31:*.lzo=01;31:*.xz=01;31:*.zst=01;31:*.tzst=01;31:*.bz2=01;31:*.bz=01;31:*.tbz=01;31:*.tbz2=01;31:*.tz=01;31:*.deb=01;31:*.rpm=01;31:*.jar=01;31:*.war=01;31:*.ear=01;31:*.sar=01;31:*.rar=01;31:*.alz=01;31:*.ace=01;31:*.zoo=01;31:*.cpio=01;31:*.7z=01;31:*.rz=01;31:*.cab=01;31:*.wim=01;31:*.swm=01;31:*.dwm=01;31:*.esd=01;31:*.jpg=01;35:*.jpeg=01;35:*.mjpg=01;35:*.mjpeg=01;35:*.gif=01;35:*.bmp=01;35:*.pbm=01;35:*.pgm=01;35:*.ppm=01;35:*.tga=01;35:*.xbm=01;35:*.xpm=01;35:*.tif=01;35:*.tiff=01;35:*.png=01;35:*.svg=01;35:*.svgz=01;35:*.mng=01;35:*.pcx=01;35:*.mov=01;35:*.mpg=01;35:*.mpeg=01;35:*.m2v=01;35:*.mkv=01;35:*.webm=01;35:*.ogm=01;35:*.mp4=01;35:*.m4v=01;35:*.mp4v=01;35:*.vob=01;35:*.qt=01;35:*.nuv=01;35:*.wmv=01;35:*.asf=01;35:*.rm=01;35:*.rmvb=01;35:*.flc=01;35:*.avi=01;35:*.fli=01;35:*.flv=01;35:*.gl=01;35:*.dl=01;35:*.xcf=01;35:*.xwd=01;35:*.yuv=01;35:*.cgm=01;35:*.emf=01;35:*.ogv=01;35:*.ogx=01;35:*.aac=00;36:*.au=00;36:*.flac=00;36:*.m4a=00;36:*.mid=00;36:*.midi=00;36:*.mka=00;36:*.mp3=00;36:*.mpc=00;36:*.ogg=00;36:*.ra=00;36:*.wav=00;36:*.oga=00;36:*.opus=00;36:*.spx=00;36:*.xspf=00;36:'), ('VSCODE_GIT_IPC_HANDLE', '/run/user/1000/vscode-git-51992ed709.sock'), ('GNOME_TERMINAL_SERVICE', ':1.81'), ('TERM_PROGRAM', 'vscode'), ('SSH_AUTH_SOCK', '/run/user/1000/keyring/ssh'), ('XDG_GREETER_DATA_DIR', '/var/lib/lightdm-data/yanji'), ('AMENT_PREFIX_PATH', '/home/yanji/robot_screwing/install/screw_robot_control:/home/yanji/robot_screwing/install/robot_msgs:/home/yanji/robot_screwing/install/real_robot:/home/yanji/robot_screwing/install/mj_sim:/opt/ros/foxy'), ('CONDA_PYTHON_EXE', '/home/yanji/anaconda3/bin/python'), ('ORIGINAL_XDG_CURRENT_DESKTOP', 'ubuntu:GNOME'), ('SHELL', '/bin/bash'), ('LC_NAME', 'en_US.UTF-8'), ('QT_ACCESSIBILITY', '1'), ('GDMSESSION', 'ubuntu'), ('LESSCLOSE', '/usr/bin/lesspipe %s %s'), ('CONDA_DEFAULT_ENV', 'screwrobot'), ('LC_MEASUREMENT', 'en_US.UTF-8'), ('GPG_AGENT_INFO', '/run/user/1000/gnupg/S.gpg-agent:0:1'), ('LC_IDENTIFICATION', 'en_US.UTF-8'), ('VSCODE_GIT_ASKPASS_EXTRA_ARGS', ''), ('QT_IM_MODULE', 'ibus'), ('PWD', '/home/yanji/robot_screwing/build/robot_msgs'), ('LC_ALL', 'en_US.UTF-8'), ('XDG_CONFIG_DIRS', '/etc/xdg/xdg-ubuntu:/etc/xdg'), ('CONDA_EXE', '/home/yanji/anaconda3/bin/conda'), ('XDG_DATA_DIRS', '/usr/share/ubuntu:/home/yanji/.local/share/flatpak/exports/share:/var/lib/flatpak/exports/share:/usr/local/share:/usr/share:/var/lib/snapd/desktop'), ('PYTHONPATH', '/home/yanji/robot_screwing/install/robot_msgs/lib/python3.8/site-packages:/home/yanji/robot_screwing/install/real_robot/lib/python3.8/site-packages:/home/yanji/robot_screwing/install/mj_sim/lib/python3.8/site-packages:/opt/ros/foxy/lib/python3.8/site-packages'), ('HTTP_PROXY', 'http://127.0.0.1:7890/'), ('LC_NUMERIC', 'en_US.UTF-8'), ('CONDA_PREFIX', '/home/yanji/anaconda3/envs/screwrobot'), ('LC_PAPER', 'en_US.UTF-8'), ('COLCON', '1'), ('VTE_VERSION', '6003'), ('CMAKE_PREFIX_PATH', '/home/yanji/robot_screwing/install/screw_robot_control:/home/yanji/robot_screwing/install/robot_msgs:/home/yanji/robot_screwing/install/real_robot:/home/yanji/robot_screwing/install/mj_sim:/opt/ros/foxy')]), 'shell': False}
[0.099969] (-) TimerEvent: {}
[0.200220] (-) TimerEvent: {}
[0.234403] (robot_msgs) StdoutLine: {'line': b'[  1%] Built target robot_msgs__cpp\n'}
[0.234710] (robot_msgs) StdoutLine: {'line': b'[ 12%] Built target robot_msgs__rosidl_generator_c\n'}
[0.234888] (robot_msgs) StdoutLine: {'line': b'[ 24%] Built target robot_msgs__rosidl_typesupport_cpp\n'}
[0.235215] (robot_msgs) StdoutLine: {'line': b'[ 35%] Built target robot_msgs__rosidl_typesupport_introspection_cpp\n'}
[0.235264] (robot_msgs) StdoutLine: {'line': b'[ 47%] Built target robot_msgs__rosidl_typesupport_c\n'}
[0.235320] (robot_msgs) StdoutLine: {'line': b'[ 58%] Built target robot_msgs__rosidl_typesupport_introspection_c\n'}
[0.235407] (robot_msgs) StdoutLine: {'line': b'[ 70%] Built target robot_msgs__rosidl_typesupport_fastrtps_cpp\n'}
[0.235455] (robot_msgs) StdoutLine: {'line': b'[ 81%] Built target robot_msgs__rosidl_typesupport_fastrtps_c\n'}
[0.235544] (robot_msgs) StdoutLine: {'line': b'[ 81%] Built target robot_msgs\n'}
[0.236127] (robot_msgs) StdoutLine: {'line': b'[ 82%] Built target robot_msgs__py\n'}
[0.236184] (robot_msgs) StdoutLine: {'line': b'[ 93%] Built target robot_msgs__python\n'}
[0.236210] (robot_msgs) StdoutLine: {'line': b'[ 95%] Built target robot_msgs__rosidl_typesupport_c__pyext\n'}
[0.236255] (robot_msgs) StdoutLine: {'line': b'[ 97%] Built target robot_msgs__rosidl_typesupport_introspection_c__pyext\n'}
[0.236285] (robot_msgs) StdoutLine: {'line': b'[100%] Built target robot_msgs__rosidl_typesupport_fastrtps_c__pyext\n'}
[0.236314] (robot_msgs) CommandEnded: {'returncode': 0}
[0.236544] (robot_msgs) JobProgress: {'identifier': 'robot_msgs', 'progress': 'install'}
[0.240061] (robot_msgs) Command: {'cmd': ['/usr/bin/cmake', '--install', '/home/yanji/robot_screwing/build/robot_msgs'], 'cwd': '/home/yanji/robot_screwing/build/robot_msgs', 'env': OrderedDict([('LESSOPEN', '| /usr/bin/lesspipe %s'), ('LIBRARY_PATH', '/home/yanji/jaka_python:/home/yanji/jaka_python::/usr/local/cuda/lib64:/usr/local/cuda/lib64'), ('CONDA_PROMPT_MODIFIER', '(screwrobot)'), ('HTTPS_PROXY', 'http://127.0.0.1:7890/'), ('no_proxy', 'localhost,127.0.0.0/8,::1'), ('LANGUAGE', 'zh_CN:en'), ('USER', 'yanji'), ('LC_TIME', 'en_US.UTF-8'), ('all_proxy', 'socks://127.0.0.1:7891/'), ('SSH_AGENT_PID', '1993'), ('XDG_SESSION_TYPE', 'x11'), ('GIT_ASKPASS', '/usr/share/code/resources/app/extensions/git/dist/askpass.sh'), ('SHLVL', '2'), ('LD_LIBRARY_PATH', '/lib/x86_64-linux-gnu:/usr/lib/x86_64-linux-gnu:/home/yanji/robot_screwing/install/screw_robot_control/lib:/home/yanji/robot_screwing/install/robot_msgs/lib:/opt/ros/foxy/opt/yaml_cpp_vendor/lib:/opt/ros/foxy/opt/rviz_ogre_vendor/lib:/opt/ros/foxy/lib/x86_64-linux-gnu:/opt/ros/foxy/lib:/lib/x86_64-linux-gnu:/usr/lib/x86_64-linux-gnu::/usr/local/cuda/lib64:/usr/local/cuda/lib64'), ('HOME', '/home/yanji'), ('CHROME_DESKTOP', 'code.desktop'), ('CONDA_SHLVL', '1'), ('TERM_PROGRAM_VERSION', '1.97.2'), ('DESKTOP_SESSION', 'ubuntu'), ('NO_PROXY', 'localhost,127.0.0.0/8,::1'), ('ROS_PYTHON_VERSION', '3'), ('GNOME_SHELL_SESSION_MODE', 'ubuntu'), ('GTK_MODULES', 'gail:atk-bridge'), ('XDG_SEAT_PATH', '/org/freedesktop/DisplayManager/Seat0'), ('VSCODE_GIT_ASKPASS_MAIN', '/usr/share/code/resources/app/extensions/git/dist/askpass-main.js'), ('PS1', '\\[\x1b]633;A\x07\\](screwrobot) \\[\\e]0;\\u@\\h: \\w\\a\\]${debian_chroot:+($debian_chroot)}\\[\\033[01;32m\\]\\u@\\h\\[\\033[00m\\]:\\[\\033[01;34m\\]\\w\\[\\033[00m\\]\\$ \\[\x1b]633;B\x07\\]'), ('LC_MONETARY', 'en_US.UTF-8'), ('VSCODE_GIT_ASKPASS_NODE', '/usr/share/code/code'), ('MANAGERPID', '1903'), ('PYDEVD_DISABLE_FILE_VALIDATION', '1'), ('BUNDLED_DEBUGPY_PATH', '/home/yanji/.vscode/extensions/ms-python.debugpy-2025.8.0-linux-x64/bundled/libs/debugpy'), ('DBUS_SESSION_BUS_ADDRESS', 'unix:path=/run/user/1000/bus'), ('COLORTERM', 'truecolor'), ('_CE_M', ''), ('IM_CONFIG_PHASE', '1'), ('https_proxy', 'http://127.0.0.1:7890/'), ('COLCON_PREFIX_PATH', '/home/yanji/robot_screwing/install'), ('ROS_DISTRO', 'foxy'), ('LOGNAME', 'yanji'), ('CONDA_ROOT', '/home/yanji/anaconda3'), ('ALL_PROXY', 'socks://127.0.0.1:7891/'), ('http_proxy', 'http://127.0.0.1:7890/'), ('JOURNAL_STREAM', '8:53881'), ('_', '/usr/bin/colcon'), ('ROS_VERSION', '2'), ('XDG_SESSION_CLASS', 'user'), ('TERM', 'xterm-256color'), ('GNOME_DESKTOP_SESSION_ID', 'this-is-deprecated'), ('_CE_CONDA', ''), ('ROS_LOCALHOST_ONLY', '0'), ('PATH', '/home/yanji/anaconda3/envs/screwrobot/bin:/opt/ros/foxy/bin:/usr/lib/ccache:/home/yanji/anaconda3/condabin:/home/yanji/.local/bin:/usr/local/sbin:/usr/local/bin:/usr/sbin:/usr/bin:/sbin:/bin:/usr/games:/usr/local/games:/snap/bin:/usr/local/cuda/bin:/home/yanji/pycharm/bin:/opt/ros/foxy/bin:/usr/lib/ccache:/home/yanji/anaconda3/envs/screwrobot/bin:/usr/lib/ccache:/home/yanji/anaconda3/condabin:/home/yanji/.local/bin:/usr/local/sbin:/usr/local/bin:/usr/sbin:/usr/bin:/sbin:/bin:/usr/games:/usr/local/games:/snap/bin:/usr/local/cuda/bin:/home/yanji/pycharm/bin:/home/yanji/anaconda3/envs/screwrobot/bin:/usr/lib/ccache:/home/yanji/anaconda3/condabin:/home/yanji/.local/bin:/usr/local/sbin:/usr/local/bin:/usr/sbin:/usr/bin:/sbin:/bin:/usr/games:/usr/local/games:/snap/bin:/usr/local/cuda/bin:/home/yanji/pycharm/bin/:/usr/local/cuda/bin:/home/yanji/pycharm/bin/'), ('SESSION_MANAGER', 'local/yanji-server:@/tmp/.ICE-unix/2030,unix/yanji-server:/tmp/.ICE-unix/2030'), ('GDM_LANG', 'zh_CN'), ('INVOCATION_ID', '1a73730a848f4039820fc51d943cdeaf'), ('PAPERSIZE', 'letter'), ('XDG_SESSION_PATH', '/org/freedesktop/DisplayManager/Session0'), ('XDG_MENU_PREFIX', 'gnome-'), ('LC_ADDRESS', 'en_US.UTF-8'), ('GNOME_TERMINAL_SCREEN', '/org/gnome/Terminal/screen/0f059cac_bf80_4e58_bb36_632a4875c5b5'), ('XDG_RUNTIME_DIR', '/run/user/1000'), ('GDK_BACKEND', 'x11'), ('DISPLAY', ':0'), ('VSCODE_DEBUGPY_ADAPTER_ENDPOINTS', '/home/yanji/.vscode/extensions/ms-python.debugpy-2025.8.0-linux-x64/.noConfigDebugAdapterEndpoints/endpoint-35e173d817dea6ca.txt'), ('LANG', 'zh_CN.UTF-8'), ('XDG_CURRENT_DESKTOP', 'Unity'), ('LC_TELEPHONE', 'en_US.UTF-8'), ('XMODIFIERS', '@im=ibus'), ('XDG_SESSION_DESKTOP', 'ubuntu'), ('XAUTHORITY', '/home/yanji/.Xauthority'), ('LS_COLORS', 'rs=0:di=01;34:ln=01;36:mh=00:pi=40;33:so=01;35:do=01;35:bd=40;33;01:cd=40;33;01:or=40;31;01:mi=00:su=37;41:sg=30;43:ca=30;41:tw=30;42:ow=34;42:st=37;44:ex=01;32:*.tar=01;31:*.tgz=01;31:*.arc=01;31:*.arj=01;31:*.taz=01;31:*.lha=01;31:*.lz4=01;31:*.lzh=01;31:*.lzma=01;31:*.tlz=01;31:*.txz=01;31:*.tzo=01;31:*.t7z=01;31:*.zip=01;31:*.z=01;31:*.dz=01;31:*.gz=01;31:*.lrz=01;31:*.lz=01;31:*.lzo=01;31:*.xz=01;31:*.zst=01;31:*.tzst=01;31:*.bz2=01;31:*.bz=01;31:*.tbz=01;31:*.tbz2=01;31:*.tz=01;31:*.deb=01;31:*.rpm=01;31:*.jar=01;31:*.war=01;31:*.ear=01;31:*.sar=01;31:*.rar=01;31:*.alz=01;31:*.ace=01;31:*.zoo=01;31:*.cpio=01;31:*.7z=01;31:*.rz=01;31:*.cab=01;31:*.wim=01;31:*.swm=01;31:*.dwm=01;31:*.esd=01;31:*.jpg=01;35:*.jpeg=01;35:*.mjpg=01;35:*.mjpeg=01;35:*.gif=01;35:*.bmp=01;35:*.pbm=01;35:*.pgm=01;35:*.ppm=01;35:*.tga=01;35:*.xbm=01;35:*.xpm=01;35:*.tif=01;35:*.tiff=01;35:*.png=01;35:*.svg=01;35:*.svgz=01;35:*.mng=01;35:*.pcx=01;35:*.mov=01;35:*.mpg=01;35:*.mpeg=01;35:*.m2v=01;35:*.mkv=01;35:*.webm=01;35:*.ogm=01;35:*.mp4=01;35:*.m4v=01;35:*.mp4v=01;35:*.vob=01;35:*.qt=01;35:*.nuv=01;35:*.wmv=01;35:*.asf=01;35:*.rm=01;35:*.rmvb=01;35:*.flc=01;35:*.avi=01;35:*.fli=01;35:*.flv=01;35:*.gl=01;35:*.dl=01;35:*.xcf=01;35:*.xwd=01;35:*.yuv=01;35:*.cgm=01;35:*.emf=01;35:*.ogv=01;35:*.ogx=01;35:*.aac=00;36:*.au=00;36:*.flac=00;36:*.m4a=00;36:*.mid=00;36:*.midi=00;36:*.mka=00;36:*.mp3=00;36:*.mpc=00;36:*.ogg=00;36:*.ra=00;36:*.wav=00;36:*.oga=00;36:*.opus=00;36:*.spx=00;36:*.xspf=00;36:'), ('VSCODE_GIT_IPC_HANDLE', '/run/user/1000/vscode-git-51992ed709.sock'), ('GNOME_TERMINAL_SERVICE', ':1.81'), ('TERM_PROGRAM', 'vscode'), ('SSH_AUTH_SOCK', '/run/user/1000/keyring/ssh'), ('XDG_GREETER_DATA_DIR', '/var/lib/lightdm-data/yanji'), ('AMENT_PREFIX_PATH', '/home/yanji/robot_screwing/install/screw_robot_control:/home/yanji/robot_screwing/install/robot_msgs:/home/yanji/robot_screwing/install/real_robot:/home/yanji/robot_screwing/install/mj_sim:/opt/ros/foxy'), ('CONDA_PYTHON_EXE', '/home/yanji/anaconda3/bin/python'), ('ORIGINAL_XDG_CURRENT_DESKTOP', 'ubuntu:GNOME'), ('SHELL', '/bin/bash'), ('LC_NAME', 'en_US.UTF-8'), ('QT_ACCESSIBILITY', '1'), ('GDMSESSION', 'ubuntu'), ('LESSCLOSE', '/usr/bin/lesspipe %s %s'), ('CONDA_DEFAULT_ENV', 'screwrobot'), ('LC_MEASUREMENT', 'en_US.UTF-8'), ('GPG_AGENT_INFO', '/run/user/1000/gnupg/S.gpg-agent:0:1'), ('LC_IDENTIFICATION', 'en_US.UTF-8'), ('VSCODE_GIT_ASKPASS_EXTRA_ARGS', ''), ('QT_IM_MODULE', 'ibus'), ('PWD', '/home/yanji/robot_screwing/build/robot_msgs'), ('LC_ALL', 'en_US.UTF-8'), ('XDG_CONFIG_DIRS', '/etc/xdg/xdg-ubuntu:/etc/xdg'), ('CONDA_EXE', '/home/yanji/anaconda3/bin/conda'), ('XDG_DATA_DIRS', '/usr/share/ubuntu:/home/yanji/.local/share/flatpak/exports/share:/var/lib/flatpak/exports/share:/usr/local/share:/usr/share:/var/lib/snapd/desktop'), ('PYTHONPATH', '/home/yanji/robot_screwing/install/robot_msgs/lib/python3.8/site-packages:/home/yanji/robot_screwing/install/real_robot/lib/python3.8/site-packages:/home/yanji/robot_screwing/install/mj_sim/lib/python3.8/site-packages:/opt/ros/foxy/lib/python3.8/site-packages'), ('HTTP_PROXY', 'http://127.0.0.1:7890/'), ('LC_NUMERIC', 'en_US.UTF-8'), ('CONDA_PREFIX', '/home/yanji/anaconda3/envs/screwrobot'), ('LC_PAPER', 'en_US.UTF-8'), ('COLCON', '1'), ('VTE_VERSION', '6003'), ('CMAKE_PREFIX_PATH', '/home/yanji/robot_screwing/install/screw_robot_control:/home/yanji/robot_screwing/install/robot_msgs:/home/yanji/robot_screwing/install/real_robot:/home/yanji/robot_screwing/install/mj_sim:/opt/ros/foxy')]), 'shell': False}
[0.244561] (robot_msgs) StdoutLine: {'line': b'-- Install configuration: ""\n'}
[0.244946] (robot_msgs) StdoutLine: {'line': b'-- Up-to-date: /home/yanji/robot_screwing/install/robot_msgs/share/ament_index/resource_index/rosidl_interfaces/robot_msgs\n'}
[0.245372] (robot_msgs) StdoutLine: {'line': b'-- Up-to-date: /home/yanji/robot_screwing/install/robot_msgs/include/robot_msgs\n'}
[0.245406] (robot_msgs) StdoutLine: {'line': b'-- Up-to-date: /home/yanji/robot_screwing/install/robot_msgs/include/robot_msgs/srv\n'}
[0.245430] (robot_msgs) StdoutLine: {'line': b'-- Up-to-date: /home/yanji/robot_screwing/install/robot_msgs/include/robot_msgs/srv/detail\n'}
[0.245454] (robot_msgs) StdoutLine: {'line': b'-- Up-to-date: /home/yanji/robot_screwing/install/robot_msgs/include/robot_msgs/srv/detail/start_pose__type_support.h\n'}
[0.245485] (robot_msgs) StdoutLine: {'line': b'-- Up-to-date: /home/yanji/robot_screwing/install/robot_msgs/include/robot_msgs/srv/detail/start_pose__functions.h\n'}
[0.245507] (robot_msgs) StdoutLine: {'line': b'-- Up-to-date: /home/yanji/robot_screwing/install/robot_msgs/include/robot_msgs/srv/detail/start_pose__struct.h\n'}
[0.245529] (robot_msgs) StdoutLine: {'line': b'-- Up-to-date: /home/yanji/robot_screwing/install/robot_msgs/include/robot_msgs/srv/detail/start_pose__functions.c\n'}
[0.245551] (robot_msgs) StdoutLine: {'line': b'-- Up-to-date: /home/yanji/robot_screwing/install/robot_msgs/include/robot_msgs/srv/start_pose.h\n'}
[0.245586] (robot_msgs) StdoutLine: {'line': b'-- Up-to-date: /home/yanji/robot_screwing/install/robot_msgs/include/robot_msgs/action\n'}
[0.245629] (robot_msgs) StdoutLine: {'line': b'-- Up-to-date: /home/yanji/robot_screwing/install/robot_msgs/include/robot_msgs/action/detail\n'}
[0.245674] (robot_msgs) StdoutLine: {'line': b'-- Up-to-date: /home/yanji/robot_screwing/install/robot_msgs/include/robot_msgs/action/detail/screw__struct.h\n'}
[0.245717] (robot_msgs) StdoutLine: {'line': b'-- Up-to-date: /home/yanji/robot_screwing/install/robot_msgs/include/robot_msgs/action/detail/screw__functions.c\n'}
[0.245765] (robot_msgs) StdoutLine: {'line': b'-- Up-to-date: /home/yanji/robot_screwing/install/robot_msgs/include/robot_msgs/action/detail/screw__functions.h\n'}
[0.245788] (robot_msgs) StdoutLine: {'line': b'-- Up-to-date: /home/yanji/robot_screwing/install/robot_msgs/include/robot_msgs/action/detail/screw__type_support.h\n'}
[0.245810] (robot_msgs) StdoutLine: {'line': b'-- Up-to-date: /home/yanji/robot_screwing/install/robot_msgs/include/robot_msgs/action/screw.h\n'}
[0.245831] (robot_msgs) StdoutLine: {'line': b'-- Up-to-date: /home/yanji/robot_screwing/install/robot_msgs/include/robot_msgs/msg\n'}
[0.245854] (robot_msgs) StdoutLine: {'line': b'-- Up-to-date: /home/yanji/robot_screwing/install/robot_msgs/include/robot_msgs/msg/detail\n'}
[0.245885] (robot_msgs) StdoutLine: {'line': b'-- Up-to-date: /home/yanji/robot_screwing/install/robot_msgs/include/robot_msgs/msg/detail/current_pub__struct.h\n'}
[0.245906] (robot_msgs) StdoutLine: {'line': b'-- Up-to-date: /home/yanji/robot_screwing/install/robot_msgs/include/robot_msgs/msg/detail/current_pub__functions.h\n'}
[0.245930] (robot_msgs) StdoutLine: {'line': b'-- Up-to-date: /home/yanji/robot_screwing/install/robot_msgs/include/robot_msgs/msg/detail/robot_status__functions.h\n'}
[0.245959] (robot_msgs) StdoutLine: {'line': b'-- Up-to-date: /home/yanji/robot_screwing/install/robot_msgs/include/robot_msgs/msg/detail/ft_pub__functions.h\n'}
[0.246007] (robot_msgs) StdoutLine: {'line': b'-- Up-to-date: /home/yanji/robot_screwing/install/robot_msgs/include/robot_msgs/msg/detail/ref_status__functions.h\n'}
[0.246049] (robot_msgs) StdoutLine: {'line': b'-- Up-to-date: /home/yanji/robot_screwing/install/robot_msgs/include/robot_msgs/msg/detail/width_pub__type_support.h\n'}
[0.246098] (robot_msgs) StdoutLine: {'line': b'-- Up-to-date: /home/yanji/robot_screwing/install/robot_msgs/include/robot_msgs/msg/detail/control_command__type_support.h\n'}
[0.246152] (robot_msgs) StdoutLine: {'line': b'-- Up-to-date: /home/yanji/robot_screwing/install/robot_msgs/include/robot_msgs/msg/detail/control_command__functions.h\n'}
[0.246185] (robot_msgs) StdoutLine: {'line': b'-- Up-to-date: /home/yanji/robot_screwing/install/robot_msgs/include/robot_msgs/msg/detail/ft_pub__functions.c\n'}
[0.246209] (robot_msgs) StdoutLine: {'line': b'-- Up-to-date: /home/yanji/robot_screwing/install/robot_msgs/include/robot_msgs/msg/detail/width_pub__struct.h\n'}
[0.246231] (robot_msgs) StdoutLine: {'line': b'-- Up-to-date: /home/yanji/robot_screwing/install/robot_msgs/include/robot_msgs/msg/detail/control_command__functions.c\n'}
[0.246261] (robot_msgs) StdoutLine: {'line': b'-- Up-to-date: /home/yanji/robot_screwing/install/robot_msgs/include/robot_msgs/msg/detail/control_command__struct.h\n'}
[0.246292] (robot_msgs) StdoutLine: {'line': b'-- Up-to-date: /home/yanji/robot_screwing/install/robot_msgs/include/robot_msgs/msg/detail/robot_status__struct.h\n'}
[0.246318] (robot_msgs) StdoutLine: {'line': b'-- Up-to-date: /home/yanji/robot_screwing/install/robot_msgs/include/robot_msgs/msg/detail/width_pub__functions.h\n'}
[0.246340] (robot_msgs) StdoutLine: {'line': b'-- Up-to-date: /home/yanji/robot_screwing/install/robot_msgs/include/robot_msgs/msg/detail/robot_status__type_support.h\n'}
[0.246361] (robot_msgs) StdoutLine: {'line': b'-- Up-to-date: /home/yanji/robot_screwing/install/robot_msgs/include/robot_msgs/msg/detail/ft_pub__type_support.h\n'}
[0.246381] (robot_msgs) StdoutLine: {'line': b'-- Up-to-date: /home/yanji/robot_screwing/install/robot_msgs/include/robot_msgs/msg/detail/ref_status__type_support.h\n'}
[0.246402] (robot_msgs) StdoutLine: {'line': b'-- Up-to-date: /home/yanji/robot_screwing/install/robot_msgs/include/robot_msgs/msg/detail/current_pub__functions.c\n'}
[0.246431] (robot_msgs) StdoutLine: {'line': b'-- Up-to-date: /home/yanji/robot_screwing/install/robot_msgs/include/robot_msgs/msg/detail/current_pub__type_support.h\n'}
[0.246455] (robot_msgs) StdoutLine: {'line': b'-- Up-to-date: /home/yanji/robot_screwing/install/robot_msgs/include/robot_msgs/msg/detail/robot_status__functions.c\n'}
[0.246476] (robot_msgs) StdoutLine: {'line': b'-- Up-to-date: /home/yanji/robot_screwing/install/robot_msgs/include/robot_msgs/msg/detail/width_pub__functions.c\n'}
[0.246511] (robot_msgs) StdoutLine: {'line': b'-- Up-to-date: /home/yanji/robot_screwing/install/robot_msgs/include/robot_msgs/msg/detail/ft_pub__struct.h\n'}
[0.246562] (robot_msgs) StdoutLine: {'line': b'-- Up-to-date: /home/yanji/robot_screwing/install/robot_msgs/include/robot_msgs/msg/detail/ref_status__functions.c\n'}
[0.246595] (robot_msgs) StdoutLine: {'line': b'-- Up-to-date: /home/yanji/robot_screwing/install/robot_msgs/include/robot_msgs/msg/detail/ref_status__struct.h\n'}
[0.246628] (robot_msgs) StdoutLine: {'line': b'-- Up-to-date: /home/yanji/robot_screwing/install/robot_msgs/include/robot_msgs/msg/robot_status.h\n'}
[0.246649] (robot_msgs) StdoutLine: {'line': b'-- Up-to-date: /home/yanji/robot_screwing/install/robot_msgs/include/robot_msgs/msg/control_command.h\n'}
[0.246689] (robot_msgs) StdoutLine: {'line': b'-- Up-to-date: /home/yanji/robot_screwing/install/robot_msgs/include/robot_msgs/msg/rosidl_generator_c__visibility_control.h\n'}
[0.246711] (robot_msgs) StdoutLine: {'line': b'-- Up-to-date: /home/yanji/robot_screwing/install/robot_msgs/include/robot_msgs/msg/current_pub.h\n'}
[0.246733] (robot_msgs) StdoutLine: {'line': b'-- Up-to-date: /home/yanji/robot_screwing/install/robot_msgs/include/robot_msgs/msg/width_pub.h\n'}
[0.246773] (robot_msgs) StdoutLine: {'line': b'-- Up-to-date: /home/yanji/robot_screwing/install/robot_msgs/include/robot_msgs/msg/ref_status.h\n'}
[0.246795] (robot_msgs) StdoutLine: {'line': b'-- Up-to-date: /home/yanji/robot_screwing/install/robot_msgs/include/robot_msgs/msg/ft_pub.h\n'}
[0.246845] (robot_msgs) StdoutLine: {'line': b'-- Up-to-date: /home/yanji/robot_screwing/install/robot_msgs/share/robot_msgs/environment/library_path.sh\n'}
[0.246893] (robot_msgs) StdoutLine: {'line': b'-- Up-to-date: /home/yanji/robot_screwing/install/robot_msgs/share/robot_msgs/environment/library_path.dsv\n'}
[0.246932] (robot_msgs) StdoutLine: {'line': b'-- Up-to-date: /home/yanji/robot_screwing/install/robot_msgs/lib/librobot_msgs__rosidl_generator_c.so\n'}
[0.246979] (robot_msgs) StdoutLine: {'line': b'-- Up-to-date: /home/yanji/robot_screwing/install/robot_msgs/include/robot_msgs\n'}
[0.247021] (robot_msgs) StdoutLine: {'line': b'-- Up-to-date: /home/yanji/robot_screwing/install/robot_msgs/include/robot_msgs/srv\n'}
[0.247073] (robot_msgs) StdoutLine: {'line': b'-- Up-to-date: /home/yanji/robot_screwing/install/robot_msgs/include/robot_msgs/srv/detail\n'}
[0.247124] (robot_msgs) StdoutLine: {'line': b'-- Up-to-date: /home/yanji/robot_screwing/install/robot_msgs/include/robot_msgs/srv/detail/start_pose__rosidl_typesupport_fastrtps_c.h\n'}
[0.247147] (robot_msgs) StdoutLine: {'line': b'-- Up-to-date: /home/yanji/robot_screwing/install/robot_msgs/include/robot_msgs/action\n'}
[0.247170] (robot_msgs) StdoutLine: {'line': b'-- Up-to-date: /home/yanji/robot_screwing/install/robot_msgs/include/robot_msgs/action/detail\n'}
[0.247192] (robot_msgs) StdoutLine: {'line': b'-- Up-to-date: /home/yanji/robot_screwing/install/robot_msgs/include/robot_msgs/action/detail/screw__rosidl_typesupport_fastrtps_c.h\n'}
[0.247223] (robot_msgs) StdoutLine: {'line': b'-- Up-to-date: /home/yanji/robot_screwing/install/robot_msgs/include/robot_msgs/msg\n'}
[0.247245] (robot_msgs) StdoutLine: {'line': b'-- Up-to-date: /home/yanji/robot_screwing/install/robot_msgs/include/robot_msgs/msg/detail\n'}
[0.247271] (robot_msgs) StdoutLine: {'line': b'-- Up-to-date: /home/yanji/robot_screwing/install/robot_msgs/include/robot_msgs/msg/detail/current_pub__rosidl_typesupport_fastrtps_c.h\n'}
[0.247294] (robot_msgs) StdoutLine: {'line': b'-- Up-to-date: /home/yanji/robot_screwing/install/robot_msgs/include/robot_msgs/msg/detail/control_command__rosidl_typesupport_fastrtps_c.h\n'}
[0.247318] (robot_msgs) StdoutLine: {'line': b'-- Up-to-date: /home/yanji/robot_screwing/install/robot_msgs/include/robot_msgs/msg/detail/width_pub__rosidl_typesupport_fastrtps_c.h\n'}
[0.247340] (robot_msgs) StdoutLine: {'line': b'-- Up-to-date: /home/yanji/robot_screwing/install/robot_msgs/include/robot_msgs/msg/detail/ref_status__rosidl_typesupport_fastrtps_c.h\n'}
[0.247360] (robot_msgs) StdoutLine: {'line': b'-- Up-to-date: /home/yanji/robot_screwing/install/robot_msgs/include/robot_msgs/msg/detail/ft_pub__rosidl_typesupport_fastrtps_c.h\n'}
[0.247390] (robot_msgs) StdoutLine: {'line': b'-- Up-to-date: /home/yanji/robot_screwing/install/robot_msgs/include/robot_msgs/msg/detail/robot_status__rosidl_typesupport_fastrtps_c.h\n'}
[0.247413] (robot_msgs) StdoutLine: {'line': b'-- Up-to-date: /home/yanji/robot_screwing/install/robot_msgs/include/robot_msgs/msg/rosidl_typesupport_fastrtps_c__visibility_control.h\n'}
[0.247440] (robot_msgs) StdoutLine: {'line': b'-- Up-to-date: /home/yanji/robot_screwing/install/robot_msgs/lib/librobot_msgs__rosidl_typesupport_fastrtps_c.so\n'}
[0.247470] (robot_msgs) StdoutLine: {'line': b'-- Up-to-date: /home/yanji/robot_screwing/install/robot_msgs/include/robot_msgs\n'}
[0.247574] (robot_msgs) StdoutLine: {'line': b'-- Up-to-date: /home/yanji/robot_screwing/install/robot_msgs/include/robot_msgs/srv\n'}
[0.247602] (robot_msgs) StdoutLine: {'line': b'-- Up-to-date: /home/yanji/robot_screwing/install/robot_msgs/include/robot_msgs/srv/detail\n'}
[0.247627] (robot_msgs) StdoutLine: {'line': b'-- Up-to-date: /home/yanji/robot_screwing/install/robot_msgs/include/robot_msgs/srv/detail/dds_fastrtps\n'}
[0.247651] (robot_msgs) StdoutLine: {'line': b'-- Up-to-date: /home/yanji/robot_screwing/install/robot_msgs/include/robot_msgs/srv/detail/start_pose__rosidl_typesupport_fastrtps_cpp.hpp\n'}
[0.247675] (robot_msgs) StdoutLine: {'line': b'-- Up-to-date: /home/yanji/robot_screwing/install/robot_msgs/include/robot_msgs/action\n'}
[0.247698] (robot_msgs) StdoutLine: {'line': b'-- Up-to-date: /home/yanji/robot_screwing/install/robot_msgs/include/robot_msgs/action/detail\n'}
[0.247721] (robot_msgs) StdoutLine: {'line': b'-- Up-to-date: /home/yanji/robot_screwing/install/robot_msgs/include/robot_msgs/action/detail/dds_fastrtps\n'}
[0.247743] (robot_msgs) StdoutLine: {'line': b'-- Up-to-date: /home/yanji/robot_screwing/install/robot_msgs/include/robot_msgs/action/detail/screw__rosidl_typesupport_fastrtps_cpp.hpp\n'}
[0.247766] (robot_msgs) StdoutLine: {'line': b'-- Up-to-date: /home/yanji/robot_screwing/install/robot_msgs/include/robot_msgs/msg\n'}
[0.247789] (robot_msgs) StdoutLine: {'line': b'-- Up-to-date: /home/yanji/robot_screwing/install/robot_msgs/include/robot_msgs/msg/detail\n'}
[0.247812] (robot_msgs) StdoutLine: {'line': b'-- Up-to-date: /home/yanji/robot_screwing/install/robot_msgs/include/robot_msgs/msg/detail/control_command__rosidl_typesupport_fastrtps_cpp.hpp\n'}
[0.247835] (robot_msgs) StdoutLine: {'line': b'-- Up-to-date: /home/yanji/robot_screwing/install/robot_msgs/include/robot_msgs/msg/detail/width_pub__rosidl_typesupport_fastrtps_cpp.hpp\n'}
[0.247858] (robot_msgs) StdoutLine: {'line': b'-- Up-to-date: /home/yanji/robot_screwing/install/robot_msgs/include/robot_msgs/msg/detail/dds_fastrtps\n'}
[0.247882] (robot_msgs) StdoutLine: {'line': b'-- Up-to-date: /home/yanji/robot_screwing/install/robot_msgs/include/robot_msgs/msg/detail/ft_pub__rosidl_typesupport_fastrtps_cpp.hpp\n'}
[0.247905] (robot_msgs) StdoutLine: {'line': b'-- Up-to-date: /home/yanji/robot_screwing/install/robot_msgs/include/robot_msgs/msg/detail/robot_status__rosidl_typesupport_fastrtps_cpp.hpp\n'}
[0.247927] (robot_msgs) StdoutLine: {'line': b'-- Up-to-date: /home/yanji/robot_screwing/install/robot_msgs/include/robot_msgs/msg/detail/current_pub__rosidl_typesupport_fastrtps_cpp.hpp\n'}
[0.247950] (robot_msgs) StdoutLine: {'line': b'-- Up-to-date: /home/yanji/robot_screwing/install/robot_msgs/include/robot_msgs/msg/detail/ref_status__rosidl_typesupport_fastrtps_cpp.hpp\n'}
[0.247974] (robot_msgs) StdoutLine: {'line': b'-- Up-to-date: /home/yanji/robot_screwing/install/robot_msgs/include/robot_msgs/msg/rosidl_typesupport_fastrtps_cpp__visibility_control.h\n'}
[0.247997] (robot_msgs) StdoutLine: {'line': b'-- Up-to-date: /home/yanji/robot_screwing/install/robot_msgs/lib/librobot_msgs__rosidl_typesupport_fastrtps_cpp.so\n'}
[0.248020] (robot_msgs) StdoutLine: {'line': b'-- Up-to-date: /home/yanji/robot_screwing/install/robot_msgs/include/robot_msgs\n'}
[0.248042] (robot_msgs) StdoutLine: {'line': b'-- Up-to-date: /home/yanji/robot_screwing/install/robot_msgs/include/robot_msgs/srv\n'}
[0.248065] (robot_msgs) StdoutLine: {'line': b'-- Up-to-date: /home/yanji/robot_screwing/install/robot_msgs/include/robot_msgs/srv/detail\n'}
[0.248088] (robot_msgs) StdoutLine: {'line': b'-- Up-to-date: /home/yanji/robot_screwing/install/robot_msgs/include/robot_msgs/srv/detail/start_pose__type_support.c\n'}
[0.248110] (robot_msgs) StdoutLine: {'line': b'-- Up-to-date: /home/yanji/robot_screwing/install/robot_msgs/include/robot_msgs/srv/detail/start_pose__rosidl_typesupport_introspection_c.h\n'}
[0.248132] (robot_msgs) StdoutLine: {'line': b'-- Up-to-date: /home/yanji/robot_screwing/install/robot_msgs/include/robot_msgs/action\n'}
[0.248154] (robot_msgs) StdoutLine: {'line': b'-- Up-to-date: /home/yanji/robot_screwing/install/robot_msgs/include/robot_msgs/action/detail\n'}
[0.248176] (robot_msgs) StdoutLine: {'line': b'-- Up-to-date: /home/yanji/robot_screwing/install/robot_msgs/include/robot_msgs/action/detail/screw__type_support.c\n'}
[0.248199] (robot_msgs) StdoutLine: {'line': b'-- Up-to-date: /home/yanji/robot_screwing/install/robot_msgs/include/robot_msgs/action/detail/screw__rosidl_typesupport_introspection_c.h\n'}
[0.248221] (robot_msgs) StdoutLine: {'line': b'-- Up-to-date: /home/yanji/robot_screwing/install/robot_msgs/include/robot_msgs/msg\n'}
[0.248244] (robot_msgs) StdoutLine: {'line': b'-- Up-to-date: /home/yanji/robot_screwing/install/robot_msgs/include/robot_msgs/msg/detail\n'}
[0.248271] (robot_msgs) StdoutLine: {'line': b'-- Up-to-date: /home/yanji/robot_screwing/install/robot_msgs/include/robot_msgs/msg/detail/current_pub__rosidl_typesupport_introspection_c.h\n'}
[0.248296] (robot_msgs) StdoutLine: {'line': b'-- Up-to-date: /home/yanji/robot_screwing/install/robot_msgs/include/robot_msgs/msg/detail/ref_status__type_support.c\n'}
[0.248319] (robot_msgs) StdoutLine: {'line': b'-- Up-to-date: /home/yanji/robot_screwing/install/robot_msgs/include/robot_msgs/msg/detail/ref_status__rosidl_typesupport_introspection_c.h\n'}
[0.248341] (robot_msgs) StdoutLine: {'line': b'-- Up-to-date: /home/yanji/robot_screwing/install/robot_msgs/include/robot_msgs/msg/detail/current_pub__type_support.c\n'}
[0.248365] (robot_msgs) StdoutLine: {'line': b'-- Up-to-date: /home/yanji/robot_screwing/install/robot_msgs/include/robot_msgs/msg/detail/robot_status__type_support.c\n'}
[0.248388] (robot_msgs) StdoutLine: {'line': b'-- Up-to-date: /home/yanji/robot_screwing/install/robot_msgs/include/robot_msgs/msg/detail/control_command__rosidl_typesupport_introspection_c.h\n'}
[0.248409] (robot_msgs) StdoutLine: {'line': b'-- Up-to-date: /home/yanji/robot_screwing/install/robot_msgs/include/robot_msgs/msg/detail/ft_pub__rosidl_typesupport_introspection_c.h\n'}
[0.248431] (robot_msgs) StdoutLine: {'line': b'-- Up-to-date: /home/yanji/robot_screwing/install/robot_msgs/include/robot_msgs/msg/detail/control_command__type_support.c\n'}
[0.248453] (robot_msgs) StdoutLine: {'line': b'-- Up-to-date: /home/yanji/robot_screwing/install/robot_msgs/include/robot_msgs/msg/detail/ft_pub__type_support.c\n'}
[0.248475] (robot_msgs) StdoutLine: {'line': b'-- Up-to-date: /home/yanji/robot_screwing/install/robot_msgs/include/robot_msgs/msg/detail/width_pub__type_support.c\n'}
[0.248497] (robot_msgs) StdoutLine: {'line': b'-- Up-to-date: /home/yanji/robot_screwing/install/robot_msgs/include/robot_msgs/msg/detail/width_pub__rosidl_typesupport_introspection_c.h\n'}
[0.248518] (robot_msgs) StdoutLine: {'line': b'-- Up-to-date: /home/yanji/robot_screwing/install/robot_msgs/include/robot_msgs/msg/detail/robot_status__rosidl_typesupport_introspection_c.h\n'}
[0.248542] (robot_msgs) StdoutLine: {'line': b'-- Up-to-date: /home/yanji/robot_screwing/install/robot_msgs/include/robot_msgs/msg/rosidl_typesupport_introspection_c__visibility_control.h\n'}
[0.248565] (robot_msgs) StdoutLine: {'line': b'-- Up-to-date: /home/yanji/robot_screwing/install/robot_msgs/lib/librobot_msgs__rosidl_typesupport_introspection_c.so\n'}
[0.248587] (robot_msgs) StdoutLine: {'line': b'-- Up-to-date: /home/yanji/robot_screwing/install/robot_msgs/lib/librobot_msgs__rosidl_typesupport_c.so\n'}
[0.248611] (robot_msgs) StdoutLine: {'line': b'-- Up-to-date: /home/yanji/robot_screwing/install/robot_msgs/include/robot_msgs\n'}
[0.248634] (robot_msgs) StdoutLine: {'line': b'-- Up-to-date: /home/yanji/robot_screwing/install/robot_msgs/include/robot_msgs/srv\n'}
[0.248657] (robot_msgs) StdoutLine: {'line': b'-- Up-to-date: /home/yanji/robot_screwing/install/robot_msgs/include/robot_msgs/srv/detail\n'}
[0.248680] (robot_msgs) StdoutLine: {'line': b'-- Up-to-date: /home/yanji/robot_screwing/install/robot_msgs/include/robot_msgs/srv/detail/start_pose__builder.hpp\n'}
[0.248703] (robot_msgs) StdoutLine: {'line': b'-- Up-to-date: /home/yanji/robot_screwing/install/robot_msgs/include/robot_msgs/srv/detail/start_pose__type_support.hpp\n'}
[0.248728] (robot_msgs) StdoutLine: {'line': b'-- Up-to-date: /home/yanji/robot_screwing/install/robot_msgs/include/robot_msgs/srv/detail/start_pose__traits.hpp\n'}
[0.248751] (robot_msgs) StdoutLine: {'line': b'-- Up-to-date: /home/yanji/robot_screwing/install/robot_msgs/include/robot_msgs/srv/detail/start_pose__struct.hpp\n'}
[0.248773] (robot_msgs) StdoutLine: {'line': b'-- Up-to-date: /home/yanji/robot_screwing/install/robot_msgs/include/robot_msgs/srv/start_pose.hpp\n'}
[0.248795] (robot_msgs) StdoutLine: {'line': b'-- Up-to-date: /home/yanji/robot_screwing/install/robot_msgs/include/robot_msgs/action\n'}
[0.248818] (robot_msgs) StdoutLine: {'line': b'-- Up-to-date: /home/yanji/robot_screwing/install/robot_msgs/include/robot_msgs/action/detail\n'}
[0.248840] (robot_msgs) StdoutLine: {'line': b'-- Up-to-date: /home/yanji/robot_screwing/install/robot_msgs/include/robot_msgs/action/detail/screw__type_support.hpp\n'}
[0.248862] (robot_msgs) StdoutLine: {'line': b'-- Up-to-date: /home/yanji/robot_screwing/install/robot_msgs/include/robot_msgs/action/detail/screw__struct.hpp\n'}
[0.248885] (robot_msgs) StdoutLine: {'line': b'-- Up-to-date: /home/yanji/robot_screwing/install/robot_msgs/include/robot_msgs/action/detail/screw__builder.hpp\n'}
[0.248907] (robot_msgs) StdoutLine: {'line': b'-- Up-to-date: /home/yanji/robot_screwing/install/robot_msgs/include/robot_msgs/action/detail/screw__traits.hpp\n'}
[0.248929] (robot_msgs) StdoutLine: {'line': b'-- Up-to-date: /home/yanji/robot_screwing/install/robot_msgs/include/robot_msgs/action/screw.hpp\n'}
[0.248951] (robot_msgs) StdoutLine: {'line': b'-- Up-to-date: /home/yanji/robot_screwing/install/robot_msgs/include/robot_msgs/msg\n'}
[0.248972] (robot_msgs) StdoutLine: {'line': b'-- Up-to-date: /home/yanji/robot_screwing/install/robot_msgs/include/robot_msgs/msg/detail\n'}
[0.248993] (robot_msgs) StdoutLine: {'line': b'-- Up-to-date: /home/yanji/robot_screwing/install/robot_msgs/include/robot_msgs/msg/detail/ref_status__struct.hpp\n'}
[0.249015] (robot_msgs) StdoutLine: {'line': b'-- Up-to-date: /home/yanji/robot_screwing/install/robot_msgs/include/robot_msgs/msg/detail/ref_status__traits.hpp\n'}
[0.249038] (robot_msgs) StdoutLine: {'line': b'-- Up-to-date: /home/yanji/robot_screwing/install/robot_msgs/include/robot_msgs/msg/detail/ft_pub__builder.hpp\n'}
[0.249060] (robot_msgs) StdoutLine: {'line': b'-- Up-to-date: /home/yanji/robot_screwing/install/robot_msgs/include/robot_msgs/msg/detail/width_pub__builder.hpp\n'}
[0.249082] (robot_msgs) StdoutLine: {'line': b'-- Up-to-date: /home/yanji/robot_screwing/install/robot_msgs/include/robot_msgs/msg/detail/control_command__traits.hpp\n'}
[0.249104] (robot_msgs) StdoutLine: {'line': b'-- Up-to-date: /home/yanji/robot_screwing/install/robot_msgs/include/robot_msgs/msg/detail/ref_status__type_support.hpp\n'}
[0.249127] (robot_msgs) StdoutLine: {'line': b'-- Up-to-date: /home/yanji/robot_screwing/install/robot_msgs/include/robot_msgs/msg/detail/robot_status__type_support.hpp\n'}
[0.249149] (robot_msgs) StdoutLine: {'line': b'-- Up-to-date: /home/yanji/robot_screwing/install/robot_msgs/include/robot_msgs/msg/detail/robot_status__struct.hpp\n'}
[0.249171] (robot_msgs) StdoutLine: {'line': b'-- Up-to-date: /home/yanji/robot_screwing/install/robot_msgs/include/robot_msgs/msg/detail/ref_status__builder.hpp\n'}
[0.249196] (robot_msgs) StdoutLine: {'line': b'-- Up-to-date: /home/yanji/robot_screwing/install/robot_msgs/include/robot_msgs/msg/detail/current_pub__traits.hpp\n'}
[0.249218] (robot_msgs) StdoutLine: {'line': b'-- Up-to-date: /home/yanji/robot_screwing/install/robot_msgs/include/robot_msgs/msg/detail/current_pub__builder.hpp\n'}
[0.249241] (robot_msgs) StdoutLine: {'line': b'-- Up-to-date: /home/yanji/robot_screwing/install/robot_msgs/include/robot_msgs/msg/detail/width_pub__struct.hpp\n'}
[0.249263] (robot_msgs) StdoutLine: {'line': b'-- Up-to-date: /home/yanji/robot_screwing/install/robot_msgs/include/robot_msgs/msg/detail/current_pub__type_support.hpp\n'}
[0.249288] (robot_msgs) StdoutLine: {'line': b'-- Up-to-date: /home/yanji/robot_screwing/install/robot_msgs/include/robot_msgs/msg/detail/width_pub__type_support.hpp\n'}
[0.249311] (robot_msgs) StdoutLine: {'line': b'-- Up-to-date: /home/yanji/robot_screwing/install/robot_msgs/include/robot_msgs/msg/detail/control_command__type_support.hpp\n'}
[0.249332] (robot_msgs) StdoutLine: {'line': b'-- Up-to-date: /home/yanji/robot_screwing/install/robot_msgs/include/robot_msgs/msg/detail/width_pub__traits.hpp\n'}
[0.249354] (robot_msgs) StdoutLine: {'line': b'-- Up-to-date: /home/yanji/robot_screwing/install/robot_msgs/include/robot_msgs/msg/detail/ft_pub__struct.hpp\n'}
[0.249375] (robot_msgs) StdoutLine: {'line': b'-- Up-to-date: /home/yanji/robot_screwing/install/robot_msgs/include/robot_msgs/msg/detail/control_command__builder.hpp\n'}
[0.249397] (robot_msgs) StdoutLine: {'line': b'-- Up-to-date: /home/yanji/robot_screwing/install/robot_msgs/include/robot_msgs/msg/detail/current_pub__struct.hpp\n'}
[0.249419] (robot_msgs) StdoutLine: {'line': b'-- Up-to-date: /home/yanji/robot_screwing/install/robot_msgs/include/robot_msgs/msg/detail/ft_pub__traits.hpp\n'}
[0.249441] (robot_msgs) StdoutLine: {'line': b'-- Up-to-date: /home/yanji/robot_screwing/install/robot_msgs/include/robot_msgs/msg/detail/robot_status__traits.hpp\n'}
[0.249462] (robot_msgs) StdoutLine: {'line': b'-- Up-to-date: /home/yanji/robot_screwing/install/robot_msgs/include/robot_msgs/msg/detail/ft_pub__type_support.hpp\n'}
[0.249485] (robot_msgs) StdoutLine: {'line': b'-- Up-to-date: /home/yanji/robot_screwing/install/robot_msgs/include/robot_msgs/msg/detail/control_command__struct.hpp\n'}
[0.249507] (robot_msgs) StdoutLine: {'line': b'-- Up-to-date: /home/yanji/robot_screwing/install/robot_msgs/include/robot_msgs/msg/detail/robot_status__builder.hpp\n'}
[0.249529] (robot_msgs) StdoutLine: {'line': b'-- Up-to-date: /home/yanji/robot_screwing/install/robot_msgs/include/robot_msgs/msg/ref_status.hpp\n'}
[0.249551] (robot_msgs) StdoutLine: {'line': b'-- Up-to-date: /home/yanji/robot_screwing/install/robot_msgs/include/robot_msgs/msg/rosidl_generator_cpp__visibility_control.hpp\n'}
[0.249573] (robot_msgs) StdoutLine: {'line': b'-- Up-to-date: /home/yanji/robot_screwing/install/robot_msgs/include/robot_msgs/msg/control_command.hpp\n'}
[0.249595] (robot_msgs) StdoutLine: {'line': b'-- Up-to-date: /home/yanji/robot_screwing/install/robot_msgs/include/robot_msgs/msg/width_pub.hpp\n'}
[0.249617] (robot_msgs) StdoutLine: {'line': b'-- Up-to-date: /home/yanji/robot_screwing/install/robot_msgs/include/robot_msgs/msg/ft_pub.hpp\n'}
[0.249639] (robot_msgs) StdoutLine: {'line': b'-- Up-to-date: /home/yanji/robot_screwing/install/robot_msgs/include/robot_msgs/msg/robot_status.hpp\n'}
[0.249660] (robot_msgs) StdoutLine: {'line': b'-- Up-to-date: /home/yanji/robot_screwing/install/robot_msgs/include/robot_msgs/msg/current_pub.hpp\n'}
[0.249683] (robot_msgs) StdoutLine: {'line': b'-- Up-to-date: /home/yanji/robot_screwing/install/robot_msgs/include/robot_msgs\n'}
[0.249705] (robot_msgs) StdoutLine: {'line': b'-- Up-to-date: /home/yanji/robot_screwing/install/robot_msgs/include/robot_msgs/srv\n'}
[0.249726] (robot_msgs) StdoutLine: {'line': b'-- Up-to-date: /home/yanji/robot_screwing/install/robot_msgs/include/robot_msgs/srv/detail\n'}
[0.249748] (robot_msgs) StdoutLine: {'line': b'-- Up-to-date: /home/yanji/robot_screwing/install/robot_msgs/include/robot_msgs/srv/detail/start_pose__rosidl_typesupport_introspection_cpp.hpp\n'}
[0.249770] (robot_msgs) StdoutLine: {'line': b'-- Up-to-date: /home/yanji/robot_screwing/install/robot_msgs/include/robot_msgs/srv/detail/start_pose__type_support.cpp\n'}
[0.249792] (robot_msgs) StdoutLine: {'line': b'-- Up-to-date: /home/yanji/robot_screwing/install/robot_msgs/include/robot_msgs/action\n'}
[0.249814] (robot_msgs) StdoutLine: {'line': b'-- Up-to-date: /home/yanji/robot_screwing/install/robot_msgs/include/robot_msgs/action/detail\n'}
[0.249837] (robot_msgs) StdoutLine: {'line': b'-- Up-to-date: /home/yanji/robot_screwing/install/robot_msgs/include/robot_msgs/action/detail/screw__type_support.cpp\n'}
[0.249858] (robot_msgs) StdoutLine: {'line': b'-- Up-to-date: /home/yanji/robot_screwing/install/robot_msgs/include/robot_msgs/action/detail/screw__rosidl_typesupport_introspection_cpp.hpp\n'}
[0.249880] (robot_msgs) StdoutLine: {'line': b'-- Up-to-date: /home/yanji/robot_screwing/install/robot_msgs/include/robot_msgs/msg\n'}
[0.249903] (robot_msgs) StdoutLine: {'line': b'-- Up-to-date: /home/yanji/robot_screwing/install/robot_msgs/include/robot_msgs/msg/detail\n'}
[0.249925] (robot_msgs) StdoutLine: {'line': b'-- Up-to-date: /home/yanji/robot_screwing/install/robot_msgs/include/robot_msgs/msg/detail/width_pub__rosidl_typesupport_introspection_cpp.hpp\n'}
[0.249947] (robot_msgs) StdoutLine: {'line': b'-- Up-to-date: /home/yanji/robot_screwing/install/robot_msgs/include/robot_msgs/msg/detail/ft_pub__rosidl_typesupport_introspection_cpp.hpp\n'}
[0.249968] (robot_msgs) StdoutLine: {'line': b'-- Up-to-date: /home/yanji/robot_screwing/install/robot_msgs/include/robot_msgs/msg/detail/width_pub__type_support.cpp\n'}
[0.249990] (robot_msgs) StdoutLine: {'line': b'-- Up-to-date: /home/yanji/robot_screwing/install/robot_msgs/include/robot_msgs/msg/detail/ft_pub__type_support.cpp\n'}
[0.250014] (robot_msgs) StdoutLine: {'line': b'-- Up-to-date: /home/yanji/robot_screwing/install/robot_msgs/include/robot_msgs/msg/detail/control_command__rosidl_typesupport_introspection_cpp.hpp\n'}
[0.250036] (robot_msgs) StdoutLine: {'line': b'-- Up-to-date: /home/yanji/robot_screwing/install/robot_msgs/include/robot_msgs/msg/detail/robot_status__type_support.cpp\n'}
[0.250057] (robot_msgs) StdoutLine: {'line': b'-- Up-to-date: /home/yanji/robot_screwing/install/robot_msgs/include/robot_msgs/msg/detail/ref_status__rosidl_typesupport_introspection_cpp.hpp\n'}
[0.250079] (robot_msgs) StdoutLine: {'line': b'-- Up-to-date: /home/yanji/robot_screwing/install/robot_msgs/include/robot_msgs/msg/detail/current_pub__type_support.cpp\n'}
[0.250101] (robot_msgs) StdoutLine: {'line': b'-- Up-to-date: /home/yanji/robot_screwing/install/robot_msgs/include/robot_msgs/msg/detail/current_pub__rosidl_typesupport_introspection_cpp.hpp\n'}
[0.250122] (robot_msgs) StdoutLine: {'line': b'-- Up-to-date: /home/yanji/robot_screwing/install/robot_msgs/include/robot_msgs/msg/detail/ref_status__type_support.cpp\n'}
[0.250144] (robot_msgs) StdoutLine: {'line': b'-- Up-to-date: /home/yanji/robot_screwing/install/robot_msgs/include/robot_msgs/msg/detail/control_command__type_support.cpp\n'}
[0.250166] (robot_msgs) StdoutLine: {'line': b'-- Up-to-date: /home/yanji/robot_screwing/install/robot_msgs/include/robot_msgs/msg/detail/robot_status__rosidl_typesupport_introspection_cpp.hpp\n'}
[0.250187] (robot_msgs) StdoutLine: {'line': b'-- Up-to-date: /home/yanji/robot_screwing/install/robot_msgs/lib/librobot_msgs__rosidl_typesupport_introspection_cpp.so\n'}
[0.250212] (robot_msgs) StdoutLine: {'line': b'-- Up-to-date: /home/yanji/robot_screwing/install/robot_msgs/lib/librobot_msgs__rosidl_typesupport_cpp.so\n'}
[0.250235] (robot_msgs) StdoutLine: {'line': b'-- Up-to-date: /home/yanji/robot_screwing/install/robot_msgs/share/robot_msgs/environment/pythonpath.sh\n'}
[0.250258] (robot_msgs) StdoutLine: {'line': b'-- Up-to-date: /home/yanji/robot_screwing/install/robot_msgs/share/robot_msgs/environment/pythonpath.dsv\n'}
[0.250283] (robot_msgs) StdoutLine: {'line': b'-- Up-to-date: /home/yanji/robot_screwing/install/robot_msgs/lib/python3.8/site-packages/robot_msgs/__init__.py\n'}
[0.263556] (robot_msgs) StdoutLine: {'line': b'-- Up-to-date: /home/yanji/robot_screwing/install/robot_msgs/lib/python3.8/site-packages/robot_msgs/msg\n'}
[0.263774] (robot_msgs) StdoutLine: {'line': b'-- Up-to-date: /home/yanji/robot_screwing/install/robot_msgs/lib/python3.8/site-packages/robot_msgs/msg/_robot_status_s.c\n'}
[0.263857] (robot_msgs) StdoutLine: {'line': b'-- Up-to-date: /home/yanji/robot_screwing/install/robot_msgs/lib/python3.8/site-packages/robot_msgs/msg/_width_pub_s.c\n'}
[0.263918] (robot_msgs) StdoutLine: {'line': b'-- Up-to-date: /home/yanji/robot_screwing/install/robot_msgs/lib/python3.8/site-packages/robot_msgs/msg/__init__.py\n'}
[0.264003] (robot_msgs) StdoutLine: {'line': b'-- Up-to-date: /home/yanji/robot_screwing/install/robot_msgs/lib/python3.8/site-packages/robot_msgs/msg/_control_command.py\n'}
[0.264060] (robot_msgs) StdoutLine: {'line': b'-- Up-to-date: /home/yanji/robot_screwing/install/robot_msgs/lib/python3.8/site-packages/robot_msgs/msg/_ref_status.py\n'}
[0.264115] (robot_msgs) StdoutLine: {'line': b'-- Up-to-date: /home/yanji/robot_screwing/install/robot_msgs/lib/python3.8/site-packages/robot_msgs/msg/_robot_status.py\n'}
[0.264171] (robot_msgs) StdoutLine: {'line': b'-- Up-to-date: /home/yanji/robot_screwing/install/robot_msgs/lib/python3.8/site-packages/robot_msgs/msg/_ft_pub_s.c\n'}
[0.264224] (robot_msgs) StdoutLine: {'line': b'-- Up-to-date: /home/yanji/robot_screwing/install/robot_msgs/lib/python3.8/site-packages/robot_msgs/msg/_ref_status_s.c\n'}
[0.264300] (robot_msgs) StdoutLine: {'line': b'-- Up-to-date: /home/yanji/robot_screwing/install/robot_msgs/lib/python3.8/site-packages/robot_msgs/msg/_current_pub.py\n'}
[0.264356] (robot_msgs) StdoutLine: {'line': b'-- Up-to-date: /home/yanji/robot_screwing/install/robot_msgs/lib/python3.8/site-packages/robot_msgs/msg/_control_command_s.c\n'}
[0.264409] (robot_msgs) StdoutLine: {'line': b'-- Up-to-date: /home/yanji/robot_screwing/install/robot_msgs/lib/python3.8/site-packages/robot_msgs/msg/_current_pub_s.c\n'}
[0.264460] (robot_msgs) StdoutLine: {'line': b'-- Up-to-date: /home/yanji/robot_screwing/install/robot_msgs/lib/python3.8/site-packages/robot_msgs/msg/_width_pub.py\n'}
[0.264511] (robot_msgs) StdoutLine: {'line': b'-- Up-to-date: /home/yanji/robot_screwing/install/robot_msgs/lib/python3.8/site-packages/robot_msgs/msg/_ft_pub.py\n'}
[0.264589] (robot_msgs) StdoutLine: {'line': b'-- Up-to-date: /home/yanji/robot_screwing/install/robot_msgs/lib/python3.8/site-packages/robot_msgs/srv\n'}
[0.264661] (robot_msgs) StdoutLine: {'line': b'-- Up-to-date: /home/yanji/robot_screwing/install/robot_msgs/lib/python3.8/site-packages/robot_msgs/srv/__init__.py\n'}
[0.264691] (robot_msgs) StdoutLine: {'line': b'-- Up-to-date: /home/yanji/robot_screwing/install/robot_msgs/lib/python3.8/site-packages/robot_msgs/srv/_start_pose_s.c\n'}
[0.264716] (robot_msgs) StdoutLine: {'line': b'-- Up-to-date: /home/yanji/robot_screwing/install/robot_msgs/lib/python3.8/site-packages/robot_msgs/srv/_start_pose.py\n'}
[0.264741] (robot_msgs) StdoutLine: {'line': b'-- Up-to-date: /home/yanji/robot_screwing/install/robot_msgs/lib/python3.8/site-packages/robot_msgs/action\n'}
[0.264765] (robot_msgs) StdoutLine: {'line': b'-- Up-to-date: /home/yanji/robot_screwing/install/robot_msgs/lib/python3.8/site-packages/robot_msgs/action/__init__.py\n'}
[0.264789] (robot_msgs) StdoutLine: {'line': b'-- Up-to-date: /home/yanji/robot_screwing/install/robot_msgs/lib/python3.8/site-packages/robot_msgs/action/_screw.py\n'}
[0.264844] (robot_msgs) StdoutLine: {'line': b'-- Up-to-date: /home/yanji/robot_screwing/install/robot_msgs/lib/python3.8/site-packages/robot_msgs/action/_screw_s.c\n'}
[0.264868] (robot_msgs) StdoutLine: {'line': b'-- Up-to-date: /home/yanji/robot_screwing/install/robot_msgs/lib/python3.8/site-packages/robot_msgs/robot_msgs_s__rosidl_typesupport_fastrtps_c.cpython-38-x86_64-linux-gnu.so\n'}
[0.264895] (robot_msgs) StdoutLine: {'line': b'-- Up-to-date: /home/yanji/robot_screwing/install/robot_msgs/lib/python3.8/site-packages/robot_msgs/robot_msgs_s__rosidl_typesupport_introspection_c.cpython-38-x86_64-linux-gnu.so\n'}
[0.264924] (robot_msgs) StdoutLine: {'line': b'-- Up-to-date: /home/yanji/robot_screwing/install/robot_msgs/lib/python3.8/site-packages/robot_msgs/robot_msgs_s__rosidl_typesupport_c.cpython-38-x86_64-linux-gnu.so\n'}
[0.264954] (robot_msgs) StdoutLine: {'line': b'-- Up-to-date: /home/yanji/robot_screwing/install/robot_msgs/lib/librobot_msgs__python.so\n'}
[0.265009] (robot_msgs) StdoutLine: {'line': b'-- Up-to-date: /home/yanji/robot_screwing/install/robot_msgs/share/robot_msgs/msg/FtPub.idl\n'}
[0.265115] (robot_msgs) StdoutLine: {'line': b'-- Up-to-date: /home/yanji/robot_screwing/install/robot_msgs/share/robot_msgs/msg/RobotStatus.idl\n'}
[0.265159] (robot_msgs) StdoutLine: {'line': b'-- Up-to-date: /home/yanji/robot_screwing/install/robot_msgs/share/robot_msgs/msg/ControlCommand.idl\n'}
[0.265189] (robot_msgs) StdoutLine: {'line': b'-- Up-to-date: /home/yanji/robot_screwing/install/robot_msgs/share/robot_msgs/msg/RefStatus.idl\n'}
[0.265218] (robot_msgs) StdoutLine: {'line': b'-- Up-to-date: /home/yanji/robot_screwing/install/robot_msgs/share/robot_msgs/srv/StartPose.idl\n'}
[0.265245] (robot_msgs) StdoutLine: {'line': b'-- Up-to-date: /home/yanji/robot_screwing/install/robot_msgs/share/robot_msgs/action/Screw.idl\n'}
[0.265293] (robot_msgs) StdoutLine: {'line': b'-- Up-to-date: /home/yanji/robot_screwing/install/robot_msgs/share/robot_msgs/msg/CurrentPub.idl\n'}
[0.265321] (robot_msgs) StdoutLine: {'line': b'-- Up-to-date: /home/yanji/robot_screwing/install/robot_msgs/share/robot_msgs/msg/WidthPub.idl\n'}
[0.265348] (robot_msgs) StdoutLine: {'line': b'-- Up-to-date: /home/yanji/robot_screwing/install/robot_msgs/share/robot_msgs/msg/FtPub.msg\n'}
[0.265374] (robot_msgs) StdoutLine: {'line': b'-- Up-to-date: /home/yanji/robot_screwing/install/robot_msgs/share/robot_msgs/msg/RobotStatus.msg\n'}
[0.265401] (robot_msgs) StdoutLine: {'line': b'-- Up-to-date: /home/yanji/robot_screwing/install/robot_msgs/share/robot_msgs/msg/ControlCommand.msg\n'}
[0.265427] (robot_msgs) StdoutLine: {'line': b'-- Up-to-date: /home/yanji/robot_screwing/install/robot_msgs/share/robot_msgs/msg/RefStatus.msg\n'}
[0.265453] (robot_msgs) StdoutLine: {'line': b'-- Up-to-date: /home/yanji/robot_screwing/install/robot_msgs/share/robot_msgs/srv/StartPose.srv\n'}
[0.265479] (robot_msgs) StdoutLine: {'line': b'-- Up-to-date: /home/yanji/robot_screwing/install/robot_msgs/share/robot_msgs/srv/StartPose_Request.msg\n'}
[0.265535] (robot_msgs) StdoutLine: {'line': b'-- Up-to-date: /home/yanji/robot_screwing/install/robot_msgs/share/robot_msgs/srv/StartPose_Response.msg\n'}
[0.265564] (robot_msgs) StdoutLine: {'line': b'-- Up-to-date: /home/yanji/robot_screwing/install/robot_msgs/share/robot_msgs/action/Screw.action\n'}
[0.265592] (robot_msgs) StdoutLine: {'line': b'-- Up-to-date: /home/yanji/robot_screwing/install/robot_msgs/share/robot_msgs/msg/CurrentPub.msg\n'}
[0.265619] (robot_msgs) StdoutLine: {'line': b'-- Up-to-date: /home/yanji/robot_screwing/install/robot_msgs/share/robot_msgs/msg/WidthPub.msg\n'}
[0.265647] (robot_msgs) StdoutLine: {'line': b'-- Up-to-date: /home/yanji/robot_screwing/install/robot_msgs/share/ament_index/resource_index/package_run_dependencies/robot_msgs\n'}
[0.265674] (robot_msgs) StdoutLine: {'line': b'-- Up-to-date: /home/yanji/robot_screwing/install/robot_msgs/share/ament_index/resource_index/parent_prefix_path/robot_msgs\n'}
[0.265731] (robot_msgs) StdoutLine: {'line': b'-- Up-to-date: /home/yanji/robot_screwing/install/robot_msgs/share/robot_msgs/environment/ament_prefix_path.sh\n'}
[0.265758] (robot_msgs) StdoutLine: {'line': b'-- Up-to-date: /home/yanji/robot_screwing/install/robot_msgs/share/robot_msgs/environment/ament_prefix_path.dsv\n'}
[0.265785] (robot_msgs) StdoutLine: {'line': b'-- Up-to-date: /home/yanji/robot_screwing/install/robot_msgs/share/robot_msgs/environment/path.sh\n'}
[0.265811] (robot_msgs) StdoutLine: {'line': b'-- Up-to-date: /home/yanji/robot_screwing/install/robot_msgs/share/robot_msgs/environment/path.dsv\n'}
[0.265838] (robot_msgs) StdoutLine: {'line': b'-- Up-to-date: /home/yanji/robot_screwing/install/robot_msgs/share/robot_msgs/local_setup.bash\n'}
[0.265863] (robot_msgs) StdoutLine: {'line': b'-- Up-to-date: /home/yanji/robot_screwing/install/robot_msgs/share/robot_msgs/local_setup.sh\n'}
[0.265890] (robot_msgs) StdoutLine: {'line': b'-- Up-to-date: /home/yanji/robot_screwing/install/robot_msgs/share/robot_msgs/local_setup.zsh\n'}
[0.265916] (robot_msgs) StdoutLine: {'line': b'-- Up-to-date: /home/yanji/robot_screwing/install/robot_msgs/share/robot_msgs/local_setup.dsv\n'}
[0.265941] (robot_msgs) StdoutLine: {'line': b'-- Installing: /home/yanji/robot_screwing/install/robot_msgs/share/robot_msgs/package.dsv\n'}
[0.265990] (robot_msgs) StdoutLine: {'line': b'-- Up-to-date: /home/yanji/robot_screwing/install/robot_msgs/share/ament_index/resource_index/packages/robot_msgs\n'}
[0.266019] (robot_msgs) StdoutLine: {'line': b'-- Up-to-date: /home/yanji/robot_screwing/install/robot_msgs/share/robot_msgs/cmake/robot_msgs__rosidl_generator_cExport.cmake\n'}
[0.266046] (robot_msgs) StdoutLine: {'line': b'-- Up-to-date: /home/yanji/robot_screwing/install/robot_msgs/share/robot_msgs/cmake/robot_msgs__rosidl_generator_cExport-noconfig.cmake\n'}
[0.266114] (robot_msgs) StdoutLine: {'line': b'-- Up-to-date: /home/yanji/robot_screwing/install/robot_msgs/share/robot_msgs/cmake/robot_msgs__rosidl_typesupport_introspection_cExport.cmake\n'}
[0.266140] (robot_msgs) StdoutLine: {'line': b'-- Up-to-date: /home/yanji/robot_screwing/install/robot_msgs/share/robot_msgs/cmake/robot_msgs__rosidl_typesupport_introspection_cExport-noconfig.cmake\n'}
[0.266166] (robot_msgs) StdoutLine: {'line': b'-- Up-to-date: /home/yanji/robot_screwing/install/robot_msgs/share/robot_msgs/cmake/robot_msgs__rosidl_typesupport_cExport.cmake\n'}
[0.266193] (robot_msgs) StdoutLine: {'line': b'-- Up-to-date: /home/yanji/robot_screwing/install/robot_msgs/share/robot_msgs/cmake/robot_msgs__rosidl_typesupport_cExport-noconfig.cmake\n'}
[0.266219] (robot_msgs) StdoutLine: {'line': b'-- Up-to-date: /home/yanji/robot_screwing/install/robot_msgs/share/robot_msgs/cmake/robot_msgs__rosidl_generator_cppExport.cmake\n'}
[0.266246] (robot_msgs) StdoutLine: {'line': b'-- Up-to-date: /home/yanji/robot_screwing/install/robot_msgs/share/robot_msgs/cmake/robot_msgs__rosidl_typesupport_introspection_cppExport.cmake\n'}
[0.266301] (robot_msgs) StdoutLine: {'line': b'-- Up-to-date: /home/yanji/robot_screwing/install/robot_msgs/share/robot_msgs/cmake/robot_msgs__rosidl_typesupport_introspection_cppExport-noconfig.cmake\n'}
[0.266339] (robot_msgs) StdoutLine: {'line': b'-- Up-to-date: /home/yanji/robot_screwing/install/robot_msgs/share/robot_msgs/cmake/robot_msgs__rosidl_typesupport_cppExport.cmake\n'}
[0.266362] (robot_msgs) StdoutLine: {'line': b'-- Up-to-date: /home/yanji/robot_screwing/install/robot_msgs/share/robot_msgs/cmake/robot_msgs__rosidl_typesupport_cppExport-noconfig.cmake\n'}
[0.266385] (robot_msgs) StdoutLine: {'line': b'-- Up-to-date: /home/yanji/robot_screwing/install/robot_msgs/share/robot_msgs/cmake/rosidl_cmake-extras.cmake\n'}
[0.266407] (robot_msgs) StdoutLine: {'line': b'-- Up-to-date: /home/yanji/robot_screwing/install/robot_msgs/share/robot_msgs/cmake/ament_cmake_export_dependencies-extras.cmake\n'}
[0.266429] (robot_msgs) StdoutLine: {'line': b'-- Up-to-date: /home/yanji/robot_screwing/install/robot_msgs/share/robot_msgs/cmake/ament_cmake_export_libraries-extras.cmake\n'}
[0.266454] (robot_msgs) StdoutLine: {'line': b'-- Up-to-date: /home/yanji/robot_screwing/install/robot_msgs/share/robot_msgs/cmake/ament_cmake_export_targets-extras.cmake\n'}
[0.266478] (robot_msgs) StdoutLine: {'line': b'-- Up-to-date: /home/yanji/robot_screwing/install/robot_msgs/share/robot_msgs/cmake/ament_cmake_export_include_directories-extras.cmake\n'}
[0.266501] (robot_msgs) StdoutLine: {'line': b'-- Up-to-date: /home/yanji/robot_screwing/install/robot_msgs/share/robot_msgs/cmake/rosidl_cmake_export_typesupport_libraries-extras.cmake\n'}
[0.266523] (robot_msgs) StdoutLine: {'line': b'-- Up-to-date: /home/yanji/robot_screwing/install/robot_msgs/share/robot_msgs/cmake/rosidl_cmake_export_typesupport_targets-extras.cmake\n'}
[0.266546] (robot_msgs) StdoutLine: {'line': b'-- Up-to-date: /home/yanji/robot_screwing/install/robot_msgs/share/robot_msgs/cmake/robot_msgsConfig.cmake\n'}
[0.266569] (robot_msgs) StdoutLine: {'line': b'-- Up-to-date: /home/yanji/robot_screwing/install/robot_msgs/share/robot_msgs/cmake/robot_msgsConfig-version.cmake\n'}
[0.266592] (robot_msgs) StdoutLine: {'line': b'-- Up-to-date: /home/yanji/robot_screwing/install/robot_msgs/share/robot_msgs/package.xml\n'}
[0.267479] (robot_msgs) CommandEnded: {'returncode': 0}
[0.277143] (robot_msgs) JobEnded: {'identifier': 'robot_msgs', 'rc': 0}
[0.277602] (screw_robot_control) JobStarted: {'identifier': 'screw_robot_control'}
[0.281534] (screw_robot_control) JobProgress: {'identifier': 'screw_robot_control', 'progress': 'cmake'}
[0.281809] (screw_robot_control) JobProgress: {'identifier': 'screw_robot_control', 'progress': 'build'}
[0.281906] (screw_robot_control) Command: {'cmd': ['/usr/bin/cmake', '--build', '/home/yanji/robot_screwing/build/screw_robot_control', '--', '-j24', '-l24'], 'cwd': '/home/yanji/robot_screwing/build/screw_robot_control', 'env': OrderedDict([('LESSOPEN', '| /usr/bin/lesspipe %s'), ('LIBRARY_PATH', '/home/yanji/jaka_python:/home/yanji/jaka_python::/usr/local/cuda/lib64:/usr/local/cuda/lib64'), ('CONDA_PROMPT_MODIFIER', '(screwrobot)'), ('HTTPS_PROXY', 'http://127.0.0.1:7890/'), ('no_proxy', 'localhost,127.0.0.0/8,::1'), ('LANGUAGE', 'zh_CN:en'), ('USER', 'yanji'), ('LC_TIME', 'en_US.UTF-8'), ('all_proxy', 'socks://127.0.0.1:7891/'), ('SSH_AGENT_PID', '1993'), ('XDG_SESSION_TYPE', 'x11'), ('GIT_ASKPASS', '/usr/share/code/resources/app/extensions/git/dist/askpass.sh'), ('SHLVL', '2'), ('LD_LIBRARY_PATH', '/home/yanji/robot_screwing/install/robot_msgs/lib:/lib/x86_64-linux-gnu:/usr/lib/x86_64-linux-gnu:/home/yanji/robot_screwing/install/screw_robot_control/lib:/opt/ros/foxy/opt/yaml_cpp_vendor/lib:/opt/ros/foxy/opt/rviz_ogre_vendor/lib:/opt/ros/foxy/lib/x86_64-linux-gnu:/opt/ros/foxy/lib:/lib/x86_64-linux-gnu:/usr/lib/x86_64-linux-gnu:/usr/local/cuda/lib64:/usr/local/cuda/lib64'), ('HOME', '/home/yanji'), ('CHROME_DESKTOP', 'code.desktop'), ('CONDA_SHLVL', '1'), ('TERM_PROGRAM_VERSION', '1.97.2'), ('DESKTOP_SESSION', 'ubuntu'), ('NO_PROXY', 'localhost,127.0.0.0/8,::1'), ('ROS_PYTHON_VERSION', '3'), ('GNOME_SHELL_SESSION_MODE', 'ubuntu'), ('GTK_MODULES', 'gail:atk-bridge'), ('XDG_SEAT_PATH', '/org/freedesktop/DisplayManager/Seat0'), ('VSCODE_GIT_ASKPASS_MAIN', '/usr/share/code/resources/app/extensions/git/dist/askpass-main.js'), ('PS1', '\\[\x1b]633;A\x07\\](screwrobot) \\[\\e]0;\\u@\\h: \\w\\a\\]${debian_chroot:+($debian_chroot)}\\[\\033[01;32m\\]\\u@\\h\\[\\033[00m\\]:\\[\\033[01;34m\\]\\w\\[\\033[00m\\]\\$ \\[\x1b]633;B\x07\\]'), ('LC_MONETARY', 'en_US.UTF-8'), ('VSCODE_GIT_ASKPASS_NODE', '/usr/share/code/code'), ('MANAGERPID', '1903'), ('PYDEVD_DISABLE_FILE_VALIDATION', '1'), ('BUNDLED_DEBUGPY_PATH', '/home/yanji/.vscode/extensions/ms-python.debugpy-2025.8.0-linux-x64/bundled/libs/debugpy'), ('DBUS_SESSION_BUS_ADDRESS', 'unix:path=/run/user/1000/bus'), ('COLORTERM', 'truecolor'), ('_CE_M', ''), ('IM_CONFIG_PHASE', '1'), ('https_proxy', 'http://127.0.0.1:7890/'), ('COLCON_PREFIX_PATH', '/home/yanji/robot_screwing/install'), ('ROS_DISTRO', 'foxy'), ('LOGNAME', 'yanji'), ('CONDA_ROOT', '/home/yanji/anaconda3'), ('ALL_PROXY', 'socks://127.0.0.1:7891/'), ('http_proxy', 'http://127.0.0.1:7890/'), ('JOURNAL_STREAM', '8:53881'), ('_', '/usr/bin/colcon'), ('ROS_VERSION', '2'), ('XDG_SESSION_CLASS', 'user'), ('TERM', 'xterm-256color'), ('GNOME_DESKTOP_SESSION_ID', 'this-is-deprecated'), ('_CE_CONDA', ''), ('ROS_LOCALHOST_ONLY', '0'), ('PATH', '/home/yanji/anaconda3/envs/screwrobot/bin:/opt/ros/foxy/bin:/usr/lib/ccache:/home/yanji/anaconda3/condabin:/home/yanji/.local/bin:/usr/local/sbin:/usr/local/bin:/usr/sbin:/usr/bin:/sbin:/bin:/usr/games:/usr/local/games:/snap/bin:/usr/local/cuda/bin:/home/yanji/pycharm/bin:/opt/ros/foxy/bin:/usr/lib/ccache:/home/yanji/anaconda3/envs/screwrobot/bin:/usr/lib/ccache:/home/yanji/anaconda3/condabin:/home/yanji/.local/bin:/usr/local/sbin:/usr/local/bin:/usr/sbin:/usr/bin:/sbin:/bin:/usr/games:/usr/local/games:/snap/bin:/usr/local/cuda/bin:/home/yanji/pycharm/bin:/home/yanji/anaconda3/envs/screwrobot/bin:/usr/lib/ccache:/home/yanji/anaconda3/condabin:/home/yanji/.local/bin:/usr/local/sbin:/usr/local/bin:/usr/sbin:/usr/bin:/sbin:/bin:/usr/games:/usr/local/games:/snap/bin:/usr/local/cuda/bin:/home/yanji/pycharm/bin/:/usr/local/cuda/bin:/home/yanji/pycharm/bin/'), ('SESSION_MANAGER', 'local/yanji-server:@/tmp/.ICE-unix/2030,unix/yanji-server:/tmp/.ICE-unix/2030'), ('GDM_LANG', 'zh_CN'), ('INVOCATION_ID', '1a73730a848f4039820fc51d943cdeaf'), ('PAPERSIZE', 'letter'), ('XDG_SESSION_PATH', '/org/freedesktop/DisplayManager/Session0'), ('XDG_MENU_PREFIX', 'gnome-'), ('LC_ADDRESS', 'en_US.UTF-8'), ('GNOME_TERMINAL_SCREEN', '/org/gnome/Terminal/screen/0f059cac_bf80_4e58_bb36_632a4875c5b5'), ('XDG_RUNTIME_DIR', '/run/user/1000'), ('GDK_BACKEND', 'x11'), ('DISPLAY', ':0'), ('VSCODE_DEBUGPY_ADAPTER_ENDPOINTS', '/home/yanji/.vscode/extensions/ms-python.debugpy-2025.8.0-linux-x64/.noConfigDebugAdapterEndpoints/endpoint-35e173d817dea6ca.txt'), ('LANG', 'zh_CN.UTF-8'), ('XDG_CURRENT_DESKTOP', 'Unity'), ('LC_TELEPHONE', 'en_US.UTF-8'), ('XMODIFIERS', '@im=ibus'), ('XDG_SESSION_DESKTOP', 'ubuntu'), ('XAUTHORITY', '/home/yanji/.Xauthority'), ('LS_COLORS', 'rs=0:di=01;34:ln=01;36:mh=00:pi=40;33:so=01;35:do=01;35:bd=40;33;01:cd=40;33;01:or=40;31;01:mi=00:su=37;41:sg=30;43:ca=30;41:tw=30;42:ow=34;42:st=37;44:ex=01;32:*.tar=01;31:*.tgz=01;31:*.arc=01;31:*.arj=01;31:*.taz=01;31:*.lha=01;31:*.lz4=01;31:*.lzh=01;31:*.lzma=01;31:*.tlz=01;31:*.txz=01;31:*.tzo=01;31:*.t7z=01;31:*.zip=01;31:*.z=01;31:*.dz=01;31:*.gz=01;31:*.lrz=01;31:*.lz=01;31:*.lzo=01;31:*.xz=01;31:*.zst=01;31:*.tzst=01;31:*.bz2=01;31:*.bz=01;31:*.tbz=01;31:*.tbz2=01;31:*.tz=01;31:*.deb=01;31:*.rpm=01;31:*.jar=01;31:*.war=01;31:*.ear=01;31:*.sar=01;31:*.rar=01;31:*.alz=01;31:*.ace=01;31:*.zoo=01;31:*.cpio=01;31:*.7z=01;31:*.rz=01;31:*.cab=01;31:*.wim=01;31:*.swm=01;31:*.dwm=01;31:*.esd=01;31:*.jpg=01;35:*.jpeg=01;35:*.mjpg=01;35:*.mjpeg=01;35:*.gif=01;35:*.bmp=01;35:*.pbm=01;35:*.pgm=01;35:*.ppm=01;35:*.tga=01;35:*.xbm=01;35:*.xpm=01;35:*.tif=01;35:*.tiff=01;35:*.png=01;35:*.svg=01;35:*.svgz=01;35:*.mng=01;35:*.pcx=01;35:*.mov=01;35:*.mpg=01;35:*.mpeg=01;35:*.m2v=01;35:*.mkv=01;35:*.webm=01;35:*.ogm=01;35:*.mp4=01;35:*.m4v=01;35:*.mp4v=01;35:*.vob=01;35:*.qt=01;35:*.nuv=01;35:*.wmv=01;35:*.asf=01;35:*.rm=01;35:*.rmvb=01;35:*.flc=01;35:*.avi=01;35:*.fli=01;35:*.flv=01;35:*.gl=01;35:*.dl=01;35:*.xcf=01;35:*.xwd=01;35:*.yuv=01;35:*.cgm=01;35:*.emf=01;35:*.ogv=01;35:*.ogx=01;35:*.aac=00;36:*.au=00;36:*.flac=00;36:*.m4a=00;36:*.mid=00;36:*.midi=00;36:*.mka=00;36:*.mp3=00;36:*.mpc=00;36:*.ogg=00;36:*.ra=00;36:*.wav=00;36:*.oga=00;36:*.opus=00;36:*.spx=00;36:*.xspf=00;36:'), ('VSCODE_GIT_IPC_HANDLE', '/run/user/1000/vscode-git-51992ed709.sock'), ('GNOME_TERMINAL_SERVICE', ':1.81'), ('TERM_PROGRAM', 'vscode'), ('SSH_AUTH_SOCK', '/run/user/1000/keyring/ssh'), ('XDG_GREETER_DATA_DIR', '/var/lib/lightdm-data/yanji'), ('AMENT_PREFIX_PATH', '/home/yanji/robot_screwing/install/screw_robot_control:/home/yanji/robot_screwing/install/robot_msgs:/home/yanji/robot_screwing/install/real_robot:/home/yanji/robot_screwing/install/mj_sim:/opt/ros/foxy'), ('CONDA_PYTHON_EXE', '/home/yanji/anaconda3/bin/python'), ('ORIGINAL_XDG_CURRENT_DESKTOP', 'ubuntu:GNOME'), ('SHELL', '/bin/bash'), ('LC_NAME', 'en_US.UTF-8'), ('QT_ACCESSIBILITY', '1'), ('GDMSESSION', 'ubuntu'), ('LESSCLOSE', '/usr/bin/lesspipe %s %s'), ('CONDA_DEFAULT_ENV', 'screwrobot'), ('LC_MEASUREMENT', 'en_US.UTF-8'), ('GPG_AGENT_INFO', '/run/user/1000/gnupg/S.gpg-agent:0:1'), ('LC_IDENTIFICATION', 'en_US.UTF-8'), ('VSCODE_GIT_ASKPASS_EXTRA_ARGS', ''), ('QT_IM_MODULE', 'ibus'), ('PWD', '/home/yanji/robot_screwing/build/screw_robot_control'), ('LC_ALL', 'en_US.UTF-8'), ('XDG_CONFIG_DIRS', '/etc/xdg/xdg-ubuntu:/etc/xdg'), ('CONDA_EXE', '/home/yanji/anaconda3/bin/conda'), ('XDG_DATA_DIRS', '/usr/share/ubuntu:/home/yanji/.local/share/flatpak/exports/share:/var/lib/flatpak/exports/share:/usr/local/share:/usr/share:/var/lib/snapd/desktop'), ('PYTHONPATH', '/home/yanji/robot_screwing/install/robot_msgs/lib/python3.8/site-packages:/home/yanji/robot_screwing/install/real_robot/lib/python3.8/site-packages:/home/yanji/robot_screwing/install/mj_sim/lib/python3.8/site-packages:/opt/ros/foxy/lib/python3.8/site-packages'), ('HTTP_PROXY', 'http://127.0.0.1:7890/'), ('LC_NUMERIC', 'en_US.UTF-8'), ('CONDA_PREFIX', '/home/yanji/anaconda3/envs/screwrobot'), ('LC_PAPER', 'en_US.UTF-8'), ('COLCON', '1'), ('VTE_VERSION', '6003'), ('CMAKE_PREFIX_PATH', '/home/yanji/robot_screwing/install/robot_msgs:/home/yanji/robot_screwing/install/screw_robot_control:/home/yanji/robot_screwing/install/real_robot:/home/yanji/robot_screwing/install/mj_sim:/opt/ros/foxy')]), 'shell': False}
[0.300511] (-) TimerEvent: {}
[0.307247] (screw_robot_control) StdoutLine: {'line': b'[ 25%] Built target SERVO_MOTOR\n'}
[0.321049] (screw_robot_control) StdoutLine: {'line': b'[ 50%] Built target SCREWING_TOOL\n'}
[0.327080] (screw_robot_control) StdoutLine: {'line': b'\x1b[35m\x1b[1mScanning dependencies of target right_arm_control\x1b[0m\n'}
[0.333431] (screw_robot_control) StdoutLine: {'line': b'[ 62%] \x1b[32mBuilding CXX object CMakeFiles/task_control_screw.dir/src/task_control_screw.cpp.o\x1b[0m\n'}
[0.348442] (screw_robot_control) StdoutLine: {'line': b'[ 75%] \x1b[32mBuilding CXX object CMakeFiles/right_arm_control.dir/src/right_arm_control.cpp.o\x1b[0m\n'}
[0.400585] (-) TimerEvent: {}
[0.439390] (mj_sim) Command: {'cmd': ['/usr/bin/python3', '-W', 'ignore:setup.py install is deprecated', '-W', 'ignore:easy_install command is deprecated', 'setup.py', 'egg_info', '--egg-base', '../../build/mj_sim', 'build', '--build-base', '/home/yanji/robot_screwing/build/mj_sim/build', 'install', '--record', '/home/yanji/robot_screwing/build/mj_sim/install.log', '--install-scripts', '$base/lib/mj_sim', '--single-version-externally-managed', 'install_data'], 'cwd': '/home/yanji/robot_screwing/src/mj_sim', 'env': {'LESSOPEN': '| /usr/bin/lesspipe %s', 'LIBRARY_PATH': '/home/yanji/jaka_python:/home/yanji/jaka_python::/usr/local/cuda/lib64:/usr/local/cuda/lib64', 'CONDA_PROMPT_MODIFIER': '(screwrobot)', 'HTTPS_PROXY': 'http://127.0.0.1:7890/', 'no_proxy': 'localhost,127.0.0.0/8,::1', 'LANGUAGE': 'zh_CN:en', 'USER': 'yanji', 'LC_TIME': 'en_US.UTF-8', 'all_proxy': 'socks://127.0.0.1:7891/', 'SSH_AGENT_PID': '1993', 'XDG_SESSION_TYPE': 'x11', 'GIT_ASKPASS': '/usr/share/code/resources/app/extensions/git/dist/askpass.sh', 'SHLVL': '2', 'LD_LIBRARY_PATH': '/lib/x86_64-linux-gnu:/usr/lib/x86_64-linux-gnu:/home/yanji/robot_screwing/install/screw_robot_control/lib:/home/yanji/robot_screwing/install/robot_msgs/lib:/opt/ros/foxy/opt/yaml_cpp_vendor/lib:/opt/ros/foxy/opt/rviz_ogre_vendor/lib:/opt/ros/foxy/lib/x86_64-linux-gnu:/opt/ros/foxy/lib:/lib/x86_64-linux-gnu:/usr/lib/x86_64-linux-gnu::/usr/local/cuda/lib64:/usr/local/cuda/lib64', 'HOME': '/home/yanji', 'CHROME_DESKTOP': 'code.desktop', 'CONDA_SHLVL': '1', 'TERM_PROGRAM_VERSION': '1.97.2', 'DESKTOP_SESSION': 'ubuntu', 'NO_PROXY': 'localhost,127.0.0.0/8,::1', 'ROS_PYTHON_VERSION': '3', 'GNOME_SHELL_SESSION_MODE': 'ubuntu', 'GTK_MODULES': 'gail:atk-bridge', 'XDG_SEAT_PATH': '/org/freedesktop/DisplayManager/Seat0', 'VSCODE_GIT_ASKPASS_MAIN': '/usr/share/code/resources/app/extensions/git/dist/askpass-main.js', 'PS1': '\\[\x1b]633;A\x07\\](screwrobot) \\[\\e]0;\\u@\\h: \\w\\a\\]${debian_chroot:+($debian_chroot)}\\[\\033[01;32m\\]\\u@\\h\\[\\033[00m\\]:\\[\\033[01;34m\\]\\w\\[\\033[00m\\]\\$ \\[\x1b]633;B\x07\\]', 'LC_MONETARY': 'en_US.UTF-8', 'VSCODE_GIT_ASKPASS_NODE': '/usr/share/code/code', 'MANAGERPID': '1903', 'PYDEVD_DISABLE_FILE_VALIDATION': '1', 'BUNDLED_DEBUGPY_PATH': '/home/yanji/.vscode/extensions/ms-python.debugpy-2025.8.0-linux-x64/bundled/libs/debugpy', 'DBUS_SESSION_BUS_ADDRESS': 'unix:path=/run/user/1000/bus', 'COLORTERM': 'truecolor', '_CE_M': '', 'IM_CONFIG_PHASE': '1', 'https_proxy': 'http://127.0.0.1:7890/', 'COLCON_PREFIX_PATH': '/home/yanji/robot_screwing/install', 'ROS_DISTRO': 'foxy', 'LOGNAME': 'yanji', 'CONDA_ROOT': '/home/yanji/anaconda3', 'ALL_PROXY': 'socks://127.0.0.1:7891/', 'http_proxy': 'http://127.0.0.1:7890/', 'JOURNAL_STREAM': '8:53881', '_': '/usr/bin/colcon', 'ROS_VERSION': '2', 'XDG_SESSION_CLASS': 'user', 'TERM': 'xterm-256color', 'GNOME_DESKTOP_SESSION_ID': 'this-is-deprecated', '_CE_CONDA': '', 'ROS_LOCALHOST_ONLY': '0', 'PATH': '/home/yanji/anaconda3/envs/screwrobot/bin:/opt/ros/foxy/bin:/usr/lib/ccache:/home/yanji/anaconda3/condabin:/home/yanji/.local/bin:/usr/local/sbin:/usr/local/bin:/usr/sbin:/usr/bin:/sbin:/bin:/usr/games:/usr/local/games:/snap/bin:/usr/local/cuda/bin:/home/yanji/pycharm/bin:/opt/ros/foxy/bin:/usr/lib/ccache:/home/yanji/anaconda3/envs/screwrobot/bin:/usr/lib/ccache:/home/yanji/anaconda3/condabin:/home/yanji/.local/bin:/usr/local/sbin:/usr/local/bin:/usr/sbin:/usr/bin:/sbin:/bin:/usr/games:/usr/local/games:/snap/bin:/usr/local/cuda/bin:/home/yanji/pycharm/bin:/home/yanji/anaconda3/envs/screwrobot/bin:/usr/lib/ccache:/home/yanji/anaconda3/condabin:/home/yanji/.local/bin:/usr/local/sbin:/usr/local/bin:/usr/sbin:/usr/bin:/sbin:/bin:/usr/games:/usr/local/games:/snap/bin:/usr/local/cuda/bin:/home/yanji/pycharm/bin/:/usr/local/cuda/bin:/home/yanji/pycharm/bin/', 'SESSION_MANAGER': 'local/yanji-server:@/tmp/.ICE-unix/2030,unix/yanji-server:/tmp/.ICE-unix/2030', 'GDM_LANG': 'zh_CN', 'INVOCATION_ID': '1a73730a848f4039820fc51d943cdeaf', 'PAPERSIZE': 'letter', 'XDG_SESSION_PATH': '/org/freedesktop/DisplayManager/Session0', 'XDG_MENU_PREFIX': 'gnome-', 'LC_ADDRESS': 'en_US.UTF-8', 'GNOME_TERMINAL_SCREEN': '/org/gnome/Terminal/screen/0f059cac_bf80_4e58_bb36_632a4875c5b5', 'XDG_RUNTIME_DIR': '/run/user/1000', 'GDK_BACKEND': 'x11', 'DISPLAY': ':0', 'VSCODE_DEBUGPY_ADAPTER_ENDPOINTS': '/home/yanji/.vscode/extensions/ms-python.debugpy-2025.8.0-linux-x64/.noConfigDebugAdapterEndpoints/endpoint-35e173d817dea6ca.txt', 'LANG': 'zh_CN.UTF-8', 'XDG_CURRENT_DESKTOP': 'Unity', 'LC_TELEPHONE': 'en_US.UTF-8', 'XMODIFIERS': '@im=ibus', 'XDG_SESSION_DESKTOP': 'ubuntu', 'XAUTHORITY': '/home/yanji/.Xauthority', 'LS_COLORS': 'rs=0:di=01;34:ln=01;36:mh=00:pi=40;33:so=01;35:do=01;35:bd=40;33;01:cd=40;33;01:or=40;31;01:mi=00:su=37;41:sg=30;43:ca=30;41:tw=30;42:ow=34;42:st=37;44:ex=01;32:*.tar=01;31:*.tgz=01;31:*.arc=01;31:*.arj=01;31:*.taz=01;31:*.lha=01;31:*.lz4=01;31:*.lzh=01;31:*.lzma=01;31:*.tlz=01;31:*.txz=01;31:*.tzo=01;31:*.t7z=01;31:*.zip=01;31:*.z=01;31:*.dz=01;31:*.gz=01;31:*.lrz=01;31:*.lz=01;31:*.lzo=01;31:*.xz=01;31:*.zst=01;31:*.tzst=01;31:*.bz2=01;31:*.bz=01;31:*.tbz=01;31:*.tbz2=01;31:*.tz=01;31:*.deb=01;31:*.rpm=01;31:*.jar=01;31:*.war=01;31:*.ear=01;31:*.sar=01;31:*.rar=01;31:*.alz=01;31:*.ace=01;31:*.zoo=01;31:*.cpio=01;31:*.7z=01;31:*.rz=01;31:*.cab=01;31:*.wim=01;31:*.swm=01;31:*.dwm=01;31:*.esd=01;31:*.jpg=01;35:*.jpeg=01;35:*.mjpg=01;35:*.mjpeg=01;35:*.gif=01;35:*.bmp=01;35:*.pbm=01;35:*.pgm=01;35:*.ppm=01;35:*.tga=01;35:*.xbm=01;35:*.xpm=01;35:*.tif=01;35:*.tiff=01;35:*.png=01;35:*.svg=01;35:*.svgz=01;35:*.mng=01;35:*.pcx=01;35:*.mov=01;35:*.mpg=01;35:*.mpeg=01;35:*.m2v=01;35:*.mkv=01;35:*.webm=01;35:*.ogm=01;35:*.mp4=01;35:*.m4v=01;35:*.mp4v=01;35:*.vob=01;35:*.qt=01;35:*.nuv=01;35:*.wmv=01;35:*.asf=01;35:*.rm=01;35:*.rmvb=01;35:*.flc=01;35:*.avi=01;35:*.fli=01;35:*.flv=01;35:*.gl=01;35:*.dl=01;35:*.xcf=01;35:*.xwd=01;35:*.yuv=01;35:*.cgm=01;35:*.emf=01;35:*.ogv=01;35:*.ogx=01;35:*.aac=00;36:*.au=00;36:*.flac=00;36:*.m4a=00;36:*.mid=00;36:*.midi=00;36:*.mka=00;36:*.mp3=00;36:*.mpc=00;36:*.ogg=00;36:*.ra=00;36:*.wav=00;36:*.oga=00;36:*.opus=00;36:*.spx=00;36:*.xspf=00;36:', 'VSCODE_GIT_IPC_HANDLE': '/run/user/1000/vscode-git-51992ed709.sock', 'GNOME_TERMINAL_SERVICE': ':1.81', 'TERM_PROGRAM': 'vscode', 'SSH_AUTH_SOCK': '/run/user/1000/keyring/ssh', 'XDG_GREETER_DATA_DIR': '/var/lib/lightdm-data/yanji', 'AMENT_PREFIX_PATH': '/home/yanji/robot_screwing/install/screw_robot_control:/home/yanji/robot_screwing/install/robot_msgs:/home/yanji/robot_screwing/install/real_robot:/home/yanji/robot_screwing/install/mj_sim:/opt/ros/foxy', 'CONDA_PYTHON_EXE': '/home/yanji/anaconda3/bin/python', 'ORIGINAL_XDG_CURRENT_DESKTOP': 'ubuntu:GNOME', 'SHELL': '/bin/bash', 'LC_NAME': 'en_US.UTF-8', 'QT_ACCESSIBILITY': '1', 'GDMSESSION': 'ubuntu', 'LESSCLOSE': '/usr/bin/lesspipe %s %s', 'CONDA_DEFAULT_ENV': 'screwrobot', 'LC_MEASUREMENT': 'en_US.UTF-8', 'GPG_AGENT_INFO': '/run/user/1000/gnupg/S.gpg-agent:0:1', 'LC_IDENTIFICATION': 'en_US.UTF-8', 'VSCODE_GIT_ASKPASS_EXTRA_ARGS': '', 'QT_IM_MODULE': 'ibus', 'PWD': '/home/yanji/robot_screwing/build/mj_sim', 'LC_ALL': 'en_US.UTF-8', 'XDG_CONFIG_DIRS': '/etc/xdg/xdg-ubuntu:/etc/xdg', 'CONDA_EXE': '/home/yanji/anaconda3/bin/conda', 'XDG_DATA_DIRS': '/usr/share/ubuntu:/home/yanji/.local/share/flatpak/exports/share:/var/lib/flatpak/exports/share:/usr/local/share:/usr/share:/var/lib/snapd/desktop', 'PYTHONPATH': '/home/yanji/robot_screwing/build/mj_sim/prefix_override:/usr/lib/python3/dist-packages/colcon_core/task/python/colcon_distutils_commands:/home/yanji/robot_screwing/install/mj_sim/lib/python3.8/site-packages:/home/yanji/robot_screwing/install/robot_msgs/lib/python3.8/site-packages:/home/yanji/robot_screwing/install/real_robot/lib/python3.8/site-packages:/home/yanji/robot_screwing/install/mj_sim/lib/python3.8/site-packages:/opt/ros/foxy/lib/python3.8/site-packages', 'HTTP_PROXY': 'http://127.0.0.1:7890/', 'LC_NUMERIC': 'en_US.UTF-8', 'CONDA_PREFIX': '/home/yanji/anaconda3/envs/screwrobot', 'LC_PAPER': 'en_US.UTF-8', 'COLCON': '1', 'VTE_VERSION': '6003', 'CMAKE_PREFIX_PATH': '/home/yanji/robot_screwing/install/screw_robot_control:/home/yanji/robot_screwing/install/robot_msgs'}, 'shell': False}
[0.441940] (real_robot) Command: {'cmd': ['/usr/bin/python3', '-W', 'ignore:setup.py install is deprecated', '-W', 'ignore:easy_install command is deprecated', 'setup.py', 'egg_info', '--egg-base', '../../build/real_robot', 'build', '--build-base', '/home/yanji/robot_screwing/build/real_robot/build', 'install', '--record', '/home/yanji/robot_screwing/build/real_robot/install.log', '--install-scripts', '$base/lib/real_robot', '--single-version-externally-managed', 'install_data'], 'cwd': '/home/yanji/robot_screwing/src/real_robot', 'env': {'LESSOPEN': '| /usr/bin/lesspipe %s', 'LIBRARY_PATH': '/home/yanji/jaka_python:/home/yanji/jaka_python::/usr/local/cuda/lib64:/usr/local/cuda/lib64', 'CONDA_PROMPT_MODIFIER': '(screwrobot)', 'HTTPS_PROXY': 'http://127.0.0.1:7890/', 'no_proxy': 'localhost,127.0.0.0/8,::1', 'LANGUAGE': 'zh_CN:en', 'USER': 'yanji', 'LC_TIME': 'en_US.UTF-8', 'all_proxy': 'socks://127.0.0.1:7891/', 'SSH_AGENT_PID': '1993', 'XDG_SESSION_TYPE': 'x11', 'GIT_ASKPASS': '/usr/share/code/resources/app/extensions/git/dist/askpass.sh', 'SHLVL': '2', 'LD_LIBRARY_PATH': '/lib/x86_64-linux-gnu:/usr/lib/x86_64-linux-gnu:/home/yanji/robot_screwing/install/screw_robot_control/lib:/home/yanji/robot_screwing/install/robot_msgs/lib:/opt/ros/foxy/opt/yaml_cpp_vendor/lib:/opt/ros/foxy/opt/rviz_ogre_vendor/lib:/opt/ros/foxy/lib/x86_64-linux-gnu:/opt/ros/foxy/lib:/lib/x86_64-linux-gnu:/usr/lib/x86_64-linux-gnu::/usr/local/cuda/lib64:/usr/local/cuda/lib64', 'HOME': '/home/yanji', 'CHROME_DESKTOP': 'code.desktop', 'CONDA_SHLVL': '1', 'TERM_PROGRAM_VERSION': '1.97.2', 'DESKTOP_SESSION': 'ubuntu', 'NO_PROXY': 'localhost,127.0.0.0/8,::1', 'ROS_PYTHON_VERSION': '3', 'GNOME_SHELL_SESSION_MODE': 'ubuntu', 'GTK_MODULES': 'gail:atk-bridge', 'XDG_SEAT_PATH': '/org/freedesktop/DisplayManager/Seat0', 'VSCODE_GIT_ASKPASS_MAIN': '/usr/share/code/resources/app/extensions/git/dist/askpass-main.js', 'PS1': '\\[\x1b]633;A\x07\\](screwrobot) \\[\\e]0;\\u@\\h: \\w\\a\\]${debian_chroot:+($debian_chroot)}\\[\\033[01;32m\\]\\u@\\h\\[\\033[00m\\]:\\[\\033[01;34m\\]\\w\\[\\033[00m\\]\\$ \\[\x1b]633;B\x07\\]', 'LC_MONETARY': 'en_US.UTF-8', 'VSCODE_GIT_ASKPASS_NODE': '/usr/share/code/code', 'MANAGERPID': '1903', 'PYDEVD_DISABLE_FILE_VALIDATION': '1', 'BUNDLED_DEBUGPY_PATH': '/home/yanji/.vscode/extensions/ms-python.debugpy-2025.8.0-linux-x64/bundled/libs/debugpy', 'DBUS_SESSION_BUS_ADDRESS': 'unix:path=/run/user/1000/bus', 'COLORTERM': 'truecolor', '_CE_M': '', 'IM_CONFIG_PHASE': '1', 'https_proxy': 'http://127.0.0.1:7890/', 'COLCON_PREFIX_PATH': '/home/yanji/robot_screwing/install', 'ROS_DISTRO': 'foxy', 'LOGNAME': 'yanji', 'CONDA_ROOT': '/home/yanji/anaconda3', 'ALL_PROXY': 'socks://127.0.0.1:7891/', 'http_proxy': 'http://127.0.0.1:7890/', 'JOURNAL_STREAM': '8:53881', '_': '/usr/bin/colcon', 'ROS_VERSION': '2', 'XDG_SESSION_CLASS': 'user', 'TERM': 'xterm-256color', 'GNOME_DESKTOP_SESSION_ID': 'this-is-deprecated', '_CE_CONDA': '', 'ROS_LOCALHOST_ONLY': '0', 'PATH': '/home/yanji/anaconda3/envs/screwrobot/bin:/opt/ros/foxy/bin:/usr/lib/ccache:/home/yanji/anaconda3/condabin:/home/yanji/.local/bin:/usr/local/sbin:/usr/local/bin:/usr/sbin:/usr/bin:/sbin:/bin:/usr/games:/usr/local/games:/snap/bin:/usr/local/cuda/bin:/home/yanji/pycharm/bin:/opt/ros/foxy/bin:/usr/lib/ccache:/home/yanji/anaconda3/envs/screwrobot/bin:/usr/lib/ccache:/home/yanji/anaconda3/condabin:/home/yanji/.local/bin:/usr/local/sbin:/usr/local/bin:/usr/sbin:/usr/bin:/sbin:/bin:/usr/games:/usr/local/games:/snap/bin:/usr/local/cuda/bin:/home/yanji/pycharm/bin:/home/yanji/anaconda3/envs/screwrobot/bin:/usr/lib/ccache:/home/yanji/anaconda3/condabin:/home/yanji/.local/bin:/usr/local/sbin:/usr/local/bin:/usr/sbin:/usr/bin:/sbin:/bin:/usr/games:/usr/local/games:/snap/bin:/usr/local/cuda/bin:/home/yanji/pycharm/bin/:/usr/local/cuda/bin:/home/yanji/pycharm/bin/', 'SESSION_MANAGER': 'local/yanji-server:@/tmp/.ICE-unix/2030,unix/yanji-server:/tmp/.ICE-unix/2030', 'GDM_LANG': 'zh_CN', 'INVOCATION_ID': '1a73730a848f4039820fc51d943cdeaf', 'PAPERSIZE': 'letter', 'XDG_SESSION_PATH': '/org/freedesktop/DisplayManager/Session0', 'XDG_MENU_PREFIX': 'gnome-', 'LC_ADDRESS': 'en_US.UTF-8', 'GNOME_TERMINAL_SCREEN': '/org/gnome/Terminal/screen/0f059cac_bf80_4e58_bb36_632a4875c5b5', 'XDG_RUNTIME_DIR': '/run/user/1000', 'GDK_BACKEND': 'x11', 'DISPLAY': ':0', 'VSCODE_DEBUGPY_ADAPTER_ENDPOINTS': '/home/yanji/.vscode/extensions/ms-python.debugpy-2025.8.0-linux-x64/.noConfigDebugAdapterEndpoints/endpoint-35e173d817dea6ca.txt', 'LANG': 'zh_CN.UTF-8', 'XDG_CURRENT_DESKTOP': 'Unity', 'LC_TELEPHONE': 'en_US.UTF-8', 'XMODIFIERS': '@im=ibus', 'XDG_SESSION_DESKTOP': 'ubuntu', 'XAUTHORITY': '/home/yanji/.Xauthority', 'LS_COLORS': 'rs=0:di=01;34:ln=01;36:mh=00:pi=40;33:so=01;35:do=01;35:bd=40;33;01:cd=40;33;01:or=40;31;01:mi=00:su=37;41:sg=30;43:ca=30;41:tw=30;42:ow=34;42:st=37;44:ex=01;32:*.tar=01;31:*.tgz=01;31:*.arc=01;31:*.arj=01;31:*.taz=01;31:*.lha=01;31:*.lz4=01;31:*.lzh=01;31:*.lzma=01;31:*.tlz=01;31:*.txz=01;31:*.tzo=01;31:*.t7z=01;31:*.zip=01;31:*.z=01;31:*.dz=01;31:*.gz=01;31:*.lrz=01;31:*.lz=01;31:*.lzo=01;31:*.xz=01;31:*.zst=01;31:*.tzst=01;31:*.bz2=01;31:*.bz=01;31:*.tbz=01;31:*.tbz2=01;31:*.tz=01;31:*.deb=01;31:*.rpm=01;31:*.jar=01;31:*.war=01;31:*.ear=01;31:*.sar=01;31:*.rar=01;31:*.alz=01;31:*.ace=01;31:*.zoo=01;31:*.cpio=01;31:*.7z=01;31:*.rz=01;31:*.cab=01;31:*.wim=01;31:*.swm=01;31:*.dwm=01;31:*.esd=01;31:*.jpg=01;35:*.jpeg=01;35:*.mjpg=01;35:*.mjpeg=01;35:*.gif=01;35:*.bmp=01;35:*.pbm=01;35:*.pgm=01;35:*.ppm=01;35:*.tga=01;35:*.xbm=01;35:*.xpm=01;35:*.tif=01;35:*.tiff=01;35:*.png=01;35:*.svg=01;35:*.svgz=01;35:*.mng=01;35:*.pcx=01;35:*.mov=01;35:*.mpg=01;35:*.mpeg=01;35:*.m2v=01;35:*.mkv=01;35:*.webm=01;35:*.ogm=01;35:*.mp4=01;35:*.m4v=01;35:*.mp4v=01;35:*.vob=01;35:*.qt=01;35:*.nuv=01;35:*.wmv=01;35:*.asf=01;35:*.rm=01;35:*.rmvb=01;35:*.flc=01;35:*.avi=01;35:*.fli=01;35:*.flv=01;35:*.gl=01;35:*.dl=01;35:*.xcf=01;35:*.xwd=01;35:*.yuv=01;35:*.cgm=01;35:*.emf=01;35:*.ogv=01;35:*.ogx=01;35:*.aac=00;36:*.au=00;36:*.flac=00;36:*.m4a=00;36:*.mid=00;36:*.midi=00;36:*.mka=00;36:*.mp3=00;36:*.mpc=00;36:*.ogg=00;36:*.ra=00;36:*.wav=00;36:*.oga=00;36:*.opus=00;36:*.spx=00;36:*.xspf=00;36:', 'VSCODE_GIT_IPC_HANDLE': '/run/user/1000/vscode-git-51992ed709.sock', 'GNOME_TERMINAL_SERVICE': ':1.81', 'TERM_PROGRAM': 'vscode', 'SSH_AUTH_SOCK': '/run/user/1000/keyring/ssh', 'XDG_GREETER_DATA_DIR': '/var/lib/lightdm-data/yanji', 'AMENT_PREFIX_PATH': '/home/yanji/robot_screwing/install/screw_robot_control:/home/yanji/robot_screwing/install/robot_msgs:/home/yanji/robot_screwing/install/real_robot:/home/yanji/robot_screwing/install/mj_sim:/opt/ros/foxy', 'CONDA_PYTHON_EXE': '/home/yanji/anaconda3/bin/python', 'ORIGINAL_XDG_CURRENT_DESKTOP': 'ubuntu:GNOME', 'SHELL': '/bin/bash', 'LC_NAME': 'en_US.UTF-8', 'QT_ACCESSIBILITY': '1', 'GDMSESSION': 'ubuntu', 'LESSCLOSE': '/usr/bin/lesspipe %s %s', 'CONDA_DEFAULT_ENV': 'screwrobot', 'LC_MEASUREMENT': 'en_US.UTF-8', 'GPG_AGENT_INFO': '/run/user/1000/gnupg/S.gpg-agent:0:1', 'LC_IDENTIFICATION': 'en_US.UTF-8', 'VSCODE_GIT_ASKPASS_EXTRA_ARGS': '', 'QT_IM_MODULE': 'ibus', 'PWD': '/home/yanji/robot_screwing/build/real_robot', 'LC_ALL': 'en_US.UTF-8', 'XDG_CONFIG_DIRS': '/etc/xdg/xdg-ubuntu:/etc/xdg', 'CONDA_EXE': '/home/yanji/anaconda3/bin/conda', 'XDG_DATA_DIRS': '/usr/share/ubuntu:/home/yanji/.local/share/flatpak/exports/share:/var/lib/flatpak/exports/share:/usr/local/share:/usr/share:/var/lib/snapd/desktop', 'PYTHONPATH': '/home/yanji/robot_screwing/build/real_robot/prefix_override:/usr/lib/python3/dist-packages/colcon_core/task/python/colcon_distutils_commands:/home/yanji/robot_screwing/install/real_robot/lib/python3.8/site-packages:/home/yanji/robot_screwing/install/robot_msgs/lib/python3.8/site-packages:/home/yanji/robot_screwing/install/real_robot/lib/python3.8/site-packages:/home/yanji/robot_screwing/install/mj_sim/lib/python3.8/site-packages:/opt/ros/foxy/lib/python3.8/site-packages', 'HTTP_PROXY': 'http://127.0.0.1:7890/', 'LC_NUMERIC': 'en_US.UTF-8', 'CONDA_PREFIX': '/home/yanji/anaconda3/envs/screwrobot', 'LC_PAPER': 'en_US.UTF-8', 'COLCON': '1', 'VTE_VERSION': '6003', 'CMAKE_PREFIX_PATH': '/home/yanji/robot_screwing/install/screw_robot_control:/home/yanji/robot_screwing/install/robot_msgs'}, 'shell': False}
[0.479763] (screw_robot_control) StderrLine: {'line': b'In file included from \x1b[01m\x1b[K/home/yanji/robot_screwing/src/screw_robot_control/src/task_control_screw.cpp:1\x1b[m\x1b[K:\n'}
[0.479882] (screw_robot_control) StderrLine: {'line': b'\x1b[01m\x1b[K/home/yanji/robot_screwing/src/screw_robot_control/include/screw_robot_control/jaka/task_control_screw.hpp:40:2:\x1b[m\x1b[K \x1b[01;31m\x1b[Kerror: \x1b[m\x1b[K#endif without #if\n'}
[0.479914] (screw_robot_control) StderrLine: {'line': b'   40 | #\x1b[01;31m\x1b[Kendif\x1b[m\x1b[K // SCREW_CONTROL_SERVER_HPP\n'}
[0.479941] (screw_robot_control) StderrLine: {'line': b'      |  \x1b[01;31m\x1b[K^~~~~\x1b[m\x1b[K\n'}
[0.500671] (-) TimerEvent: {}
[0.537785] (mj_sim) StdoutLine: {'line': b'running egg_info\n'}
[0.538012] (mj_sim) StdoutLine: {'line': b'writing ../../build/mj_sim/mj_sim.egg-info/PKG-INFO\n'}
[0.538118] (mj_sim) StdoutLine: {'line': b'writing dependency_links to ../../build/mj_sim/mj_sim.egg-info/dependency_links.txt\n'}
[0.538213] (mj_sim) StdoutLine: {'line': b'writing entry points to ../../build/mj_sim/mj_sim.egg-info/entry_points.txt\n'}
[0.538288] (mj_sim) StdoutLine: {'line': b'writing requirements to ../../build/mj_sim/mj_sim.egg-info/requires.txt\n'}
[0.538348] (mj_sim) StdoutLine: {'line': b'writing top-level names to ../../build/mj_sim/mj_sim.egg-info/top_level.txt\n'}
[0.548633] (real_robot) StdoutLine: {'line': b'running egg_info\n'}
[0.548888] (real_robot) StdoutLine: {'line': b'writing ../../build/real_robot/real_robot.egg-info/PKG-INFO\n'}
[0.548978] (real_robot) StdoutLine: {'line': b'writing dependency_links to ../../build/real_robot/real_robot.egg-info/dependency_links.txt\n'}
[0.549045] (real_robot) StdoutLine: {'line': b'writing entry points to ../../build/real_robot/real_robot.egg-info/entry_points.txt\n'}
[0.549109] (real_robot) StdoutLine: {'line': b'writing requirements to ../../build/real_robot/real_robot.egg-info/requires.txt\n'}
[0.549162] (real_robot) StdoutLine: {'line': b'writing top-level names to ../../build/real_robot/real_robot.egg-info/top_level.txt\n'}
[0.553600] (mj_sim) StdoutLine: {'line': b"reading manifest file '../../build/mj_sim/mj_sim.egg-info/SOURCES.txt'\n"}
[0.554031] (mj_sim) StdoutLine: {'line': b"writing manifest file '../../build/mj_sim/mj_sim.egg-info/SOURCES.txt'\n"}
[0.554134] (mj_sim) StdoutLine: {'line': b'running build\n'}
[0.554199] (mj_sim) StdoutLine: {'line': b'running build_py\n'}
[0.554494] (mj_sim) StdoutLine: {'line': b'running install\n'}
[0.554849] (mj_sim) StdoutLine: {'line': b'running install_lib\n'}
[0.555665] (mj_sim) StdoutLine: {'line': b'running install_data\n'}
[0.555740] (mj_sim) StdoutLine: {'line': b'running install_egg_info\n'}
[0.556515] (mj_sim) StdoutLine: {'line': b"removing '/home/yanji/robot_screwing/install/mj_sim/lib/python3.8/site-packages/mj_sim-0.0.0-py3.8.egg-info' (and everything under it)\n"}
[0.556757] (mj_sim) StdoutLine: {'line': b'Copying ../../build/mj_sim/mj_sim.egg-info to /home/yanji/robot_screwing/install/mj_sim/lib/python3.8/site-packages/mj_sim-0.0.0-py3.8.egg-info\n'}
[0.557040] (mj_sim) StdoutLine: {'line': b'running install_scripts\n'}
[0.564169] (real_robot) StdoutLine: {'line': b"reading manifest file '../../build/real_robot/real_robot.egg-info/SOURCES.txt'\n"}
[0.564624] (mj_sim) StdoutLine: {'line': b'Installing mpc_node script to /home/yanji/robot_screwing/install/mj_sim/lib/mj_sim\n'}
[0.564696] (mj_sim) StdoutLine: {'line': b'Installing robot_sim_env script to /home/yanji/robot_screwing/install/mj_sim/lib/mj_sim\n'}
[0.564811] (real_robot) StdoutLine: {'line': b"writing manifest file '../../build/real_robot/real_robot.egg-info/SOURCES.txt'\n"}
[0.564870] (real_robot) StdoutLine: {'line': b'running build\n'}
[0.564898] (real_robot) StdoutLine: {'line': b'running build_py\n'}
[0.564928] (real_robot) StdoutLine: {'line': b'running install\n'}
[0.565024] (mj_sim) StdoutLine: {'line': b"writing list of installed files to '/home/yanji/robot_screwing/build/mj_sim/install.log'\n"}
[0.565070] (real_robot) StdoutLine: {'line': b'running install_lib\n'}
[0.565642] (real_robot) StdoutLine: {'line': b'running install_data\n'}
[0.565690] (real_robot) StdoutLine: {'line': b'running install_egg_info\n'}
[0.566515] (real_robot) StdoutLine: {'line': b"removing '/home/yanji/robot_screwing/install/real_robot/lib/python3.8/site-packages/real_robot-0.0.0-py3.8.egg-info' (and everything under it)\n"}
[0.566667] (real_robot) StdoutLine: {'line': b'Copying ../../build/real_robot/real_robot.egg-info to /home/yanji/robot_screwing/install/real_robot/lib/python3.8/site-packages/real_robot-0.0.0-py3.8.egg-info\n'}
[0.566958] (real_robot) StdoutLine: {'line': b'running install_scripts\n'}
[0.574578] (mj_sim) CommandEnded: {'returncode': 0}
[0.574905] (real_robot) StdoutLine: {'line': b"writing list of installed files to '/home/yanji/robot_screwing/build/real_robot/install.log'\n"}
[0.577514] (mj_sim) JobEnded: {'identifier': 'mj_sim', 'rc': 0}
[0.584456] (real_robot) CommandEnded: {'returncode': 0}
[0.586912] (real_robot) JobEnded: {'identifier': 'real_robot', 'rc': 0}
[0.600763] (-) TimerEvent: {}
[0.701035] (-) TimerEvent: {}
[0.801316] (-) TimerEvent: {}
[0.901604] (-) TimerEvent: {}
[1.001884] (-) TimerEvent: {}
[1.058514] (screw_robot_control) StderrLine: {'line': b'\x1b[01m\x1b[K/home/yanji/robot_screwing/src/screw_robot_control/include/screw_robot_control/jaka/task_control_screw.hpp:24:3:\x1b[m\x1b[K \x1b[01;31m\x1b[Kerror: \x1b[m\x1b[K\xe2\x80\x98\x1b[01m\x1b[Kscrew_robot_control\x1b[m\x1b[K\xe2\x80\x99 does not name a type\n'}
[1.058681] (screw_robot_control) StderrLine: {'line': b'   24 |   \x1b[01;31m\x1b[Kscrew_robot_control\x1b[m\x1b[K::Endeffector ef_;\n'}
[1.058748] (screw_robot_control) StderrLine: {'line': b'      |   \x1b[01;31m\x1b[K^~~~~~~~~~~~~~~~~~~\x1b[m\x1b[K\n'}
[1.062499] (screw_robot_control) StderrLine: {'line': b'\x1b[01m\x1b[K/home/yanji/robot_screwing/src/screw_robot_control/src/task_control_screw.cpp:\x1b[m\x1b[K In constructor \xe2\x80\x98\x1b[01m\x1b[Kscrew_control::ScrewControlServer::\x1b[01;32m\x1b[KScrewControlServer\x1b[m\x1b[K()\x1b[m\x1b[K\xe2\x80\x99:\n'}
[1.062645] (screw_robot_control) StderrLine: {'line': b'\x1b[01m\x1b[K/home/yanji/robot_screwing/src/screw_robot_control/src/task_control_screw.cpp:23:9:\x1b[m\x1b[K \x1b[01;31m\x1b[Kerror: \x1b[m\x1b[K\xe2\x80\x98\x1b[01m\x1b[Kef_\x1b[m\x1b[K\xe2\x80\x99 was not declared in this scope\n'}
[1.062706] (screw_robot_control) StderrLine: {'line': b'   23 |         \x1b[01;31m\x1b[Kef_\x1b[m\x1b[K.screwing_s1(200, 1.4, *current_pub_, current_msg_);\n'}
[1.062761] (screw_robot_control) StderrLine: {'line': b'      |         \x1b[01;31m\x1b[K^~~\x1b[m\x1b[K\n'}
[1.079282] (screw_robot_control) StderrLine: {'line': b'\x1b[01m\x1b[K/home/yanji/robot_screwing/src/screw_robot_control/src/task_control_screw.cpp:\x1b[m\x1b[K In member function \xe2\x80\x98\x1b[01m\x1b[Kvoid screw_control::ScrewControlServer::\x1b[01;32m\x1b[Kexecute\x1b[m\x1b[K(std::shared_ptr<rclcpp_action::ServerGoalHandle<robot_msgs::action::Screw> >)\x1b[m\x1b[K\xe2\x80\x99:\n'}
[1.079444] (screw_robot_control) StderrLine: {'line': b'\x1b[01m\x1b[K/home/yanji/robot_screwing/src/screw_robot_control/src/task_control_screw.cpp:91:14:\x1b[m\x1b[K \x1b[01;31m\x1b[Kerror: \x1b[m\x1b[K\xe2\x80\x98\x1b[01m\x1b[Kef_\x1b[m\x1b[K\xe2\x80\x99 was not declared in this scope\n'}
[1.079503] (screw_robot_control) StderrLine: {'line': b'   91 |     result = \x1b[01;31m\x1b[Kef_\x1b[m\x1b[K.screwing_s2(210, *current_pub_, current_msg_);\n'}
[1.079557] (screw_robot_control) StderrLine: {'line': b'      |              \x1b[01;31m\x1b[K^~~\x1b[m\x1b[K\n'}
[1.081484] (screw_robot_control) StderrLine: {'line': b'\x1b[01m\x1b[K/home/yanji/robot_screwing/src/screw_robot_control/src/task_control_screw.cpp:101:14:\x1b[m\x1b[K \x1b[01;31m\x1b[Kerror: \x1b[m\x1b[K\xe2\x80\x98\x1b[01m\x1b[Kef_\x1b[m\x1b[K\xe2\x80\x99 was not declared in this scope\n'}
[1.081634] (screw_robot_control) StderrLine: {'line': b'  101 |     result = \x1b[01;31m\x1b[Kef_\x1b[m\x1b[K.screwing_s1(200, 1, *current_pub_, current_msg_);\n'}
[1.081693] (screw_robot_control) StderrLine: {'line': b'      |              \x1b[01;31m\x1b[K^~~\x1b[m\x1b[K\n'}
[1.083503] (screw_robot_control) StderrLine: {'line': b'\x1b[01m\x1b[K/home/yanji/robot_screwing/src/screw_robot_control/src/task_control_screw.cpp:110:14:\x1b[m\x1b[K \x1b[01;31m\x1b[Kerror: \x1b[m\x1b[K\xe2\x80\x98\x1b[01m\x1b[Kef_\x1b[m\x1b[K\xe2\x80\x99 was not declared in this scope\n'}
[1.083650] (screw_robot_control) StderrLine: {'line': b'  110 |     result = \x1b[01;31m\x1b[Kef_\x1b[m\x1b[K.unscrew_to_zero(200);\n'}
[1.083708] (screw_robot_control) StderrLine: {'line': b'      |              \x1b[01;31m\x1b[K^~~\x1b[m\x1b[K\n'}
[1.085372] (screw_robot_control) StderrLine: {'line': b'\x1b[01m\x1b[K/home/yanji/robot_screwing/src/screw_robot_control/src/task_control_screw.cpp:118:14:\x1b[m\x1b[K \x1b[01;31m\x1b[Kerror: \x1b[m\x1b[K\xe2\x80\x98\x1b[01m\x1b[Kef_\x1b[m\x1b[K\xe2\x80\x99 was not declared in this scope\n'}
[1.085521] (screw_robot_control) StderrLine: {'line': b'  118 |     result = \x1b[01;31m\x1b[Kef_\x1b[m\x1b[K.width_recovery();\n'}
[1.085578] (screw_robot_control) StderrLine: {'line': b'      |              \x1b[01;31m\x1b[K^~~\x1b[m\x1b[K\n'}
[1.087262] (screw_robot_control) StderrLine: {'line': b'\x1b[01m\x1b[K/home/yanji/robot_screwing/src/screw_robot_control/src/task_control_screw.cpp:127:5:\x1b[m\x1b[K \x1b[01;31m\x1b[Kerror: \x1b[m\x1b[K\xe2\x80\x98\x1b[01m\x1b[Kef_\x1b[m\x1b[K\xe2\x80\x99 was not declared in this scope\n'}
[1.087422] (screw_robot_control) StderrLine: {'line': b'  127 |     \x1b[01;31m\x1b[Kef_\x1b[m\x1b[K.screw_to_zero();\n'}
[1.087481] (screw_robot_control) StderrLine: {'line': b'      |     \x1b[01;31m\x1b[K^~~\x1b[m\x1b[K\n'}
[1.089114] (screw_robot_control) StderrLine: {'line': b'\x1b[01m\x1b[K/home/yanji/robot_screwing/src/screw_robot_control/src/task_control_screw.cpp:136:14:\x1b[m\x1b[K \x1b[01;31m\x1b[Kerror: \x1b[m\x1b[K\xe2\x80\x98\x1b[01m\x1b[Kef_\x1b[m\x1b[K\xe2\x80\x99 was not declared in this scope\n'}
[1.089175] (screw_robot_control) StderrLine: {'line': b'  136 |     result = \x1b[01;31m\x1b[Kef_\x1b[m\x1b[K.width_reduce_full_for_handover(*current_pub_, current_msg_, *width_pub_, width_msg_);\n'}
[1.089227] (screw_robot_control) StderrLine: {'line': b'      |              \x1b[01;31m\x1b[K^~~\x1b[m\x1b[K\n'}
[1.091001] (screw_robot_control) StderrLine: {'line': b'\x1b[01m\x1b[K/home/yanji/robot_screwing/src/screw_robot_control/src/task_control_screw.cpp:144:5:\x1b[m\x1b[K \x1b[01;31m\x1b[Kerror: \x1b[m\x1b[K\xe2\x80\x98\x1b[01m\x1b[Kef_\x1b[m\x1b[K\xe2\x80\x99 was not declared in this scope\n'}
[1.091062] (screw_robot_control) StderrLine: {'line': b'  144 |     \x1b[01;31m\x1b[Kef_\x1b[m\x1b[K.width_increase(6, *current_pub_, current_msg_, *width_pub_, width_msg_);\n'}
[1.091114] (screw_robot_control) StderrLine: {'line': b'      |     \x1b[01;31m\x1b[K^~~\x1b[m\x1b[K\n'}
[1.101991] (-) TimerEvent: {}
[1.202288] (-) TimerEvent: {}
[1.302569] (-) TimerEvent: {}
[1.402891] (-) TimerEvent: {}
[1.503245] (-) TimerEvent: {}
[1.595027] (screw_robot_control) StderrLine: {'line': b'make[2]: *** [CMakeFiles/task_control_screw.dir/build.make:63\xef\xbc\x9aCMakeFiles/task_control_screw.dir/src/task_control_screw.cpp.o] \xe9\x94\x99\xe8\xaf\xaf 1\n'}
[1.595183] (screw_robot_control) StderrLine: {'line': b'make[1]: *** [CMakeFiles/Makefile2:85\xef\xbc\x9aCMakeFiles/task_control_screw.dir/all] \xe9\x94\x99\xe8\xaf\xaf 2\n'}
[1.595220] (screw_robot_control) StderrLine: {'line': b'make[1]: *** \xe6\xad\xa3\xe5\x9c\xa8\xe7\xad\x89\xe5\xbe\x85\xe6\x9c\xaa\xe5\xae\x8c\xe6\x88\x90\xe7\x9a\x84\xe4\xbb\xbb\xe5\x8a\xa1....\n'}
[1.603369] (-) TimerEvent: {}
[1.703617] (-) TimerEvent: {}
[1.803917] (-) TimerEvent: {}
[1.904271] (-) TimerEvent: {}
[2.004625] (-) TimerEvent: {}
[2.104919] (-) TimerEvent: {}
[2.205258] (-) TimerEvent: {}
[2.305600] (-) TimerEvent: {}
[2.405897] (-) TimerEvent: {}
[2.506249] (-) TimerEvent: {}
[2.606592] (-) TimerEvent: {}
[2.706800] (-) TimerEvent: {}
[2.807045] (-) TimerEvent: {}
[2.907343] (-) TimerEvent: {}
[3.007542] (-) TimerEvent: {}
[3.107739] (-) TimerEvent: {}
[3.175194] (screw_robot_control) StderrLine: {'line': b'/home/yanji/robot_screwing/src/screw_robot_control/src/right_arm_control.cpp: In constructor \xe2\x80\x98right_arm::RobotAdmittanceControl::RobotAdmittanceControl()\xe2\x80\x99:\n'}
[3.175444] (screw_robot_control) StderrLine: {'line': b'/home/yanji/robot_screwing/src/screw_robot_control/src/right_arm_control.cpp:71:5: error: \xe2\x80\x98sleep\xe2\x80\x99 was not declared in this scope\n'}
[3.175494] (screw_robot_control) StderrLine: {'line': b'   71 |     sleep(1);\n'}
[3.175604] (screw_robot_control) StderrLine: {'line': b'      |     ^~~~~\n'}
[3.175752] (screw_robot_control) StderrLine: {'line': b'In file included from /opt/ros/foxy/include/rclcpp/client.hpp:40,\n'}
[3.175845] (screw_robot_control) StderrLine: {'line': b'                 from /opt/ros/foxy/include/rclcpp/callback_group.hpp:23,\n'}
[3.175870] (screw_robot_control) StderrLine: {'line': b'                 from /opt/ros/foxy/include/rclcpp/any_executable.hpp:20,\n'}
[3.175895] (screw_robot_control) StderrLine: {'line': b'                 from /opt/ros/foxy/include/rclcpp/memory_strategy.hpp:24,\n'}
[3.175918] (screw_robot_control) StderrLine: {'line': b'                 from /opt/ros/foxy/include/rclcpp/memory_strategies.hpp:18,\n'}
[3.175941] (screw_robot_control) StderrLine: {'line': b'                 from /opt/ros/foxy/include/rclcpp/executor_options.hpp:20,\n'}
[3.175964] (screw_robot_control) StderrLine: {'line': b'                 from /opt/ros/foxy/include/rclcpp/executor.hpp:33,\n'}
[3.175987] (screw_robot_control) StderrLine: {'line': b'                 from /opt/ros/foxy/include/rclcpp/executors/multi_threaded_executor.hpp:26,\n'}
[3.176012] (screw_robot_control) StderrLine: {'line': b'                 from /opt/ros/foxy/include/rclcpp/executors.hpp:21,\n'}
[3.176035] (screw_robot_control) StderrLine: {'line': b'                 from /opt/ros/foxy/include/rclcpp/rclcpp.hpp:146,\n'}
[3.176058] (screw_robot_control) StderrLine: {'line': b'                 from /home/yanji/robot_screwing/src/screw_robot_control/src/right_arm_control.cpp:1:\n'}
[3.176080] (screw_robot_control) StderrLine: {'line': b'/home/yanji/robot_screwing/src/screw_robot_control/src/right_arm_control.cpp: In member function \xe2\x80\x98void right_arm::RobotAdmittanceControl::command_callback(robot_msgs::msg::ControlCommand_<std::allocator<void> >::SharedPtr)\xe2\x80\x99:\n'}
[3.176105] (screw_robot_control) StderrLine: {'line': b'/home/yanji/robot_screwing/src/screw_robot_control/src/right_arm_control.cpp:124:89: error: \xe2\x80\x98adm_k_\xe2\x80\x99 was not declared in this scope; did you mean \xe2\x80\x98adm_k\xe2\x80\x99?\n'}
[3.176130] (screw_robot_control) StderrLine: {'line': b'  124 |     RCLCPP_INFO(this->get_logger(), "Received control command: k_size=%ld, d_size=%ld", adm_k_.size(), adm_d_.size());\n'}
[3.176157] (screw_robot_control) StderrLine: {'line': b'      |                                                                                         ^~~~~~\n'}
[3.176180] (screw_robot_control) StderrLine: {'line': b'/home/yanji/robot_screwing/src/screw_robot_control/src/right_arm_control.cpp:124:104: error: \xe2\x80\x98adm_d_\xe2\x80\x99 was not declared in this scope; did you mean \xe2\x80\x98adm_d\xe2\x80\x99?\n'}
[3.176205] (screw_robot_control) StderrLine: {'line': b'  124 |     RCLCPP_INFO(this->get_logger(), "Received control command: k_size=%ld, d_size=%ld", adm_k_.size(), adm_d_.size());\n'}
[3.176228] (screw_robot_control) StderrLine: {'line': b'      |                                                                                                        ^~~~~~\n'}
[3.176252] (screw_robot_control) StderrLine: {'line': b'/home/yanji/robot_screwing/src/screw_robot_control/src/right_arm_control.cpp: In member function \xe2\x80\x98void right_arm::RobotAdmittanceControl::ready_callback(std::shared_ptr<robot_msgs::srv::StartPose_Request_<std::allocator<void> > >, std::shared_ptr<robot_msgs::srv::StartPose_Response_<std::allocator<void> > >)\xe2\x80\x99:\n'}
[3.176284] (screw_robot_control) StderrLine: {'line': b'/home/yanji/robot_screwing/src/screw_robot_control/src/right_arm_control.cpp:139:26: error: no match for \xe2\x80\x98operator=\xe2\x80\x99 (operand types are \xe2\x80\x98robot_msgs::srv::StartPose_Response_<std::allocator<void> >::_pos_para_type\xe2\x80\x99 {aka \xe2\x80\x98std::array<double, 3>\xe2\x80\x99} and \xe2\x80\x98std::vector<double, std::allocator<double> >\xe2\x80\x99)\n'}
[3.176311] (screw_robot_control) StderrLine: {'line': b'  139 |     response->pos_para = pos_para_;\n'}
[3.176334] (screw_robot_control) StderrLine: {'line': b'      |                          ^~~~~~~~~\n'}
[3.176356] (screw_robot_control) StderrLine: {'line': b'In file included from /usr/include/c++/13/functional:65,\n'}
[3.176378] (screw_robot_control) StderrLine: {'line': b'                 from /opt/ros/foxy/include/rclcpp/context.hpp:19,\n'}
[3.176400] (screw_robot_control) StderrLine: {'line': b'                 from /opt/ros/foxy/include/rclcpp/contexts/default_context.hpp:18,\n'}
[3.176423] (screw_robot_control) StderrLine: {'line': b'                 from /opt/ros/foxy/include/rclcpp/executor.hpp:32:\n'}
[3.176445] (screw_robot_control) StderrLine: {'line': b'/usr/include/c++/13/array:94:12: note: candidate: \xe2\x80\x98constexpr std::array<double, 3>& std::array<double, 3>::operator=(const std::array<double, 3>&)\xe2\x80\x99\n'}
[3.176469] (screw_robot_control) StderrLine: {'line': b'   94 |     struct array\n'}
[3.176492] (screw_robot_control) StderrLine: {'line': b'      |            ^~~~~\n'}
[3.176522] (screw_robot_control) StderrLine: {'line': b'/usr/include/c++/13/array:94:12: note:   no known conversion for argument 1 from \xe2\x80\x98std::vector<double, std::allocator<double> >\xe2\x80\x99 to \xe2\x80\x98const std::array<double, 3>&\xe2\x80\x99\n'}
[3.176551] (screw_robot_control) StderrLine: {'line': b'/usr/include/c++/13/array:94:12: note: candidate: \xe2\x80\x98constexpr std::array<double, 3>& std::array<double, 3>::operator=(std::array<double, 3>&&)\xe2\x80\x99\n'}
[3.176573] (screw_robot_control) StderrLine: {'line': b'/usr/include/c++/13/array:94:12: note:   no known conversion for argument 1 from \xe2\x80\x98std::vector<double, std::allocator<double> >\xe2\x80\x99 to \xe2\x80\x98std::array<double, 3>&&\xe2\x80\x99\n'}
[3.176597] (screw_robot_control) StderrLine: {'line': b'/home/yanji/robot_screwing/src/screw_robot_control/src/right_arm_control.cpp:140:26: error: no match for \xe2\x80\x98operator=\xe2\x80\x99 (operand types are \xe2\x80\x98robot_msgs::srv::StartPose_Response_<std::allocator<void> >::_ori_para_type\xe2\x80\x99 {aka \xe2\x80\x98std::array<double, 9>\xe2\x80\x99} and \xe2\x80\x98std::vector<double, std::allocator<double> >\xe2\x80\x99)\n'}
[3.176624] (screw_robot_control) StderrLine: {'line': b'  140 |     response->ori_para = ori_para_;\n'}
[3.176647] (screw_robot_control) StderrLine: {'line': b'      |                          ^~~~~~~~~\n'}
[3.176679] (screw_robot_control) StderrLine: {'line': b'/usr/include/c++/13/array:94:12: note: candidate: \xe2\x80\x98constexpr std::array<double, 9>& std::array<double, 9>::operator=(const std::array<double, 9>&)\xe2\x80\x99\n'}
[3.176704] (screw_robot_control) StderrLine: {'line': b'   94 |     struct array\n'}
[3.176727] (screw_robot_control) StderrLine: {'line': b'      |            ^~~~~\n'}
[3.176751] (screw_robot_control) StderrLine: {'line': b'/usr/include/c++/13/array:94:12: note:   no known conversion for argument 1 from \xe2\x80\x98std::vector<double, std::allocator<double> >\xe2\x80\x99 to \xe2\x80\x98const std::array<double, 9>&\xe2\x80\x99\n'}
[3.176774] (screw_robot_control) StderrLine: {'line': b'/usr/include/c++/13/array:94:12: note: candidate: \xe2\x80\x98constexpr std::array<double, 9>& std::array<double, 9>::operator=(std::array<double, 9>&&)\xe2\x80\x99\n'}
[3.176797] (screw_robot_control) StderrLine: {'line': b'/usr/include/c++/13/array:94:12: note:   no known conversion for argument 1 from \xe2\x80\x98std::vector<double, std::allocator<double> >\xe2\x80\x99 to \xe2\x80\x98std::array<double, 9>&&\xe2\x80\x99\n'}
[3.176820] (screw_robot_control) StderrLine: {'line': b'/home/yanji/robot_screwing/src/screw_robot_control/src/right_arm_control.cpp: In member function \xe2\x80\x98void right_arm::RobotAdmittanceControl::passive_fine()\xe2\x80\x99:\n'}
[3.176852] (screw_robot_control) StderrLine: {'line': b'/home/yanji/robot_screwing/src/screw_robot_control/src/right_arm_control.cpp:481:3: error: \xe2\x80\x98screw_execute_status\xe2\x80\x99 was not declared in this scope; did you mean \xe2\x80\x98screw_execute_status_\xe2\x80\x99?\n'}
[3.176876] (screw_robot_control) StderrLine: {'line': b'  481 |   screw_execute_status = 2; //\xe5\x88\x9d\xe5\xa7\x8b\xe5\x8c\x96\xef\xbc\x8c\xe8\x82\xaf\xe5\xae\x9a\xe6\x98\xaf\xe6\x9c\xaa\xe8\xbf\x90\xe8\xa1\x8c\xe7\x9a\x84\xef\xbc\x9b\n'}
[3.176900] (screw_robot_control) StderrLine: {'line': b'      |   ^~~~~~~~~~~~~~~~~~~~\n'}
[3.176923] (screw_robot_control) StderrLine: {'line': b'      |   screw_execute_status_\n'}
[3.176946] (screw_robot_control) StderrLine: {'line': b'/home/yanji/robot_screwing/src/screw_robot_control/src/right_arm_control.cpp:484:3: error: \xe2\x80\x98screw_execute_result\xe2\x80\x99 was not declared in this scope; did you mean \xe2\x80\x98screw_execute_result_\xe2\x80\x99?\n'}
[3.176969] (screw_robot_control) StderrLine: {'line': b'  484 |   screw_execute_result = 9; //\xe4\xb8\x8d\xe9\x9c\x80\xe8\xa6\x81\xe5\xaf\xb9\xe5\x85\xb6\xe8\xbf\x9b\xe8\xa1\x8c\xe5\x88\x9d\xe5\xa7\x8b\xe5\x8c\x96\xef\xbc\x8c\xe4\xb8\x80\xe5\xbc\x80\xe5\xa7\x8b\xe4\xbb\x96\xe6\xb2\xa1\xe6\x9c\x89\xe7\xbb\x93\xe6\x9e\x9c\n'}
[3.176992] (screw_robot_control) StderrLine: {'line': b'      |   ^~~~~~~~~~~~~~~~~~~~\n'}
[3.177016] (screw_robot_control) StderrLine: {'line': b'      |   screw_execute_result_\n'}
[3.177037] (screw_robot_control) StderrLine: {'line': b'/home/yanji/robot_screwing/src/screw_robot_control/src/right_arm_control.cpp:485:3: error: \xe2\x80\x98real_robot_control\xe2\x80\x99 has not been declared\n'}
[3.177059] (screw_robot_control) StderrLine: {'line': b'  485 |   real_robot_control::screwGoal goal;\n'}
[3.177080] (screw_robot_control) StderrLine: {'line': b'      |   ^~~~~~~~~~~~~~~~~~\n'}
[3.177101] (screw_robot_control) StderrLine: {'line': b'/home/yanji/robot_screwing/src/screw_robot_control/src/right_arm_control.cpp:490:10: error: \xe2\x80\x98ros\xe2\x80\x99 has not been declared\n'}
[3.177123] (screw_robot_control) StderrLine: {'line': b'  490 |   while (ros::ok()){\n'}
[3.177146] (screw_robot_control) StderrLine: {'line': b'      |          ^~~\n'}
[3.177169] (screw_robot_control) StderrLine: {'line': b'/home/yanji/robot_screwing/src/screw_robot_control/src/right_arm_control.cpp:537:13: error: \xe2\x80\x98goal_msg\xe2\x80\x99 was not declared in this scope\n'}
[3.177192] (screw_robot_control) StderrLine: {'line': b'  537 |             goal_msg.num = flag; // 0 \xe7\x9b\xb4\xe6\x8e\xa5\xe8\xbf\x90\xe8\xa1\x8c\xe5\x90\x8e\xe7\xbb\xad\xe8\xa3\x85\xe9\x85\x8d\xe8\xbf\x87\xe7\xa8\x8b 1 \xe8\xbf\x90\xe8\xa1\x8c\xe7\xac\xac\xe4\xb8\x80\xe9\x98\xb6\xe6\xae\xb5\xef\xbc\x8c\xe6\x8e\xa5\xe7\x9d\x80\xe6\x90\x9c\xe7\xb4\xa2 2 \xe5\x87\xba\xe7\x8e\xb0\xe9\x94\x99\xe8\xaf\xaf\xef\xbc\x8c\xe5\x9b\x9e\xe9\x80\x80\n'}
[3.177216] (screw_robot_control) StderrLine: {'line': b'      |             ^~~~~~~~\n'}
[3.177238] (screw_robot_control) StderrLine: {'line': b'/home/yanji/robot_screwing/src/screw_robot_control/src/right_arm_control.cpp:542:115: error: no match for \xe2\x80\x98operator=\xe2\x80\x99 (operand types are \xe2\x80\x98rclcpp_action::Client<robot_msgs::action::Screw>::FeedbackCallback\xe2\x80\x99 {aka \xe2\x80\x98std::function<void(std::shared_ptr<rclcpp_action::ClientGoalHandle<robot_msgs::action::Screw> >, std::shared_ptr<const robot_msgs::action::Screw_Feedback_<std::allocator<void> > >)>\xe2\x80\x99} and \xe2\x80\x98std::_Bind_helper<false, void (right_arm::RobotAdmittanceControl::*)(const std::shared_ptr<rclcpp_action::ClientGoalHandle<robot_msgs::action::Screw> >&, const std::shared_ptr<robot_msgs::action::Screw_Feedback_<std::allocator<void> > >&), right_arm::RobotAdmittanceControl*, const std::_Placeholder<1>&, const std::_Placeholder<2>&>::type\xe2\x80\x99)\n'}
[3.177269] (screw_robot_control) StderrLine: {'line': b'  542 |                 std::bind(&RobotAdmittanceControl::feedback_cb, this, std::placeholders::_1, std::placeholders::_2);\n'}
[3.177295] (screw_robot_control) StderrLine: {'line': b'      |                                                                                                                   ^\n'}
[3.177318] (screw_robot_control) StderrLine: {'line': b'In file included from /usr/include/c++/13/future:50,\n'}
[3.177341] (screw_robot_control) StderrLine: {'line': b'                 from /opt/ros/foxy/include/rclcpp/executors.hpp:18:\n'}
[3.177363] (screw_robot_control) StderrLine: {'line': b'/usr/include/c++/13/bits/std_function.h:531:9: note: candidate: \xe2\x80\x98template<class _Functor> std::function<_Res(_ArgTypes ...)>::_Requires<std::function<_Res(_ArgTypes ...)>::_Callable<_Functor>, std::function<_Res(_ArgTypes ...)>&> std::function<_Res(_ArgTypes ...)>::operator=(_Functor&&) [with _Res = void; _ArgTypes = {std::shared_ptr<rclcpp_action::ClientGoalHandle<robot_msgs::action::Screw> >, std::shared_ptr<const robot_msgs::action::Screw_Feedback_<std::allocator<void> > >}]\xe2\x80\x99\n'}
[3.177390] (screw_robot_control) StderrLine: {'line': b'  531 |         operator=(_Functor&& __f)\n'}
[3.177413] (screw_robot_control) StderrLine: {'line': b'      |         ^~~~~~~~\n'}
[3.177436] (screw_robot_control) StderrLine: {'line': b'/usr/include/c++/13/bits/std_function.h:531:9: note:   template argument deduction/substitution failed:\n'}
[3.177458] (screw_robot_control) StderrLine: {'line': b'In file included from /usr/include/c++/13/bits/move.h:37,\n'}
[3.177482] (screw_robot_control) StderrLine: {'line': b'                 from /usr/include/c++/13/bits/new_allocator.h:36,\n'}
[3.177504] (screw_robot_control) StderrLine: {'line': b'                 from /usr/include/x86_64-linux-gnu/c++/13/bits/c++allocator.h:33,\n'}
[3.177528] (screw_robot_control) StderrLine: {'line': b'                 from /usr/include/c++/13/bits/allocator.h:46,\n'}
[3.177575] (screw_robot_control) StderrLine: {'line': b'                 from /usr/include/c++/13/memory:65,\n'}
[3.177615] (screw_robot_control) StderrLine: {'line': b'                 from /opt/ros/foxy/include/rclcpp/rclcpp.hpp:144:\n'}
[3.177722] (screw_robot_control) StderrLine: {'line': b'/usr/include/c++/13/type_traits: In substitution of \xe2\x80\x98template<bool _Cond, class _Tp> using std::__enable_if_t = typename std::enable_if::type [with bool _Cond = false; _Tp = std::function<void(std::shared_ptr<rclcpp_action::ClientGoalHandle<robot_msgs::action::Screw> >, std::shared_ptr<const robot_msgs::action::Screw_Feedback_<std::allocator<void> > >)>&]\xe2\x80\x99:\n'}
[3.177820] (screw_robot_control) StderrLine: {'line': b'/usr/include/c++/13/bits/std_function.h:353:8:   required by substitution of \xe2\x80\x98template<class _Res, class ... _ArgTypes> template<class _Cond, class _Tp> using std::function<_Res(_ArgTypes ...)>::_Requires = std::__enable_if_t<_Cond::value, _Tp> [with _Cond = std::function<void(std::shared_ptr<rclcpp_action::ClientGoalHandle<robot_msgs::action::Screw> >, std::shared_ptr<const robot_msgs::action::Screw_Feedback_<std::allocator<void> > >)>::_Callable<std::_Bind<void (right_arm::RobotAdmittanceControl::*(right_arm::RobotAdmittanceControl*, std::_Placeholder<1>, std::_Placeholder<2>))(const std::shared_ptr<rclcpp_action::ClientGoalHandle<robot_msgs::action::Screw> >&, const std::shared_ptr<robot_msgs::action::Screw_Feedback_<std::allocator<void> > >&)>, std::_Bind<void (right_arm::RobotAdmittanceControl::*(right_arm::RobotAdmittanceControl*, std::_Placeholder<1>, std::_Placeholder<2>))(const std::shared_ptr<rclcpp_action::ClientGoalHandle<robot_msgs::action::Screw> >&, const std::shared_ptr<robot_msgs::action::Screw_Feedback_<std::allocator<void> > >&)>, std::__invoke_result<std::_Bind<void (right_arm::RobotAdmittanceControl::*(right_arm::RobotAdmittanceControl*, std::_Placeholder<1>, std::_Placeholder<2>))(const std::shared_ptr<rclcpp_action::ClientGoalHandle<robot_msgs::action::Screw> >&, const std::shared_ptr<robot_msgs::action::Screw_Feedback_<std::allocator<void> > >&)>&, std::shared_ptr<rclcpp_action::ClientGoalHandle<robot_msgs::action::Screw> >, std::shared_ptr<const robot_msgs::action::Screw_Feedback_<std::allocator<void> > > > >; _Tp = std::function<void(std::shared_ptr<rclcpp_action::ClientGoalHandle<robot_msgs::action::Screw> >, std::shared_ptr<const robot_msgs::action::Screw_Feedback_<std::allocator<void> > >)>&; _Res = void; _ArgTypes = {std::shared_ptr<rclcpp_action::ClientGoalHandle<robot_msgs::action::Screw> >, std::shared_ptr<const robot_msgs::action::Screw_Feedback_<std::allocator<void> > >}]\xe2\x80\x99\n'}
[3.177921] (screw_robot_control) StderrLine: {'line': b'/usr/include/c++/13/bits/std_function.h:531:2:   required by substitution of \xe2\x80\x98template<class _Functor> std::function<void(std::shared_ptr<rclcpp_action::ClientGoalHandle<robot_msgs::action::Screw> >, std::shared_ptr<const robot_msgs::action::Screw_Feedback_<std::allocator<void> > >)>::_Requires<std::function<void(std::shared_ptr<rclcpp_action::ClientGoalHandle<robot_msgs::action::Screw> >, std::shared_ptr<const robot_msgs::action::Screw_Feedback_<std::allocator<void> > >)>::_Callable<_Functor, typename std::enable_if<(! std::is_same<typename std::remove_cv<typename std::remove_reference<_Tp>::type>::type, std::function<void(std::shared_ptr<rclcpp_action::ClientGoalHandle<robot_msgs::action::Screw> >, std::shared_ptr<const robot_msgs::action::Screw_Feedback_<std::allocator<void> > >)> >::value), std::decay<_Ex> >::type::type, std::__invoke_result<typename std::enable_if<(! std::is_same<typename std::remove_cv<typename std::remove_reference<_Tp>::type>::type, std::function<void(std::shared_ptr<rclcpp_action::ClientGoalHandle<robot_msgs::action::Screw> >, std::shared_ptr<const robot_msgs::action::Screw_Feedback_<std::allocator<void> > >)> >::value), std::decay<_Ex> >::type::type&, std::shared_ptr<rclcpp_action::ClientGoalHandle<robot_msgs::action::Screw> >, std::shared_ptr<const robot_msgs::action::Screw_Feedback_<std::allocator<void> > > > >, std::function<void(std::shared_ptr<rclcpp_action::ClientGoalHandle<robot_msgs::action::Screw> >, std::shared_ptr<const robot_msgs::action::Screw_Feedback_<std::allocator<void> > >)>&> std::function<void(std::shared_ptr<rclcpp_action::ClientGoalHandle<robot_msgs::action::Screw> >, std::shared_ptr<const robot_msgs::action::Screw_Feedback_<std::allocator<void> > >)>::operator=(_Functor&&) [with _Functor = std::_Bind<void (right_arm::RobotAdmittanceControl::*(right_arm::RobotAdmittanceControl*, std::_Placeholder<1>, std::_Placeholder<2>))(const std::shared_ptr<rclcpp_action::ClientGoalHandle<robot_msgs::action::Screw> >&, const std::shared_ptr<robot_msgs::action::Screw_Feedback_<std::allocator<void> > >&)>]\xe2\x80\x99\n'}
[3.178062] (screw_robot_control) StderrLine: {'line': b'/home/yanji/robot_screwing/src/screw_robot_control/src/right_arm_control.cpp:542:115:   required from here\n'}
[3.178138] (screw_robot_control) StderrLine: {'line': b'/usr/include/c++/13/type_traits:116:11: error: no type named \xe2\x80\x98type\xe2\x80\x99 in \xe2\x80\x98struct std::enable_if<false, std::function<void(std::shared_ptr<rclcpp_action::ClientGoalHandle<robot_msgs::action::Screw> >, std::shared_ptr<const robot_msgs::action::Screw_Feedback_<std::allocator<void> > >)>&>\xe2\x80\x99\n'}
[3.178218] (screw_robot_control) StderrLine: {'line': b'  116 |     using __enable_if_t = typename enable_if<_Cond, _Tp>::type;\n'}
[3.178612] (screw_robot_control) StderrLine: {'line': b'      |           ^~~~~~~~~~~~~\n'}
[3.178676] (screw_robot_control) StderrLine: {'line': b'/usr/include/c++/13/bits/std_function.h:541:9: note: candidate: \xe2\x80\x98template<class _Functor> std::function<_Res(_ArgTypes ...)>& std::function<_Res(_ArgTypes ...)>::operator=(std::reference_wrapper<_Functor>) [with _Res = void; _ArgTypes = {std::shared_ptr<rclcpp_action::ClientGoalHandle<robot_msgs::action::Screw> >, std::shared_ptr<const robot_msgs::action::Screw_Feedback_<std::allocator<void> > >}]\xe2\x80\x99\n'}
[3.178726] (screw_robot_control) StderrLine: {'line': b'  541 |         operator=(reference_wrapper<_Functor> __f) noexcept\n'}
[3.178768] (screw_robot_control) StderrLine: {'line': b'      |         ^~~~~~~~\n'}
[3.178840] (screw_robot_control) StderrLine: {'line': b'/usr/include/c++/13/bits/std_function.h:541:9: note:   template argument deduction/substitution failed:\n'}
[3.178899] (screw_robot_control) StderrLine: {'line': b'/home/yanji/robot_screwing/src/screw_robot_control/src/right_arm_control.cpp:542:115: note:   \xe2\x80\x98std::_Bind<void (right_arm::RobotAdmittanceControl::*(right_arm::RobotAdmittanceControl*, std::_Placeholder<1>, std::_Placeholder<2>))(const std::shared_ptr<rclcpp_action::ClientGoalHandle<robot_msgs::action::Screw> >&, const std::shared_ptr<robot_msgs::action::Screw_Feedback_<std::allocator<void> > >&)>\xe2\x80\x99 is not derived from \xe2\x80\x98std::reference_wrapper<_Tp>\xe2\x80\x99\n'}
[3.178967] (screw_robot_control) StderrLine: {'line': b'  542 |                 std::bind(&RobotAdmittanceControl::feedback_cb, this, std::placeholders::_1, std::placeholders::_2);\n'}
[3.179016] (screw_robot_control) StderrLine: {'line': b'      |                                                                                                                   ^\n'}
[3.179065] (screw_robot_control) StderrLine: {'line': b'/usr/include/c++/13/bits/std_function.h:469:7: note: candidate: \xe2\x80\x98std::function<_Res(_ArgTypes ...)>& std::function<_Res(_ArgTypes ...)>::operator=(const std::function<_Res(_ArgTypes ...)>&) [with _Res = void; _ArgTypes = {std::shared_ptr<rclcpp_action::ClientGoalHandle<robot_msgs::action::Screw> >, std::shared_ptr<const robot_msgs::action::Screw_Feedback_<std::allocator<void> > >}]\xe2\x80\x99\n'}
[3.179104] (screw_robot_control) StderrLine: {'line': b'  469 |       operator=(const function& __x)\n'}
[3.179144] (screw_robot_control) StderrLine: {'line': b'      |       ^~~~~~~~\n'}
[3.179183] (screw_robot_control) StderrLine: {'line': b'/usr/include/c++/13/bits/std_function.h:469:33: note:   no known conversion for argument 1 from \xe2\x80\x98std::_Bind_helper<false, void (right_arm::RobotAdmittanceControl::*)(const std::shared_ptr<rclcpp_action::ClientGoalHandle<robot_msgs::action::Screw> >&, const std::shared_ptr<robot_msgs::action::Screw_Feedback_<std::allocator<void> > >&), right_arm::RobotAdmittanceControl*, const std::_Placeholder<1>&, const std::_Placeholder<2>&>::type\xe2\x80\x99 to \xe2\x80\x98const std::function<void(std::shared_ptr<rclcpp_action::ClientGoalHandle<robot_msgs::action::Screw> >, std::shared_ptr<const robot_msgs::action::Screw_Feedback_<std::allocator<void> > >)>&\xe2\x80\x99\n'}
[3.179222] (screw_robot_control) StderrLine: {'line': b'  469 |       operator=(const function& __x)\n'}
[3.179258] (screw_robot_control) StderrLine: {'line': b'      |                 ~~~~~~~~~~~~~~~~^~~\n'}
[3.179302] (screw_robot_control) StderrLine: {'line': b'/usr/include/c++/13/bits/std_function.h:487:7: note: candidate: \xe2\x80\x98std::function<_Res(_ArgTypes ...)>& std::function<_Res(_ArgTypes ...)>::operator=(std::function<_Res(_ArgTypes ...)>&&) [with _Res = void; _ArgTypes = {std::shared_ptr<rclcpp_action::ClientGoalHandle<robot_msgs::action::Screw> >, std::shared_ptr<const robot_msgs::action::Screw_Feedback_<std::allocator<void> > >}]\xe2\x80\x99\n'}
[3.179343] (screw_robot_control) StderrLine: {'line': b'  487 |       operator=(function&& __x) noexcept\n'}
[3.179385] (screw_robot_control) StderrLine: {'line': b'      |       ^~~~~~~~\n'}
[3.179422] (screw_robot_control) StderrLine: {'line': b'/usr/include/c++/13/bits/std_function.h:487:28: note:   no known conversion for argument 1 from \xe2\x80\x98std::_Bind_helper<false, void (right_arm::RobotAdmittanceControl::*)(const std::shared_ptr<rclcpp_action::ClientGoalHandle<robot_msgs::action::Screw> >&, const std::shared_ptr<robot_msgs::action::Screw_Feedback_<std::allocator<void> > >&), right_arm::RobotAdmittanceControl*, const std::_Placeholder<1>&, const std::_Placeholder<2>&>::type\xe2\x80\x99 to \xe2\x80\x98std::function<void(std::shared_ptr<rclcpp_action::ClientGoalHandle<robot_msgs::action::Screw> >, std::shared_ptr<const robot_msgs::action::Screw_Feedback_<std::allocator<void> > >)>&&\xe2\x80\x99\n'}
[3.179463] (screw_robot_control) StderrLine: {'line': b'  487 |       operator=(function&& __x) noexcept\n'}
[3.179498] (screw_robot_control) StderrLine: {'line': b'      |                 ~~~~~~~~~~~^~~\n'}
[3.179533] (screw_robot_control) StderrLine: {'line': b'/usr/include/c++/13/bits/std_function.h:501:7: note: candidate: \xe2\x80\x98std::function<_Res(_ArgTypes ...)>& std::function<_Res(_ArgTypes ...)>::operator=(std::nullptr_t) [with _Res = void; _ArgTypes = {std::shared_ptr<rclcpp_action::ClientGoalHandle<robot_msgs::action::Screw> >, std::shared_ptr<const robot_msgs::action::Screw_Feedback_<std::allocator<void> > >}; std::nullptr_t = std::nullptr_t]\xe2\x80\x99\n'}
[3.179571] (screw_robot_control) StderrLine: {'line': b'  501 |       operator=(nullptr_t) noexcept\n'}
[3.179609] (screw_robot_control) StderrLine: {'line': b'      |       ^~~~~~~~\n'}
[3.179639] (screw_robot_control) StderrLine: {'line': b'/usr/include/c++/13/bits/std_function.h:501:17: note:   no known conversion for argument 1 from \xe2\x80\x98std::_Bind_helper<false, void (right_arm::RobotAdmittanceControl::*)(const std::shared_ptr<rclcpp_action::ClientGoalHandle<robot_msgs::action::Screw> >&, const std::shared_ptr<robot_msgs::action::Screw_Feedback_<std::allocator<void> > >&), right_arm::RobotAdmittanceControl*, const std::_Placeholder<1>&, const std::_Placeholder<2>&>::type\xe2\x80\x99 to \xe2\x80\x98std::nullptr_t\xe2\x80\x99\n'}
[3.179680] (screw_robot_control) StderrLine: {'line': b'  501 |       operator=(nullptr_t) noexcept\n'}
[3.179723] (screw_robot_control) StderrLine: {'line': b'      |                 ^~~~~~~~~\n'}
[3.179900] (screw_robot_control) StderrLine: {'line': b'/home/yanji/robot_screwing/src/screw_robot_control/src/right_arm_control.cpp:544:111: error: no match for \xe2\x80\x98operator=\xe2\x80\x99 (operand types are \xe2\x80\x98rclcpp_action::Client<robot_msgs::action::Screw>::ResultCallback\xe2\x80\x99 {aka \xe2\x80\x98std::function<void(const rclcpp_action::ClientGoalHandle<robot_msgs::action::Screw>::WrappedResult&)>\xe2\x80\x99} and \xe2\x80\x98std::_Bind_helper<false, void (right_arm::RobotAdmittanceControl::*)(const std::shared_ptr<rclcpp_action::ClientGoalHandle<robot_msgs::action::Screw> >&, const std::shared_ptr<robot_msgs::action::Screw_Result_<std::allocator<void> > >&), right_arm::RobotAdmittanceControl*, const std::_Placeholder<1>&, const std::_Placeholder<2>&>::type\xe2\x80\x99)\n'}
[3.180062] (screw_robot_control) StderrLine: {'line': b'  544 |                 std::bind(&RobotAdmittanceControl::done_cb, this, std::placeholders::_1, std::placeholders::_2);\n'}
[3.180109] (screw_robot_control) StderrLine: {'line': b'      |                                                                                                               ^\n'}
[3.180222] (screw_robot_control) StderrLine: {'line': b'/usr/include/c++/13/bits/std_function.h:531:9: note: candidate: \xe2\x80\x98template<class _Functor> std::function<_Res(_ArgTypes ...)>::_Requires<std::function<_Res(_ArgTypes ...)>::_Callable<_Functor>, std::function<_Res(_ArgTypes ...)>&> std::function<_Res(_ArgTypes ...)>::operator=(_Functor&&) [with _Res = void; _ArgTypes = {const rclcpp_action::ClientGoalHandle<robot_msgs::action::Screw>::WrappedResult&}]\xe2\x80\x99\n'}
[3.180328] (screw_robot_control) StderrLine: {'line': b'  531 |         operator=(_Functor&& __f)\n'}
[3.180353] (screw_robot_control) StderrLine: {'line': b'      |         ^~~~~~~~\n'}
[3.180375] (screw_robot_control) StderrLine: {'line': b'/usr/include/c++/13/bits/std_function.h:531:9: note:   template argument deduction/substitution failed:\n'}
[3.180405] (screw_robot_control) StderrLine: {'line': b'/usr/include/c++/13/type_traits: In substitution of \xe2\x80\x98template<bool _Cond, class _Tp> using std::__enable_if_t = typename std::enable_if::type [with bool _Cond = false; _Tp = std::function<void(const rclcpp_action::ClientGoalHandle<robot_msgs::action::Screw>::WrappedResult&)>&]\xe2\x80\x99:\n'}
[3.180429] (screw_robot_control) StderrLine: {'line': b'/usr/include/c++/13/bits/std_function.h:353:8:   required by substitution of \xe2\x80\x98template<class _Res, class ... _ArgTypes> template<class _Cond, class _Tp> using std::function<_Res(_ArgTypes ...)>::_Requires = std::__enable_if_t<_Cond::value, _Tp> [with _Cond = std::function<void(const rclcpp_action::ClientGoalHandle<robot_msgs::action::Screw>::WrappedResult&)>::_Callable<std::_Bind<void (right_arm::RobotAdmittanceControl::*(right_arm::RobotAdmittanceControl*, std::_Placeholder<1>, std::_Placeholder<2>))(const std::shared_ptr<rclcpp_action::ClientGoalHandle<robot_msgs::action::Screw> >&, const std::shared_ptr<robot_msgs::action::Screw_Result_<std::allocator<void> > >&)>, std::_Bind<void (right_arm::RobotAdmittanceControl::*(right_arm::RobotAdmittanceControl*, std::_Placeholder<1>, std::_Placeholder<2>))(const std::shared_ptr<rclcpp_action::ClientGoalHandle<robot_msgs::action::Screw> >&, const std::shared_ptr<robot_msgs::action::Screw_Result_<std::allocator<void> > >&)>, std::__invoke_result<std::_Bind<void (right_arm::RobotAdmittanceControl::*(right_arm::RobotAdmittanceControl*, std::_Placeholder<1>, std::_Placeholder<2>))(const std::shared_ptr<rclcpp_action::ClientGoalHandle<robot_msgs::action::Screw> >&, const std::shared_ptr<robot_msgs::action::Screw_Result_<std::allocator<void> > >&)>&, const rclcpp_action::ClientGoalHandle<robot_msgs::action::Screw>::WrappedResult&> >; _Tp = std::function<void(const rclcpp_action::ClientGoalHandle<robot_msgs::action::Screw>::WrappedResult&)>&; _Res = void; _ArgTypes = {const rclcpp_action::ClientGoalHandle<robot_msgs::action::Screw>::WrappedResult&}]\xe2\x80\x99\n'}
[3.180460] (screw_robot_control) StderrLine: {'line': b'/usr/include/c++/13/bits/std_function.h:531:2:   required by substitution of \xe2\x80\x98template<class _Functor> std::function<void(const rclcpp_action::ClientGoalHandle<robot_msgs::action::Screw>::WrappedResult&)>::_Requires<std::function<void(const rclcpp_action::ClientGoalHandle<robot_msgs::action::Screw>::WrappedResult&)>::_Callable<_Functor, typename std::enable_if<(! std::is_same<typename std::remove_cv<typename std::remove_reference<_Tp>::type>::type, std::function<void(const rclcpp_action::ClientGoalHandle<robot_msgs::action::Screw>::WrappedResult&)> >::value), std::decay<_Ex> >::type::type, std::__invoke_result<typename std::enable_if<(! std::is_same<typename std::remove_cv<typename std::remove_reference<_Tp>::type>::type, std::function<void(const rclcpp_action::ClientGoalHandle<robot_msgs::action::Screw>::WrappedResult&)> >::value), std::decay<_Ex> >::type::type&, const rclcpp_action::ClientGoalHandle<robot_msgs::action::Screw>::WrappedResult&> >, std::function<void(const rclcpp_action::ClientGoalHandle<robot_msgs::action::Screw>::WrappedResult&)>&> std::function<void(const rclcpp_action::ClientGoalHandle<robot_msgs::action::Screw>::WrappedResult&)>::operator=(_Functor&&) [with _Functor = std::_Bind<void (right_arm::RobotAdmittanceControl::*(right_arm::RobotAdmittanceControl*, std::_Placeholder<1>, std::_Placeholder<2>))(const std::shared_ptr<rclcpp_action::ClientGoalHandle<robot_msgs::action::Screw> >&, const std::shared_ptr<robot_msgs::action::Screw_Result_<std::allocator<void> > >&)>]\xe2\x80\x99\n'}
[3.180506] (screw_robot_control) StderrLine: {'line': b'/home/yanji/robot_screwing/src/screw_robot_control/src/right_arm_control.cpp:544:111:   required from here\n'}
[3.180546] (screw_robot_control) StderrLine: {'line': b'/usr/include/c++/13/type_traits:116:11: error: no type named \xe2\x80\x98type\xe2\x80\x99 in \xe2\x80\x98struct std::enable_if<false, std::function<void(const rclcpp_action::ClientGoalHandle<robot_msgs::action::Screw>::WrappedResult&)>&>\xe2\x80\x99\n'}
[3.180594] (screw_robot_control) StderrLine: {'line': b'  116 |     using __enable_if_t = typename enable_if<_Cond, _Tp>::type;\n'}
[3.180700] (screw_robot_control) StderrLine: {'line': b'      |           ^~~~~~~~~~~~~\n'}
[3.180841] (screw_robot_control) StderrLine: {'line': b'/usr/include/c++/13/bits/std_function.h:541:9: note: candidate: \xe2\x80\x98template<class _Functor> std::function<_Res(_ArgTypes ...)>& std::function<_Res(_ArgTypes ...)>::operator=(std::reference_wrapper<_Functor>) [with _Res = void; _ArgTypes = {const rclcpp_action::ClientGoalHandle<robot_msgs::action::Screw>::WrappedResult&}]\xe2\x80\x99\n'}
[3.180890] (screw_robot_control) StderrLine: {'line': b'  541 |         operator=(reference_wrapper<_Functor> __f) noexcept\n'}
[3.181045] (screw_robot_control) StderrLine: {'line': b'      |         ^~~~~~~~\n'}
[3.181094] (screw_robot_control) StderrLine: {'line': b'/usr/include/c++/13/bits/std_function.h:541:9: note:   template argument deduction/substitution failed:\n'}
[3.181296] (screw_robot_control) StderrLine: {'line': b'/home/yanji/robot_screwing/src/screw_robot_control/src/right_arm_control.cpp:544:111: note:   \xe2\x80\x98std::_Bind<void (right_arm::RobotAdmittanceControl::*(right_arm::RobotAdmittanceControl*, std::_Placeholder<1>, std::_Placeholder<2>))(const std::shared_ptr<rclcpp_action::ClientGoalHandle<robot_msgs::action::Screw> >&, const std::shared_ptr<robot_msgs::action::Screw_Result_<std::allocator<void> > >&)>\xe2\x80\x99 is not derived from \xe2\x80\x98std::reference_wrapper<_Tp>\xe2\x80\x99\n'}
[3.181408] (screw_robot_control) StderrLine: {'line': b'  544 |                 std::bind(&RobotAdmittanceControl::done_cb, this, std::placeholders::_1, std::placeholders::_2);\n'}
[3.181449] (screw_robot_control) StderrLine: {'line': b'      |                                                                                                               ^\n'}
[3.181635] (screw_robot_control) StderrLine: {'line': b'/usr/include/c++/13/bits/std_function.h:469:7: note: candidate: \xe2\x80\x98std::function<_Res(_ArgTypes ...)>& std::function<_Res(_ArgTypes ...)>::operator=(const std::function<_Res(_ArgTypes ...)>&) [with _Res = void; _ArgTypes = {const rclcpp_action::ClientGoalHandle<robot_msgs::action::Screw>::WrappedResult&}]\xe2\x80\x99\n'}
[3.181682] (screw_robot_control) StderrLine: {'line': b'  469 |       operator=(const function& __x)\n'}
[3.181723] (screw_robot_control) StderrLine: {'line': b'      |       ^~~~~~~~\n'}
[3.181903] (screw_robot_control) StderrLine: {'line': b'/usr/include/c++/13/bits/std_function.h:469:33: note:   no known conversion for argument 1 from \xe2\x80\x98std::_Bind_helper<false, void (right_arm::RobotAdmittanceControl::*)(const std::shared_ptr<rclcpp_action::ClientGoalHandle<robot_msgs::action::Screw> >&, const std::shared_ptr<robot_msgs::action::Screw_Result_<std::allocator<void> > >&), right_arm::RobotAdmittanceControl*, const std::_Placeholder<1>&, const std::_Placeholder<2>&>::type\xe2\x80\x99 to \xe2\x80\x98const std::function<void(const rclcpp_action::ClientGoalHandle<robot_msgs::action::Screw>::WrappedResult&)>&\xe2\x80\x99\n'}
[3.181952] (screw_robot_control) StderrLine: {'line': b'  469 |       operator=(const function& __x)\n'}
[3.182203] (screw_robot_control) StderrLine: {'line': b'      |                 ~~~~~~~~~~~~~~~~^~~\n'}
[3.182429] (screw_robot_control) StderrLine: {'line': b'/usr/include/c++/13/bits/std_function.h:487:7: note: candidate: \xe2\x80\x98std::function<_Res(_ArgTypes ...)>& std::function<_Res(_ArgTypes ...)>::operator=(std::function<_Res(_ArgTypes ...)>&&) [with _Res = void; _ArgTypes = {const rclcpp_action::ClientGoalHandle<robot_msgs::action::Screw>::WrappedResult&}]\xe2\x80\x99\n'}
[3.182604] (screw_robot_control) StderrLine: {'line': b'  487 |       operator=(function&& __x) noexcept\n'}
[3.182648] (screw_robot_control) StderrLine: {'line': b'      |       ^~~~~~~~\n'}
[3.182743] (screw_robot_control) StderrLine: {'line': b'/usr/include/c++/13/bits/std_function.h:487:28: note:   no known conversion for argument 1 from \xe2\x80\x98std::_Bind_helper<false, void (right_arm::RobotAdmittanceControl::*)(const std::shared_ptr<rclcpp_action::ClientGoalHandle<robot_msgs::action::Screw> >&, const std::shared_ptr<robot_msgs::action::Screw_Result_<std::allocator<void> > >&), right_arm::RobotAdmittanceControl*, const std::_Placeholder<1>&, const std::_Placeholder<2>&>::type\xe2\x80\x99 to \xe2\x80\x98std::function<void(const rclcpp_action::ClientGoalHandle<robot_msgs::action::Screw>::WrappedResult&)>&&\xe2\x80\x99\n'}
[3.182911] (screw_robot_control) StderrLine: {'line': b'  487 |       operator=(function&& __x) noexcept\n'}
[3.183001] (screw_robot_control) StderrLine: {'line': b'      |                 ~~~~~~~~~~~^~~\n'}
[3.183139] (screw_robot_control) StderrLine: {'line': b'/usr/include/c++/13/bits/std_function.h:501:7: note: candidate: \xe2\x80\x98std::function<_Res(_ArgTypes ...)>& std::function<_Res(_ArgTypes ...)>::operator=(std::nullptr_t) [with _Res = void; _ArgTypes = {const rclcpp_action::ClientGoalHandle<robot_msgs::action::Screw>::WrappedResult&}; std::nullptr_t = std::nullptr_t]\xe2\x80\x99\n'}
[3.183235] (screw_robot_control) StderrLine: {'line': b'  501 |       operator=(nullptr_t) noexcept\n'}
[3.183361] (screw_robot_control) StderrLine: {'line': b'      |       ^~~~~~~~\n'}
[3.183431] (screw_robot_control) StderrLine: {'line': b'/usr/include/c++/13/bits/std_function.h:501:17: note:   no known conversion for argument 1 from \xe2\x80\x98std::_Bind_helper<false, void (right_arm::RobotAdmittanceControl::*)(const std::shared_ptr<rclcpp_action::ClientGoalHandle<robot_msgs::action::Screw> >&, const std::shared_ptr<robot_msgs::action::Screw_Result_<std::allocator<void> > >&), right_arm::RobotAdmittanceControl*, const std::_Placeholder<1>&, const std::_Placeholder<2>&>::type\xe2\x80\x99 to \xe2\x80\x98std::nullptr_t\xe2\x80\x99\n'}
[3.183577] (screw_robot_control) StderrLine: {'line': b'  501 |       operator=(nullptr_t) noexcept\n'}
[3.183650] (screw_robot_control) StderrLine: {'line': b'      |                 ^~~~~~~~~\n'}
[3.183712] (screw_robot_control) StderrLine: {'line': b'/home/yanji/robot_screwing/src/screw_robot_control/src/right_arm_control.cpp:610:19: error: \xe2\x80\x98spin_once\xe2\x80\x99 is not a member of \xe2\x80\x98rclcpp\xe2\x80\x99; did you mean \xe2\x80\x98spin_some\xe2\x80\x99?\n'}
[3.183804] (screw_robot_control) StderrLine: {'line': b'  610 |           rclcpp::spin_once(this->shared_from_this());\n'}
[3.183829] (screw_robot_control) StderrLine: {'line': b'      |                   ^~~~~~~~~\n'}
[3.183853] (screw_robot_control) StderrLine: {'line': b'      |                   spin_some\n'}
[3.183875] (screw_robot_control) StderrLine: {'line': b'/home/yanji/robot_screwing/src/screw_robot_control/src/right_arm_control.cpp: In member function \xe2\x80\x98void right_arm::RobotAdmittanceControl::grasp_obj()\xe2\x80\x99:\n'}
[3.183898] (screw_robot_control) StderrLine: {'line': b'/home/yanji/robot_screwing/src/screw_robot_control/src/right_arm_control.cpp:616:3: error: \xe2\x80\x98real_robot_control\xe2\x80\x99 has not been declared\n'}
[3.183922] (screw_robot_control) StderrLine: {'line': b'  616 |   real_robot_control::screwGoal goal;\n'}
[3.183946] (screw_robot_control) StderrLine: {'line': b'      |   ^~~~~~~~~~~~~~~~~~\n'}
[3.183970] (screw_robot_control) StderrLine: {'line': b'/home/yanji/robot_screwing/src/screw_robot_control/src/right_arm_control.cpp:617:3: error: \xe2\x80\x98goal_msg\xe2\x80\x99 was not declared in this scope\n'}
[3.183994] (screw_robot_control) StderrLine: {'line': b'  617 |   goal_msg.num = 5;\n'}
[3.184017] (screw_robot_control) StderrLine: {'line': b'      |   ^~~~~~~~\n'}
[3.184039] (screw_robot_control) StderrLine: {'line': b'/home/yanji/robot_screwing/src/screw_robot_control/src/right_arm_control.cpp:622:105: error: no match for \xe2\x80\x98operator=\xe2\x80\x99 (operand types are \xe2\x80\x98rclcpp_action::Client<robot_msgs::action::Screw>::FeedbackCallback\xe2\x80\x99 {aka \xe2\x80\x98std::function<void(std::shared_ptr<rclcpp_action::ClientGoalHandle<robot_msgs::action::Screw> >, std::shared_ptr<const robot_msgs::action::Screw_Feedback_<std::allocator<void> > >)>\xe2\x80\x99} and \xe2\x80\x98std::_Bind_helper<false, void (right_arm::RobotAdmittanceControl::*)(const std::shared_ptr<rclcpp_action::ClientGoalHandle<robot_msgs::action::Screw> >&, const std::shared_ptr<robot_msgs::action::Screw_Feedback_<std::allocator<void> > >&), right_arm::RobotAdmittanceControl*, const std::_Placeholder<1>&, const std::_Placeholder<2>&>::type\xe2\x80\x99)\n'}
[3.184065] (screw_robot_control) StderrLine: {'line': b'  622 |       std::bind(&RobotAdmittanceControl::feedback_cb, this, std::placeholders::_1, std::placeholders::_2);\n'}
[3.184088] (screw_robot_control) StderrLine: {'line': b'      |                                                                                                         ^\n'}
[3.184111] (screw_robot_control) StderrLine: {'line': b'/usr/include/c++/13/bits/std_function.h:531:9: note: candidate: \xe2\x80\x98template<class _Functor> std::function<_Res(_ArgTypes ...)>::_Requires<std::function<_Res(_ArgTypes ...)>::_Callable<_Functor>, std::function<_Res(_ArgTypes ...)>&> std::function<_Res(_ArgTypes ...)>::operator=(_Functor&&) [with _Res = void; _ArgTypes = {std::shared_ptr<rclcpp_action::ClientGoalHandle<robot_msgs::action::Screw> >, std::shared_ptr<const robot_msgs::action::Screw_Feedback_<std::allocator<void> > >}]\xe2\x80\x99\n'}
[3.184137] (screw_robot_control) StderrLine: {'line': b'  531 |         operator=(_Functor&& __f)\n'}
[3.184160] (screw_robot_control) StderrLine: {'line': b'      |         ^~~~~~~~\n'}
[3.184183] (screw_robot_control) StderrLine: {'line': b'/usr/include/c++/13/bits/std_function.h:531:9: note:   template argument deduction/substitution failed:\n'}
[3.184205] (screw_robot_control) StderrLine: {'line': b'/usr/include/c++/13/bits/std_function.h:541:9: note: candidate: \xe2\x80\x98template<class _Functor> std::function<_Res(_ArgTypes ...)>& std::function<_Res(_ArgTypes ...)>::operator=(std::reference_wrapper<_Functor>) [with _Res = void; _ArgTypes = {std::shared_ptr<rclcpp_action::ClientGoalHandle<robot_msgs::action::Screw> >, std::shared_ptr<const robot_msgs::action::Screw_Feedback_<std::allocator<void> > >}]\xe2\x80\x99\n'}
[3.184232] (screw_robot_control) StderrLine: {'line': b'  541 |         operator=(reference_wrapper<_Functor> __f) noexcept\n'}
[3.184254] (screw_robot_control) StderrLine: {'line': b'      |         ^~~~~~~~\n'}
[3.184281] (screw_robot_control) StderrLine: {'line': b'/usr/include/c++/13/bits/std_function.h:541:9: note:   template argument deduction/substitution failed:\n'}
[3.184304] (screw_robot_control) StderrLine: {'line': b'/home/yanji/robot_screwing/src/screw_robot_control/src/right_arm_control.cpp:622:105: note:   \xe2\x80\x98std::_Bind<void (right_arm::RobotAdmittanceControl::*(right_arm::RobotAdmittanceControl*, std::_Placeholder<1>, std::_Placeholder<2>))(const std::shared_ptr<rclcpp_action::ClientGoalHandle<robot_msgs::action::Screw> >&, const std::shared_ptr<robot_msgs::action::Screw_Feedback_<std::allocator<void> > >&)>\xe2\x80\x99 is not derived from \xe2\x80\x98std::reference_wrapper<_Tp>\xe2\x80\x99\n'}
[3.184329] (screw_robot_control) StderrLine: {'line': b'  622 |       std::bind(&RobotAdmittanceControl::feedback_cb, this, std::placeholders::_1, std::placeholders::_2);\n'}
[3.184352] (screw_robot_control) StderrLine: {'line': b'      |                                                                                                         ^\n'}
[3.184374] (screw_robot_control) StderrLine: {'line': b'/usr/include/c++/13/bits/std_function.h:469:7: note: candidate: \xe2\x80\x98std::function<_Res(_ArgTypes ...)>& std::function<_Res(_ArgTypes ...)>::operator=(const std::function<_Res(_ArgTypes ...)>&) [with _Res = void; _ArgTypes = {std::shared_ptr<rclcpp_action::ClientGoalHandle<robot_msgs::action::Screw> >, std::shared_ptr<const robot_msgs::action::Screw_Feedback_<std::allocator<void> > >}]\xe2\x80\x99\n'}
[3.184397] (screw_robot_control) StderrLine: {'line': b'  469 |       operator=(const function& __x)\n'}
[3.184419] (screw_robot_control) StderrLine: {'line': b'      |       ^~~~~~~~\n'}
[3.184441] (screw_robot_control) StderrLine: {'line': b'/usr/include/c++/13/bits/std_function.h:469:33: note:   no known conversion for argument 1 from \xe2\x80\x98std::_Bind_helper<false, void (right_arm::RobotAdmittanceControl::*)(const std::shared_ptr<rclcpp_action::ClientGoalHandle<robot_msgs::action::Screw> >&, const std::shared_ptr<robot_msgs::action::Screw_Feedback_<std::allocator<void> > >&), right_arm::RobotAdmittanceControl*, const std::_Placeholder<1>&, const std::_Placeholder<2>&>::type\xe2\x80\x99 to \xe2\x80\x98const std::function<void(std::shared_ptr<rclcpp_action::ClientGoalHandle<robot_msgs::action::Screw> >, std::shared_ptr<const robot_msgs::action::Screw_Feedback_<std::allocator<void> > >)>&\xe2\x80\x99\n'}
[3.184467] (screw_robot_control) StderrLine: {'line': b'  469 |       operator=(const function& __x)\n'}
[3.184489] (screw_robot_control) StderrLine: {'line': b'      |                 ~~~~~~~~~~~~~~~~^~~\n'}
[3.184510] (screw_robot_control) StderrLine: {'line': b'/usr/include/c++/13/bits/std_function.h:487:7: note: candidate: \xe2\x80\x98std::function<_Res(_ArgTypes ...)>& std::function<_Res(_ArgTypes ...)>::operator=(std::function<_Res(_ArgTypes ...)>&&) [with _Res = void; _ArgTypes = {std::shared_ptr<rclcpp_action::ClientGoalHandle<robot_msgs::action::Screw> >, std::shared_ptr<const robot_msgs::action::Screw_Feedback_<std::allocator<void> > >}]\xe2\x80\x99\n'}
[3.184535] (screw_robot_control) StderrLine: {'line': b'  487 |       operator=(function&& __x) noexcept\n'}
[3.184557] (screw_robot_control) StderrLine: {'line': b'      |       ^~~~~~~~\n'}
[3.184579] (screw_robot_control) StderrLine: {'line': b'/usr/include/c++/13/bits/std_function.h:487:28: note:   no known conversion for argument 1 from \xe2\x80\x98std::_Bind_helper<false, void (right_arm::RobotAdmittanceControl::*)(const std::shared_ptr<rclcpp_action::ClientGoalHandle<robot_msgs::action::Screw> >&, const std::shared_ptr<robot_msgs::action::Screw_Feedback_<std::allocator<void> > >&), right_arm::RobotAdmittanceControl*, const std::_Placeholder<1>&, const std::_Placeholder<2>&>::type\xe2\x80\x99 to \xe2\x80\x98std::function<void(std::shared_ptr<rclcpp_action::ClientGoalHandle<robot_msgs::action::Screw> >, std::shared_ptr<const robot_msgs::action::Screw_Feedback_<std::allocator<void> > >)>&&\xe2\x80\x99\n'}
[3.184604] (screw_robot_control) StderrLine: {'line': b'  487 |       operator=(function&& __x) noexcept\n'}
[3.184628] (screw_robot_control) StderrLine: {'line': b'      |                 ~~~~~~~~~~~^~~\n'}
[3.184650] (screw_robot_control) StderrLine: {'line': b'/usr/include/c++/13/bits/std_function.h:501:7: note: candidate: \xe2\x80\x98std::function<_Res(_ArgTypes ...)>& std::function<_Res(_ArgTypes ...)>::operator=(std::nullptr_t) [with _Res = void; _ArgTypes = {std::shared_ptr<rclcpp_action::ClientGoalHandle<robot_msgs::action::Screw> >, std::shared_ptr<const robot_msgs::action::Screw_Feedback_<std::allocator<void> > >}; std::nullptr_t = std::nullptr_t]\xe2\x80\x99\n'}
[3.184672] (screw_robot_control) StderrLine: {'line': b'  501 |       operator=(nullptr_t) noexcept\n'}
[3.184694] (screw_robot_control) StderrLine: {'line': b'      |       ^~~~~~~~\n'}
[3.184715] (screw_robot_control) StderrLine: {'line': b'/usr/include/c++/13/bits/std_function.h:501:17: note:   no known conversion for argument 1 from \xe2\x80\x98std::_Bind_helper<false, void (right_arm::RobotAdmittanceControl::*)(const std::shared_ptr<rclcpp_action::ClientGoalHandle<robot_msgs::action::Screw> >&, const std::shared_ptr<robot_msgs::action::Screw_Feedback_<std::allocator<void> > >&), right_arm::RobotAdmittanceControl*, const std::_Placeholder<1>&, const std::_Placeholder<2>&>::type\xe2\x80\x99 to \xe2\x80\x98std::nullptr_t\xe2\x80\x99\n'}
[3.184739] (screw_robot_control) StderrLine: {'line': b'  501 |       operator=(nullptr_t) noexcept\n'}
[3.184760] (screw_robot_control) StderrLine: {'line': b'      |                 ^~~~~~~~~\n'}
[3.184782] (screw_robot_control) StderrLine: {'line': b'/home/yanji/robot_screwing/src/screw_robot_control/src/right_arm_control.cpp:624:101: error: no match for \xe2\x80\x98operator=\xe2\x80\x99 (operand types are \xe2\x80\x98rclcpp_action::Client<robot_msgs::action::Screw>::ResultCallback\xe2\x80\x99 {aka \xe2\x80\x98std::function<void(const rclcpp_action::ClientGoalHandle<robot_msgs::action::Screw>::WrappedResult&)>\xe2\x80\x99} and \xe2\x80\x98std::_Bind_helper<false, void (right_arm::RobotAdmittanceControl::*)(const std::shared_ptr<rclcpp_action::ClientGoalHandle<robot_msgs::action::Screw> >&, const std::shared_ptr<robot_msgs::action::Screw_Result_<std::allocator<void> > >&), right_arm::RobotAdmittanceControl*, const std::_Placeholder<1>&, const std::_Placeholder<2>&>::type\xe2\x80\x99)\n'}
[3.184809] (screw_robot_control) StderrLine: {'line': b'  624 |       std::bind(&RobotAdmittanceControl::done_cb, this, std::placeholders::_1, std::placeholders::_2);\n'}
[3.184831] (screw_robot_control) StderrLine: {'line': b'      |                                                                                                     ^\n'}
[3.184853] (screw_robot_control) StderrLine: {'line': b'/usr/include/c++/13/bits/std_function.h:531:9: note: candidate: \xe2\x80\x98template<class _Functor> std::function<_Res(_ArgTypes ...)>::_Requires<std::function<_Res(_ArgTypes ...)>::_Callable<_Functor>, std::function<_Res(_ArgTypes ...)>&> std::function<_Res(_ArgTypes ...)>::operator=(_Functor&&) [with _Res = void; _ArgTypes = {const rclcpp_action::ClientGoalHandle<robot_msgs::action::Screw>::WrappedResult&}]\xe2\x80\x99\n'}
[3.184891] (screw_robot_control) StderrLine: {'line': b'  531 |         operator=(_Functor&& __f)\n'}
[3.184946] (screw_robot_control) StderrLine: {'line': b'      |         ^~~~~~~~\n'}
[3.184974] (screw_robot_control) StderrLine: {'line': b'/usr/include/c++/13/bits/std_function.h:531:9: note:   template argument deduction/substitution failed:\n'}
[3.184998] (screw_robot_control) StderrLine: {'line': b'/usr/include/c++/13/bits/std_function.h:541:9: note: candidate: \xe2\x80\x98template<class _Functor> std::function<_Res(_ArgTypes ...)>& std::function<_Res(_ArgTypes ...)>::operator=(std::reference_wrapper<_Functor>) [with _Res = void; _ArgTypes = {const rclcpp_action::ClientGoalHandle<robot_msgs::action::Screw>::WrappedResult&}]\xe2\x80\x99\n'}
[3.185021] (screw_robot_control) StderrLine: {'line': b'  541 |         operator=(reference_wrapper<_Functor> __f) noexcept\n'}
[3.185045] (screw_robot_control) StderrLine: {'line': b'      |         ^~~~~~~~\n'}
[3.185067] (screw_robot_control) StderrLine: {'line': b'/usr/include/c++/13/bits/std_function.h:541:9: note:   template argument deduction/substitution failed:\n'}
[3.185088] (screw_robot_control) StderrLine: {'line': b'/home/yanji/robot_screwing/src/screw_robot_control/src/right_arm_control.cpp:624:101: note:   \xe2\x80\x98std::_Bind<void (right_arm::RobotAdmittanceControl::*(right_arm::RobotAdmittanceControl*, std::_Placeholder<1>, std::_Placeholder<2>))(const std::shared_ptr<rclcpp_action::ClientGoalHandle<robot_msgs::action::Screw> >&, const std::shared_ptr<robot_msgs::action::Screw_Result_<std::allocator<void> > >&)>\xe2\x80\x99 is not derived from \xe2\x80\x98std::reference_wrapper<_Tp>\xe2\x80\x99\n'}
[3.185114] (screw_robot_control) StderrLine: {'line': b'  624 |       std::bind(&RobotAdmittanceControl::done_cb, this, std::placeholders::_1, std::placeholders::_2);\n'}
[3.185137] (screw_robot_control) StderrLine: {'line': b'      |                                                                                                     ^\n'}
[3.185158] (screw_robot_control) StderrLine: {'line': b'/usr/include/c++/13/bits/std_function.h:469:7: note: candidate: \xe2\x80\x98std::function<_Res(_ArgTypes ...)>& std::function<_Res(_ArgTypes ...)>::operator=(const std::function<_Res(_ArgTypes ...)>&) [with _Res = void; _ArgTypes = {const rclcpp_action::ClientGoalHandle<robot_msgs::action::Screw>::WrappedResult&}]\xe2\x80\x99\n'}
[3.185184] (screw_robot_control) StderrLine: {'line': b'  469 |       operator=(const function& __x)\n'}
[3.185206] (screw_robot_control) StderrLine: {'line': b'      |       ^~~~~~~~\n'}
[3.185229] (screw_robot_control) StderrLine: {'line': b'/usr/include/c++/13/bits/std_function.h:469:33: note:   no known conversion for argument 1 from \xe2\x80\x98std::_Bind_helper<false, void (right_arm::RobotAdmittanceControl::*)(const std::shared_ptr<rclcpp_action::ClientGoalHandle<robot_msgs::action::Screw> >&, const std::shared_ptr<robot_msgs::action::Screw_Result_<std::allocator<void> > >&), right_arm::RobotAdmittanceControl*, const std::_Placeholder<1>&, const std::_Placeholder<2>&>::type\xe2\x80\x99 to \xe2\x80\x98const std::function<void(const rclcpp_action::ClientGoalHandle<robot_msgs::action::Screw>::WrappedResult&)>&\xe2\x80\x99\n'}
[3.185252] (screw_robot_control) StderrLine: {'line': b'  469 |       operator=(const function& __x)\n'}
[3.185281] (screw_robot_control) StderrLine: {'line': b'      |                 ~~~~~~~~~~~~~~~~^~~\n'}
[3.185305] (screw_robot_control) StderrLine: {'line': b'/usr/include/c++/13/bits/std_function.h:487:7: note: candidate: \xe2\x80\x98std::function<_Res(_ArgTypes ...)>& std::function<_Res(_ArgTypes ...)>::operator=(std::function<_Res(_ArgTypes ...)>&&) [with _Res = void; _ArgTypes = {const rclcpp_action::ClientGoalHandle<robot_msgs::action::Screw>::WrappedResult&}]\xe2\x80\x99\n'}
[3.185328] (screw_robot_control) StderrLine: {'line': b'  487 |       operator=(function&& __x) noexcept\n'}
[3.185350] (screw_robot_control) StderrLine: {'line': b'      |       ^~~~~~~~\n'}
[3.185373] (screw_robot_control) StderrLine: {'line': b'/usr/include/c++/13/bits/std_function.h:487:28: note:   no known conversion for argument 1 from \xe2\x80\x98std::_Bind_helper<false, void (right_arm::RobotAdmittanceControl::*)(const std::shared_ptr<rclcpp_action::ClientGoalHandle<robot_msgs::action::Screw> >&, const std::shared_ptr<robot_msgs::action::Screw_Result_<std::allocator<void> > >&), right_arm::RobotAdmittanceControl*, const std::_Placeholder<1>&, const std::_Placeholder<2>&>::type\xe2\x80\x99 to \xe2\x80\x98std::function<void(const rclcpp_action::ClientGoalHandle<robot_msgs::action::Screw>::WrappedResult&)>&&\xe2\x80\x99\n'}
[3.185400] (screw_robot_control) StderrLine: {'line': b'  487 |       operator=(function&& __x) noexcept\n'}
[3.185423] (screw_robot_control) StderrLine: {'line': b'      |                 ~~~~~~~~~~~^~~\n'}
[3.185444] (screw_robot_control) StderrLine: {'line': b'/usr/include/c++/13/bits/std_function.h:501:7: note: candidate: \xe2\x80\x98std::function<_Res(_ArgTypes ...)>& std::function<_Res(_ArgTypes ...)>::operator=(std::nullptr_t) [with _Res = void; _ArgTypes = {const rclcpp_action::ClientGoalHandle<robot_msgs::action::Screw>::WrappedResult&}; std::nullptr_t = std::nullptr_t]\xe2\x80\x99\n'}
[3.185467] (screw_robot_control) StderrLine: {'line': b'  501 |       operator=(nullptr_t) noexcept\n'}
[3.185488] (screw_robot_control) StderrLine: {'line': b'      |       ^~~~~~~~\n'}
[3.185510] (screw_robot_control) StderrLine: {'line': b'/usr/include/c++/13/bits/std_function.h:501:17: note:   no known conversion for argument 1 from \xe2\x80\x98std::_Bind_helper<false, void (right_arm::RobotAdmittanceControl::*)(const std::shared_ptr<rclcpp_action::ClientGoalHandle<robot_msgs::action::Screw> >&, const std::shared_ptr<robot_msgs::action::Screw_Result_<std::allocator<void> > >&), right_arm::RobotAdmittanceControl*, const std::_Placeholder<1>&, const std::_Placeholder<2>&>::type\xe2\x80\x99 to \xe2\x80\x98std::nullptr_t\xe2\x80\x99\n'}
[3.185533] (screw_robot_control) StderrLine: {'line': b'  501 |       operator=(nullptr_t) noexcept\n'}
[3.185555] (screw_robot_control) StderrLine: {'line': b'      |                 ^~~~~~~~~\n'}
[3.185577] (screw_robot_control) StderrLine: {'line': b'/home/yanji/robot_screwing/src/screw_robot_control/src/right_arm_control.cpp:630:13: error: \xe2\x80\x98spin_once\xe2\x80\x99 is not a member of \xe2\x80\x98rclcpp\xe2\x80\x99; did you mean \xe2\x80\x98spin_some\xe2\x80\x99?\n'}
[3.185600] (screw_robot_control) StderrLine: {'line': b'  630 |     rclcpp::spin_once(this->shared_from_this()); // \xe5\xa4\x84\xe7\x90\x86\xe5\x9b\x9e\xe8\xb0\x83\n'}
[3.185622] (screw_robot_control) StderrLine: {'line': b'      |             ^~~~~~~~~\n'}
[3.185645] (screw_robot_control) StderrLine: {'line': b'      |             spin_some\n'}
[3.185668] (screw_robot_control) StderrLine: {'line': b'/home/yanji/robot_screwing/src/screw_robot_control/src/right_arm_control.cpp:634:42: error: qualified-id in declaration before \xe2\x80\x98(\xe2\x80\x99 token\n'}
[3.185690] (screw_robot_control) StderrLine: {'line': b'  634 | void RobotAdmittanceControl::robot_finish(){\n'}
[3.185712] (screw_robot_control) StderrLine: {'line': b'      |                                          ^\n'}
[3.185733] (screw_robot_control) StderrLine: {'line': b'/home/yanji/robot_screwing/src/screw_robot_control/src/right_arm_control.cpp:667:40: error: qualified-id in declaration before \xe2\x80\x98(\xe2\x80\x99 token\n'}
[3.185756] (screw_robot_control) StderrLine: {'line': b'  667 | void RobotAdmittanceControl::go_to_pose(char choice_tcp){\n'}
[3.185778] (screw_robot_control) StderrLine: {'line': b'      |                                        ^\n'}
[3.185800] (screw_robot_control) StderrLine: {'line': b'/home/yanji/robot_screwing/src/screw_robot_control/src/right_arm_control.cpp:760:35: error: qualified-id in declaration before \xe2\x80\x98(\xe2\x80\x99 token\n'}
[3.185822] (screw_robot_control) StderrLine: {'line': b'  760 | void RobotAdmittanceControl::reset(){\n'}
[3.185843] (screw_robot_control) StderrLine: {'line': b'      |                                   ^\n'}
[3.185867] (screw_robot_control) StderrLine: {'line': b'/home/yanji/robot_screwing/src/screw_robot_control/src/right_arm_control.cpp:772:33: error: a function-definition is not allowed here before \xe2\x80\x98{\xe2\x80\x99 token\n'}
[3.185889] (screw_robot_control) StderrLine: {'line': b'  772 | int main(int argc, char **argv) {\n'}
[3.185913] (screw_robot_control) StderrLine: {'line': b'      |                                 ^\n'}
[3.185935] (screw_robot_control) StderrLine: {'line': b'/home/yanji/robot_screwing/src/screw_robot_control/src/right_arm_control.cpp: At global scope:\n'}
[3.185957] (screw_robot_control) StderrLine: {'line': b'/home/yanji/robot_screwing/src/screw_robot_control/src/right_arm_control.cpp:779:2: error: expected \xe2\x80\x98}\xe2\x80\x99 at end of input\n'}
[3.185979] (screw_robot_control) StderrLine: {'line': b'  779 | }\n'}
[3.186001] (screw_robot_control) StderrLine: {'line': b'      |  ^\n'}
[3.186023] (screw_robot_control) StderrLine: {'line': b'/home/yanji/robot_screwing/src/screw_robot_control/src/right_arm_control.cpp:11:21: note: to match this \xe2\x80\x98{\xe2\x80\x99\n'}
[3.186044] (screw_robot_control) StderrLine: {'line': b'   11 | namespace right_arm {\n'}
[3.186066] (screw_robot_control) StderrLine: {'line': b'      |                     ^\n'}
[3.186087] (screw_robot_control) StderrLine: {'line': b'make[2]: *** [CMakeFiles/right_arm_control.dir/build.make:63\xef\xbc\x9aCMakeFiles/right_arm_control.dir/src/right_arm_control.cpp.o] \xe9\x94\x99\xe8\xaf\xaf 1\n'}
[3.186109] (screw_robot_control) StderrLine: {'line': b'make[1]: *** [CMakeFiles/Makefile2:113\xef\xbc\x9aCMakeFiles/right_arm_control.dir/all] \xe9\x94\x99\xe8\xaf\xaf 2\n'}
[3.186131] (screw_robot_control) StderrLine: {'line': b'make: *** [Makefile:141\xef\xbc\x9aall] \xe9\x94\x99\xe8\xaf\xaf 2\n'}
[3.186154] (screw_robot_control) CommandEnded: {'returncode': 2}
[3.186310] (screw_robot_control) JobEnded: {'identifier': 'screw_robot_control', 'rc': 2}
[3.194048] (-) EventReactorShutdown: {}
